PLATFORM_NUMBER,CYCLE_NUMBER,time,latitude,longitude,PRES,TEMP,TEMP_ADJUSTED,TEMP_QC,PSAL,PSAL_ADJUSTED,PSAL_QC
,,UTC,degrees_north,degrees_east,decibar,degree_Celsius,degree_Celsius,,PSU,PSU,
1902671,34,2024-09-03T14:02:51Z,18.733333333333334,69.61666666666666,0.1,28.457,NaN,1,36.406,NaN,1
1902671,34,2024-09-03T14:02:51Z,18.733333333333334,69.61666666666666,0.8,28.458,NaN,1,36.409,NaN,1
1902671,34,2024-09-03T14:02:51Z,18.733333333333334,69.61666666666666,2.0,28.462,NaN,1,36.407,NaN,1
1902671,34,2024-09-03T14:02:51Z,18.733333333333334,69.61666666666666,3.1,28.461,NaN,1,36.407,NaN,1
1902671,34,2024-09-03T14:02:51Z,18.733333333333334,69.61666666666666,3.8,28.461,NaN,1,36.408,NaN,1
1902671,34,2024-09-03T14:02:51Z,18.733333333333334,69.61666666666666,4.9,28.463,NaN,1,36.408,NaN,1
1902671,34,2024-09-03T14:02:51Z,18.733333333333334,69.61666666666666,6.1,28.464,NaN,1,36.409,NaN,1
1902671,34,2024-09-03T14:02:51Z,18.733333333333334,69.61666666666666,6.9,28.465,NaN,1,36.405,NaN,1
1902671,34,2024-09-03T14:02:51Z,18.733333333333334,69.61666666666666,8.0,28.46,NaN,1,36.411,NaN,1
1902671,34,2024-09-03T14:02:51Z,18.733333333333334,69.61666666666666,9.2,28.453,NaN,1,36.407,NaN,1
1902671,34,2024-09-03T14:02:51Z,18.733333333333334,69.61666666666666,10.0,28.452,NaN,1,36.408,NaN,1
1902671,34,2024-09-03T14:02:51Z,18.733333333333334,69.61666666666666,15.3,28.432,NaN,1,36.41,NaN,1
1902671,34,2024-09-03T14:02:51Z,18.733333333333334,69.61666666666666,25.4,28.373,NaN,1,36.413,NaN,1
1902671,34,2024-09-03T14:02:51Z,18.733333333333334,69.61666666666666,35.6,28.324,NaN,1,36.411,NaN,1
1902671,34,2024-09-03T14:02:51Z,18.733333333333334,69.61666666666666,45.5,27.382,NaN,1,36.401,NaN,1
1902671,34,2024-09-03T14:02:51Z,18.733333333333334,69.61666666666666,55.5,25.023,NaN,1,36.401,NaN,1
1902671,34,2024-09-03T14:02:51Z,18.733333333333334,69.61666666666666,65.4,24.49,NaN,1,36.427,NaN,1
1902671,34,2024-09-03T14:02:51Z,18.733333333333334,69.61666666666666,75.3,23.695,NaN,1,36.325,NaN,1
1902671,34,2024-09-03T14:02:51Z,18.733333333333334,69.61666666666666,85.2,22.815,NaN,1,36.217,NaN,1
1902671,34,2024-09-03T14:02:51Z,18.733333333333334,69.61666666666666,95.5,22.034,NaN,1,36.146,NaN,1
1902671,34,2024-09-03T14:02:51Z,18.733333333333334,69.61666666666666,105.7,21.506,NaN,1,36.109,NaN,1
1902671,34,2024-09-03T14:02:51Z,18.733333333333334,69.61666666666666,115.6,21.026,NaN,1,36.086,NaN,1
1902671,34,2024-09-03T14:02:51Z,18.733333333333334,69.61666666666666,125.3,20.317,NaN,1,36.005,NaN,1
1902671,34,2024-09-03T14:02:51Z,18.733333333333334,69.61666666666666,135.1,19.311,NaN,1,35.907,NaN,1
1902671,34,2024-09-03T14:02:51Z,18.733333333333334,69.61666666666666,145.3,18.79,NaN,1,35.87,NaN,1
1902671,34,2024-09-03T14:02:51Z,18.733333333333334,69.61666666666666,155.7,18.503,NaN,1,35.865,NaN,1
1902671,34,2024-09-03T14:02:51Z,18.733333333333334,69.61666666666666,165.2,18.048,NaN,1,35.84,NaN,1
1902671,34,2024-09-03T14:02:51Z,18.733333333333334,69.61666666666666,174.9,17.404,NaN,1,35.821,NaN,1
1902671,34,2024-09-03T14:02:51Z,18.733333333333334,69.61666666666666,185.5,17.288,NaN,1,35.878,NaN,1
1902671,34,2024-09-03T14:02:51Z,18.733333333333334,69.61666666666666,195.5,17.508,NaN,1,36.031,NaN,1
1902671,34,2024-09-03T14:02:51Z,18.733333333333334,69.61666666666666,213.0,17.016,NaN,1,36.046,NaN,1
1902671,34,2024-09-03T14:02:51Z,18.733333333333334,69.61666666666666,238.6,15.835,NaN,1,35.909,NaN,1
1902671,34,2024-09-03T14:02:51Z,18.733333333333334,69.61666666666666,262.9,15.034,NaN,1,35.82,NaN,1
1902671,34,2024-09-03T14:02:51Z,18.733333333333334,69.61666666666666,287.6,14.9,NaN,1,35.876,NaN,1
1902671,34,2024-09-03T14:02:51Z,18.733333333333334,69.61666666666666,312.4,14.456,NaN,1,35.846,NaN,1
1902671,34,2024-09-03T14:02:51Z,18.733333333333334,69.61666666666666,337.8,13.941,NaN,1,35.772,NaN,1
1902671,34,2024-09-03T14:02:51Z,18.733333333333334,69.61666666666666,363.1,13.692,NaN,1,35.753,NaN,1
1902671,34,2024-09-03T14:02:51Z,18.733333333333334,69.61666666666666,388.2,13.457,NaN,1,35.732,NaN,1
1902671,34,2024-09-03T14:02:51Z,18.733333333333334,69.61666666666666,412.8,13.297,NaN,1,35.743,NaN,1
1902671,34,2024-09-03T14:02:51Z,18.733333333333334,69.61666666666666,437.5,12.978,NaN,1,35.71,NaN,1
1902671,34,2024-09-03T14:02:51Z,18.733333333333334,69.61666666666666,462.5,12.7,NaN,1,35.671,NaN,1
1902671,34,2024-09-03T14:02:51Z,18.733333333333334,69.61666666666666,487.8,12.567,NaN,1,35.665,NaN,1
1902671,34,2024-09-03T14:02:51Z,18.733333333333334,69.61666666666666,513.0,12.553,NaN,1,35.699,NaN,1
1902671,34,2024-09-03T14:02:51Z,18.733333333333334,69.61666666666666,537.5,12.269,NaN,1,35.668,NaN,1
1902671,34,2024-09-03T14:02:51Z,18.733333333333334,69.61666666666666,562.6,12.079,NaN,1,35.659,NaN,1
1902671,34,2024-09-03T14:02:51Z,18.733333333333334,69.61666666666666,587.6,11.949,NaN,1,35.664,NaN,1
1902671,34,2024-09-03T14:02:51Z,18.733333333333334,69.61666666666666,612.8,11.818,NaN,1,35.656,NaN,1
1902671,34,2024-09-03T14:02:51Z,18.733333333333334,69.61666666666666,638.0,11.569,NaN,1,35.629,NaN,1
1902671,34,2024-09-03T14:02:51Z,18.733333333333334,69.61666666666666,662.8,11.395,NaN,1,35.615,NaN,1
1902671,34,2024-09-03T14:02:51Z,18.733333333333334,69.61666666666666,687.6,11.209,NaN,1,35.605,NaN,1
1902671,34,2024-09-03T14:02:51Z,18.733333333333334,69.61666666666666,712.5,10.995,NaN,1,35.589,NaN,1
1902671,34,2024-09-03T14:02:51Z,18.733333333333334,69.61666666666666,737.6,10.765,NaN,1,35.57,NaN,1
1902671,34,2024-09-03T14:02:51Z,18.733333333333334,69.61666666666666,762.7,10.52,NaN,1,35.544,NaN,1
1902671,34,2024-09-03T14:02:51Z,18.733333333333334,69.61666666666666,787.8,10.375,NaN,1,35.529,NaN,1
1902671,34,2024-09-03T14:02:51Z,18.733333333333334,69.61666666666666,812.9,10.232,NaN,1,35.519,NaN,1
1902671,34,2024-09-03T14:02:51Z,18.733333333333334,69.61666666666666,838.1,10.095,NaN,1,35.509,NaN,1
1902671,34,2024-09-03T14:02:51Z,18.733333333333334,69.61666666666666,862.9,9.916,NaN,1,35.492,NaN,1
1902671,34,2024-09-03T14:02:51Z,18.733333333333334,69.61666666666666,887.8,9.689,NaN,1,35.472,NaN,1
1902671,34,2024-09-03T14:02:51Z,18.733333333333334,69.61666666666666,913.0,9.451,NaN,1,35.449,NaN,1
1902671,34,2024-09-03T14:02:51Z,18.733333333333334,69.61666666666666,938.1,9.202,NaN,1,35.422,NaN,1
1902671,34,2024-09-03T14:02:51Z,18.733333333333334,69.61666666666666,963.8,8.968,NaN,1,35.393,NaN,1
1902671,34,2024-09-03T14:02:51Z,18.733333333333334,69.61666666666666,987.8,8.797,NaN,1,35.374,NaN,1
1902671,34,2024-09-03T14:02:51Z,18.733333333333334,69.61666666666666,1012.9,8.61,NaN,1,35.354,NaN,1
1902671,34,2024-09-03T14:02:51Z,18.733333333333334,69.61666666666666,1038.0,8.435,NaN,1,35.334,NaN,1
1902671,34,2024-09-03T14:02:51Z,18.733333333333334,69.61666666666666,1062.9,8.215,NaN,1,35.309,NaN,1
1902671,34,2024-09-03T14:02:51Z,18.733333333333334,69.61666666666666,1088.0,8.062,NaN,1,35.298,NaN,1
1902671,34,2024-09-03T14:02:51Z,18.733333333333334,69.61666666666666,1112.9,7.91,NaN,1,35.282,NaN,1
1902671,34,2024-09-03T14:02:51Z,18.733333333333334,69.61666666666666,1138.0,7.783,NaN,1,35.269,NaN,1
1902671,34,2024-09-03T14:02:51Z,18.733333333333334,69.61666666666666,1162.6,7.674,NaN,1,35.259,NaN,1
1902671,34,2024-09-03T14:02:51Z,18.733333333333334,69.61666666666666,1187.9,7.575,NaN,1,35.253,NaN,1
1902671,34,2024-09-03T14:02:51Z,18.733333333333334,69.61666666666666,1213.5,7.411,NaN,1,35.238,NaN,1
1902671,34,2024-09-03T14:02:51Z,18.733333333333334,69.61666666666666,1237.7,7.243,NaN,1,35.219,NaN,1
1902671,34,2024-09-03T14:02:51Z,18.733333333333334,69.61666666666666,1262.7,7.069,NaN,1,35.2,NaN,1
1902671,34,2024-09-03T14:02:51Z,18.733333333333334,69.61666666666666,1287.9,6.854,NaN,1,35.179,NaN,1
1902671,34,2024-09-03T14:02:51Z,18.733333333333334,69.61666666666666,1313.0,6.629,NaN,1,35.157,NaN,1
1902671,34,2024-09-03T14:02:51Z,18.733333333333334,69.61666666666666,1337.7,6.436,NaN,1,35.138,NaN,1
1902671,34,2024-09-03T14:02:51Z,18.733333333333334,69.61666666666666,1362.7,6.25,NaN,1,35.119,NaN,1
1902671,34,2024-09-03T14:02:51Z,18.733333333333334,69.61666666666666,1388.1,6.09,NaN,1,35.105,NaN,1
1902671,34,2024-09-03T14:02:51Z,18.733333333333334,69.61666666666666,1412.9,5.876,NaN,1,35.082,NaN,1
1902671,34,2024-09-03T14:02:51Z,18.733333333333334,69.61666666666666,1437.8,5.68,NaN,1,35.064,NaN,1
1902671,34,2024-09-03T14:02:51Z,18.733333333333334,69.61666666666666,1462.6,5.533,NaN,1,35.052,NaN,1
1902671,34,2024-09-03T14:02:51Z,18.733333333333334,69.61666666666666,1488.3,5.355,NaN,1,35.035,NaN,1
1902671,34,2024-09-03T14:02:51Z,18.733333333333334,69.61666666666666,1512.6,5.272,NaN,1,35.028,NaN,1
1902671,34,2024-09-03T14:02:51Z,18.733333333333334,69.61666666666666,1537.5,5.087,NaN,1,35.011,NaN,1
1902671,34,2024-09-03T14:02:51Z,18.733333333333334,69.61666666666666,1562.8,4.956,NaN,1,35.0,NaN,1
1902671,34,2024-09-03T14:02:51Z,18.733333333333334,69.61666666666666,1588.2,4.846,NaN,1,34.99,NaN,1
1902671,34,2024-09-03T14:02:51Z,18.733333333333334,69.61666666666666,1613.2,4.661,NaN,1,34.972,NaN,1
1902671,34,2024-09-03T14:02:51Z,18.733333333333334,69.61666666666666,1637.9,4.526,NaN,1,34.96,NaN,1
1902671,34,2024-09-03T14:02:51Z,18.733333333333334,69.61666666666666,1662.9,4.374,NaN,1,34.946,NaN,1
1902671,34,2024-09-03T14:02:51Z,18.733333333333334,69.61666666666666,1688.0,4.226,NaN,1,34.932,NaN,1
1902671,34,2024-09-03T14:02:51Z,18.733333333333334,69.61666666666666,1713.0,4.085,NaN,1,34.919,NaN,1
1902671,34,2024-09-03T14:02:51Z,18.733333333333334,69.61666666666666,1737.8,3.973,NaN,1,34.91,NaN,1
1902671,34,2024-09-03T14:02:51Z,18.733333333333334,69.61666666666666,1762.7,3.852,NaN,1,34.899,NaN,1
1902671,34,2024-09-03T14:02:51Z,18.733333333333334,69.61666666666666,1787.7,3.746,NaN,1,34.89,NaN,1
1902671,34,2024-09-03T14:02:51Z,18.733333333333334,69.61666666666666,1812.8,3.643,NaN,1,34.879,NaN,1
1902671,34,2024-09-03T14:02:51Z,18.733333333333334,69.61666666666666,1838.0,3.598,NaN,1,34.876,NaN,1
1902671,34,2024-09-03T14:02:51Z,18.733333333333334,69.61666666666666,1862.8,3.507,NaN,1,34.866,NaN,1
1902671,34,2024-09-03T14:02:51Z,18.733333333333334,69.61666666666666,1887.9,3.386,NaN,1,34.856,NaN,1
1902671,34,2024-09-03T14:02:51Z,18.733333333333334,69.61666666666666,1913.0,3.314,NaN,1,34.85,NaN,1
1902671,34,2024-09-03T14:02:51Z,18.733333333333334,69.61666666666666,1938.1,3.244,NaN,1,34.845,NaN,1
1902671,34,2024-09-03T14:02:51Z,18.733333333333334,69.61666666666666,1963.5,3.196,NaN,1,34.842,NaN,1
1902671,34,2024-09-03T14:02:51Z,18.733333333333334,69.61666666666666,1987.8,3.113,NaN,1,34.835,NaN,1
1902671,34,2024-09-03T14:02:51Z,18.733333333333334,69.61666666666666,2012.8,3.051,NaN,1,34.83,NaN,1
1902671,34,2024-09-03T14:02:51Z,18.733333333333334,69.61666666666666,2030.1,3.006,NaN,1,34.827,NaN,1
1902672,34,2024-09-04T05:14:58Z,18.233333333333334,70.38333333333334,0.2,28.604,NaN,1,36.295,NaN,1
1902672,34,2024-09-04T05:14:58Z,18.233333333333334,70.38333333333334,1.0,28.602,NaN,1,36.3,NaN,1
1902672,34,2024-09-04T05:14:58Z,18.233333333333334,70.38333333333334,1.8,28.601,NaN,1,36.3,NaN,1
1902672,34,2024-09-04T05:14:58Z,18.233333333333334,70.38333333333334,2.9,28.601,NaN,1,36.299,NaN,1
1902672,34,2024-09-04T05:14:58Z,18.233333333333334,70.38333333333334,4.2,28.599,NaN,1,36.301,NaN,1
1902672,34,2024-09-04T05:14:58Z,18.233333333333334,70.38333333333334,5.0,28.598,NaN,1,36.301,NaN,1
1902672,34,2024-09-04T05:14:58Z,18.233333333333334,70.38333333333334,5.8,28.598,NaN,1,36.301,NaN,1
1902672,34,2024-09-04T05:14:58Z,18.233333333333334,70.38333333333334,6.6,28.598,NaN,1,36.301,NaN,1
1902672,34,2024-09-04T05:14:58Z,18.233333333333334,70.38333333333334,7.9,28.598,NaN,1,36.301,NaN,1
1902672,34,2024-09-04T05:14:58Z,18.233333333333334,70.38333333333334,9.3,28.598,NaN,1,36.301,NaN,1
1902672,34,2024-09-04T05:14:58Z,18.233333333333334,70.38333333333334,10.2,28.598,NaN,1,36.301,NaN,1
1902672,34,2024-09-04T05:14:58Z,18.233333333333334,70.38333333333334,15.4,28.592,NaN,1,36.301,NaN,1
1902672,34,2024-09-04T05:14:58Z,18.233333333333334,70.38333333333334,25.2,28.584,NaN,1,36.3,NaN,1
1902672,34,2024-09-04T05:14:58Z,18.233333333333334,70.38333333333334,35.4,28.579,NaN,1,36.3,NaN,1
1902672,34,2024-09-04T05:14:58Z,18.233333333333334,70.38333333333334,45.9,28.345,NaN,1,36.285,NaN,1
1902672,34,2024-09-04T05:14:58Z,18.233333333333334,70.38333333333334,55.5,25.374,NaN,1,36.239,NaN,1
1902672,34,2024-09-04T05:14:58Z,18.233333333333334,70.38333333333334,65.4,24.193,NaN,1,36.233,NaN,1
1902672,34,2024-09-04T05:14:58Z,18.233333333333334,70.38333333333334,75.4,23.528,NaN,1,36.19,NaN,1
1902672,34,2024-09-04T05:14:58Z,18.233333333333334,70.38333333333334,85.4,22.519,NaN,1,36.056,NaN,1
1902672,34,2024-09-04T05:14:58Z,18.233333333333334,70.38333333333334,95.0,21.605,NaN,1,35.952,NaN,1
1902672,34,2024-09-04T05:14:58Z,18.233333333333334,70.38333333333334,105.3,20.601,NaN,1,35.851,NaN,1
1902672,34,2024-09-04T05:14:58Z,18.233333333333334,70.38333333333334,115.5,19.872,NaN,1,35.747,NaN,1
1902672,34,2024-09-04T05:14:58Z,18.233333333333334,70.38333333333334,125.9,19.195,NaN,1,35.66,NaN,1
1902672,34,2024-09-04T05:14:58Z,18.233333333333334,70.38333333333334,135.5,18.68,NaN,1,35.619,NaN,1
1902672,34,2024-09-04T05:14:58Z,18.233333333333334,70.38333333333334,145.2,18.377,NaN,1,35.64,NaN,1
1902672,34,2024-09-04T05:14:58Z,18.233333333333334,70.38333333333334,155.1,17.797,NaN,1,35.605,NaN,1
1902672,34,2024-09-04T05:14:58Z,18.233333333333334,70.38333333333334,165.2,17.099,NaN,1,35.568,NaN,1
1902672,34,2024-09-04T05:14:58Z,18.233333333333334,70.38333333333334,175.3,16.363,NaN,1,35.481,NaN,1
1902672,34,2024-09-04T05:14:58Z,18.233333333333334,70.38333333333334,185.4,15.919,NaN,1,35.438,NaN,1
1902672,34,2024-09-04T05:14:58Z,18.233333333333334,70.38333333333334,195.1,15.519,NaN,1,35.425,NaN,1
1902672,34,2024-09-04T05:14:58Z,18.233333333333334,70.38333333333334,212.7,15.265,NaN,1,35.491,NaN,1
1902672,34,2024-09-04T05:14:58Z,18.233333333333334,70.38333333333334,238.6,14.698,NaN,1,35.494,NaN,1
1902672,34,2024-09-04T05:14:58Z,18.233333333333334,70.38333333333334,262.7,14.066,NaN,1,35.501,NaN,1
1902672,34,2024-09-04T05:14:58Z,18.233333333333334,70.38333333333334,288.0,13.759,NaN,1,35.519,NaN,1
1902672,34,2024-09-04T05:14:58Z,18.233333333333334,70.38333333333334,313.0,13.636,NaN,1,35.558,NaN,1
1902672,34,2024-09-04T05:14:58Z,18.233333333333334,70.38333333333334,337.9,13.251,NaN,1,35.523,NaN,1
1902672,34,2024-09-04T05:14:58Z,18.233333333333334,70.38333333333334,362.7,13.019,NaN,1,35.528,NaN,1
1902672,34,2024-09-04T05:14:58Z,18.233333333333334,70.38333333333334,387.6,12.83,NaN,1,35.534,NaN,1
1902672,34,2024-09-04T05:14:58Z,18.233333333333334,70.38333333333334,413.2,12.721,NaN,1,35.544,NaN,1
1902672,34,2024-09-04T05:14:58Z,18.233333333333334,70.38333333333334,437.7,12.535,NaN,1,35.548,NaN,1
1902672,34,2024-09-04T05:14:58Z,18.233333333333334,70.38333333333334,462.9,12.366,NaN,1,35.574,NaN,1
1902672,34,2024-09-04T05:14:58Z,18.233333333333334,70.38333333333334,488.1,12.326,NaN,1,35.601,NaN,1
1902672,34,2024-09-04T05:14:58Z,18.233333333333334,70.38333333333334,513.0,12.295,NaN,1,35.629,NaN,1
1902672,34,2024-09-04T05:14:58Z,18.233333333333334,70.38333333333334,537.8,12.173,NaN,1,35.63,NaN,1
1902672,34,2024-09-04T05:14:58Z,18.233333333333334,70.38333333333334,562.7,12.06,NaN,1,35.629,NaN,1
1902672,34,2024-09-04T05:14:58Z,18.233333333333334,70.38333333333334,587.8,11.894,NaN,1,35.623,NaN,1
1902672,34,2024-09-04T05:14:58Z,18.233333333333334,70.38333333333334,613.0,11.683,NaN,1,35.608,NaN,1
1902672,34,2024-09-04T05:14:58Z,18.233333333333334,70.38333333333334,638.0,11.434,NaN,1,35.592,NaN,1
1902672,34,2024-09-04T05:14:58Z,18.233333333333334,70.38333333333334,662.7,11.297,NaN,1,35.588,NaN,1
1902672,34,2024-09-04T05:14:58Z,18.233333333333334,70.38333333333334,688.0,11.079,NaN,1,35.579,NaN,1
1902672,34,2024-09-04T05:14:58Z,18.233333333333334,70.38333333333334,713.4,10.752,NaN,1,35.552,NaN,1
1902672,34,2024-09-04T05:14:58Z,18.233333333333334,70.38333333333334,738.5,10.581,NaN,1,35.538,NaN,1
1902672,34,2024-09-04T05:14:58Z,18.233333333333334,70.38333333333334,762.7,10.395,NaN,1,35.52,NaN,1
1902672,34,2024-09-04T05:14:58Z,18.233333333333334,70.38333333333334,787.7,10.191,NaN,1,35.502,NaN,1
1902672,34,2024-09-04T05:14:58Z,18.233333333333334,70.38333333333334,812.6,9.957,NaN,1,35.482,NaN,1
1902672,34,2024-09-04T05:14:58Z,18.233333333333334,70.38333333333334,838.0,9.838,NaN,1,35.469,NaN,1
1902672,34,2024-09-04T05:14:58Z,18.233333333333334,70.38333333333334,863.1,9.759,NaN,1,35.464,NaN,1
1902672,34,2024-09-04T05:14:58Z,18.233333333333334,70.38333333333334,887.6,9.603,NaN,1,35.449,NaN,1
1902672,34,2024-09-04T05:14:58Z,18.233333333333334,70.38333333333334,912.9,9.431,NaN,1,35.43,NaN,1
1902672,34,2024-09-04T05:14:58Z,18.233333333333334,70.38333333333334,938.0,9.301,NaN,1,35.417,NaN,1
1902672,34,2024-09-04T05:14:58Z,18.233333333333334,70.38333333333334,962.9,9.066,NaN,1,35.397,NaN,1
1902672,34,2024-09-04T05:14:58Z,18.233333333333334,70.38333333333334,987.9,8.817,NaN,1,35.37,NaN,1
1902672,34,2024-09-04T05:14:58Z,18.233333333333334,70.38333333333334,1012.7,8.612,NaN,1,35.35,NaN,1
1902672,34,2024-09-04T05:14:58Z,18.233333333333334,70.38333333333334,1038.0,8.413,NaN,1,35.33,NaN,1
1902672,34,2024-09-04T05:14:58Z,18.233333333333334,70.38333333333334,1062.8,8.256,NaN,1,35.314,NaN,1
1902672,34,2024-09-04T05:14:58Z,18.233333333333334,70.38333333333334,1087.7,8.139,NaN,1,35.303,NaN,1
1902672,34,2024-09-04T05:14:58Z,18.233333333333334,70.38333333333334,1113.5,7.959,NaN,1,35.284,NaN,1
1902672,34,2024-09-04T05:14:58Z,18.233333333333334,70.38333333333334,1137.6,7.813,NaN,1,35.269,NaN,1
1902672,34,2024-09-04T05:14:58Z,18.233333333333334,70.38333333333334,1162.1,7.535,NaN,1,35.241,NaN,1
1902672,34,2024-09-04T05:14:58Z,18.233333333333334,70.38333333333334,1187.7,7.29,NaN,1,35.216,NaN,1
1902672,34,2024-09-04T05:14:58Z,18.233333333333334,70.38333333333334,1213.4,7.265,NaN,1,35.213,NaN,1
1902672,34,2024-09-04T05:14:58Z,18.233333333333334,70.38333333333334,1238.4,7.171,NaN,1,35.204,NaN,1
1902672,34,2024-09-04T05:14:58Z,18.233333333333334,70.38333333333334,1263.2,7.014,NaN,1,35.19,NaN,1
1902672,34,2024-09-04T05:14:58Z,18.233333333333334,70.38333333333334,1287.9,6.73,NaN,1,35.162,NaN,1
1902672,34,2024-09-04T05:14:58Z,18.233333333333334,70.38333333333334,1313.1,6.561,NaN,1,35.146,NaN,1
1902672,34,2024-09-04T05:14:58Z,18.233333333333334,70.38333333333334,1337.9,6.39,NaN,1,35.131,NaN,1
1902672,34,2024-09-04T05:14:58Z,18.233333333333334,70.38333333333334,1359.8,6.202,NaN,1,35.113,NaN,1
2902203,311,2024-09-02T13:15:23Z,17.179,67.779,4.2,27.987,NaN,3,20.821,NaN,3
2902203,311,2024-09-02T13:15:23Z,17.179,67.779,10.6,27.989,NaN,3,20.757,NaN,3
2902203,311,2024-09-02T13:15:23Z,17.179,67.779,15.0,27.984,NaN,3,20.658,NaN,3
2902203,311,2024-09-02T13:15:23Z,17.179,67.779,20.4,27.958,NaN,3,18.728,NaN,3
2902203,311,2024-09-02T13:15:23Z,17.179,67.779,24.8,27.935,NaN,3,18.624,NaN,3
2902203,311,2024-09-02T13:15:23Z,17.179,67.779,30.2,27.885,NaN,3,18.753,NaN,3
2902203,311,2024-09-02T13:15:23Z,17.179,67.779,34.8,27.881,NaN,1,19.085,NaN,3
2902203,311,2024-09-02T13:15:23Z,17.179,67.779,40.5,27.873,NaN,1,19.674,NaN,3
2902203,311,2024-09-02T13:15:23Z,17.179,67.779,44.1,27.868,NaN,1,19.671,NaN,3
2902203,311,2024-09-02T13:15:23Z,17.179,67.779,50.4,27.864,NaN,1,19.637,NaN,3
2902203,311,2024-09-02T13:15:23Z,17.179,67.779,60.7,25.88,NaN,1,19.5,NaN,3
2902203,311,2024-09-02T13:15:23Z,17.179,67.779,70.0,24.757,NaN,1,19.622,NaN,3
2902203,311,2024-09-02T13:15:23Z,17.179,67.779,80.0,24.35,NaN,1,19.548,NaN,3
2902203,311,2024-09-02T13:15:23Z,17.179,67.779,90.6,23.294,NaN,1,19.518,NaN,3
2902203,311,2024-09-02T13:15:23Z,17.179,67.779,100.5,22.534,NaN,1,19.529,NaN,3
2902203,311,2024-09-02T13:15:23Z,17.179,67.779,110.6,21.757,NaN,1,19.567,NaN,3
2902203,311,2024-09-02T13:15:23Z,17.179,67.779,120.3,20.99,NaN,1,19.585,NaN,3
2902203,311,2024-09-02T13:15:23Z,17.179,67.779,130.7,20.29,NaN,1,19.583,NaN,3
2902203,311,2024-09-02T13:15:23Z,17.179,67.779,140.6,19.591,NaN,1,19.616,NaN,3
2902203,311,2024-09-02T13:15:23Z,17.179,67.779,150.2,19.127,NaN,1,19.623,NaN,3
2902203,311,2024-09-02T13:15:23Z,17.179,67.779,160.0,18.635,NaN,1,19.642,NaN,3
2902203,311,2024-09-02T13:15:23Z,17.179,67.779,168.9,18.297,NaN,1,19.661,NaN,3
2902203,311,2024-09-02T13:15:23Z,17.179,67.779,180.5,17.796,NaN,1,19.703,NaN,3
2902203,311,2024-09-02T13:15:23Z,17.179,67.779,190.6,17.444,NaN,1,19.706,NaN,3
2902203,311,2024-09-02T13:15:23Z,17.179,67.779,200.6,17.279,NaN,1,19.679,NaN,3
2902203,311,2024-09-02T13:15:23Z,17.179,67.779,219.7,16.753,NaN,1,19.72,NaN,3
2902203,311,2024-09-02T13:15:23Z,17.179,67.779,240.1,16.146,NaN,1,20.714,NaN,3
2902203,311,2024-09-02T13:15:23Z,17.179,67.779,259.6,15.15,NaN,1,20.731,NaN,3
2902203,311,2024-09-02T13:15:23Z,17.179,67.779,280.2,14.483,NaN,1,21.173,NaN,3
2902203,311,2024-09-02T13:15:23Z,17.179,67.779,300.6,14.439,NaN,1,22.211,NaN,3
2902203,311,2024-09-02T13:15:23Z,17.179,67.779,330.1,13.643,NaN,1,24.26,NaN,3
2902203,311,2024-09-02T13:15:23Z,17.179,67.779,359.9,13.332,NaN,1,25.809,NaN,3
2902203,311,2024-09-02T13:15:23Z,17.179,67.779,399.9,13.096,NaN,1,26.195,NaN,3
2902203,311,2024-09-02T13:15:23Z,17.179,67.779,450.2,12.607,NaN,1,26.442,NaN,3
2902203,311,2024-09-02T13:15:23Z,17.179,67.779,500.2,12.235,NaN,1,26.491,NaN,3
2902203,311,2024-09-02T13:15:23Z,17.179,67.779,550.3,11.886,NaN,1,26.521,NaN,3
2902203,311,2024-09-02T13:15:23Z,17.179,67.779,600.3,11.496,NaN,1,26.54,NaN,3
2902203,311,2024-09-02T13:15:23Z,17.179,67.779,650.0,11.252,NaN,1,26.553,NaN,3
2902203,311,2024-09-02T13:15:23Z,17.179,67.779,700.5,10.938,NaN,1,26.562,NaN,3
2902203,311,2024-09-02T13:15:23Z,17.179,67.779,750.6,10.531,NaN,1,26.568,NaN,3
2902203,311,2024-09-02T13:15:23Z,17.179,67.779,800.5,10.138,NaN,1,26.572,NaN,3
2902203,311,2024-09-02T13:15:23Z,17.179,67.779,850.2,9.76,NaN,1,26.576,NaN,3
2902203,311,2024-09-02T13:15:23Z,17.179,67.779,900.6,9.39,NaN,1,26.571,NaN,3
2902203,311,2024-09-02T13:15:23Z,17.179,67.779,949.9,8.983,NaN,1,26.573,NaN,3
2902203,311,2024-09-02T13:15:23Z,17.179,67.779,999.7,8.629,NaN,1,26.577,NaN,3
2902203,311,2024-09-02T13:15:23Z,17.179,67.779,1049.8,8.229,NaN,1,26.575,NaN,3
2902203,311,2024-09-02T13:15:23Z,17.179,67.779,1100.0,7.832,NaN,1,26.578,NaN,3
2902203,311,2024-09-02T13:15:23Z,17.179,67.779,1150.2,7.514,NaN,1,26.582,NaN,3
2902203,311,2024-09-02T13:15:23Z,17.179,67.779,1200.5,7.148,NaN,1,26.585,NaN,3
2902203,311,2024-09-02T13:15:23Z,17.179,67.779,1250.3,6.883,NaN,1,26.597,NaN,3
2902203,311,2024-09-02T13:15:23Z,17.179,67.779,1300.0,6.602,NaN,1,26.596,NaN,3
2902203,311,2024-09-02T13:15:23Z,17.179,67.779,1349.8,6.275,NaN,1,26.601,NaN,3
2902203,311,2024-09-02T13:15:23Z,17.179,67.779,1400.6,6.023,NaN,1,26.601,NaN,3
2902203,311,2024-09-02T13:15:23Z,17.179,67.779,1499.6,5.501,NaN,1,26.607,NaN,3
2902203,311,2024-09-02T13:15:23Z,17.179,67.779,1599.9,4.917,NaN,1,26.614,NaN,3
2902203,311,2024-09-02T13:15:23Z,17.179,67.779,1700.6,4.398,NaN,1,26.619,NaN,3
2902203,311,2024-09-02T13:15:23Z,17.179,67.779,1800.1,4.001,NaN,1,26.621,NaN,3
2902203,311,2024-09-02T13:15:23Z,17.179,67.779,1899.5,3.648,NaN,1,26.623,NaN,3
2902203,311,2024-09-02T13:15:23Z,17.179,67.779,1998.2,3.355,NaN,3,26.628,NaN,3
2902273,196,2024-09-05T09:11:40Z,17.273874,66.70578,4.14,27.8785,27.8785,1,36.6308,36.63076,1
2902273,196,2024-09-05T09:11:40Z,17.273874,66.70578,5.96,27.8794,27.8794,1,36.6309,36.63086,1
2902273,196,2024-09-05T09:11:40Z,17.273874,66.70578,8.03,27.8793,27.8793,1,36.6309,36.63086,1
2902273,196,2024-09-05T09:11:40Z,17.273874,66.70578,10.01,27.8811,27.8811,1,36.6312,36.63116,1
2902273,196,2024-09-05T09:11:40Z,17.273874,66.70578,11.97,27.8837,27.8837,1,36.6311,36.63106,1
2902273,196,2024-09-05T09:11:40Z,17.273874,66.70578,14.01,27.8835,27.8835,1,36.6309,36.63086,1
2902273,196,2024-09-05T09:11:40Z,17.273874,66.70578,16.06,27.8693,27.8693,1,36.6305,36.63046,1
2902273,196,2024-09-05T09:11:40Z,17.273874,66.70578,18.03,27.8526,27.8526,1,36.6282,36.62816,1
2902273,196,2024-09-05T09:11:40Z,17.273874,66.70578,20.03,27.8475,27.8475,1,36.6276,36.62756,1
2902273,196,2024-09-05T09:11:40Z,17.273874,66.70578,22.02,27.8415,27.8415,1,36.6273,36.62726,1
2902273,196,2024-09-05T09:11:40Z,17.273874,66.70578,24.05,27.8354,27.8354,1,36.6254,36.62536,1
2902273,196,2024-09-05T09:11:40Z,17.273874,66.70578,26.01,27.8144,27.8144,1,36.6229,36.62286,1
2902273,196,2024-09-05T09:11:40Z,17.273874,66.70578,28.08,27.8096,27.8096,1,36.6221,36.62206,1
2902273,196,2024-09-05T09:11:40Z,17.273874,66.70578,30.01,27.8082,27.8082,1,36.6221,36.62206,1
2902273,196,2024-09-05T09:11:40Z,17.273874,66.70578,31.96,27.8063,27.8063,1,36.6218,36.62176,1
2902273,196,2024-09-05T09:11:40Z,17.273874,66.70578,34.02,27.8066,27.8066,1,36.6219,36.62186,1
2902273,196,2024-09-05T09:11:40Z,17.273874,66.70578,35.99,27.8051,27.8051,1,36.6216,36.62156,1
2902273,196,2024-09-05T09:11:40Z,17.273874,66.70578,38.03,27.8044,27.8044,1,36.6216,36.62156,1
2902273,196,2024-09-05T09:11:40Z,17.273874,66.70578,39.97,27.8044,27.8044,1,36.6217,36.62166,1
2902273,196,2024-09-05T09:11:40Z,17.273874,66.70578,42.01,27.8032,27.8032,1,36.6218,36.62176,1
2902273,196,2024-09-05T09:11:40Z,17.273874,66.70578,43.99,27.8017,27.8017,1,36.6218,36.62176,1
2902273,196,2024-09-05T09:11:40Z,17.273874,66.70578,45.99,27.8003,27.8003,1,36.6217,36.62166,1
2902273,196,2024-09-05T09:11:40Z,17.273874,66.70578,47.98,27.8002,27.8002,1,36.6218,36.62176,1
2902273,196,2024-09-05T09:11:40Z,17.273874,66.70578,50.0,27.7989,27.7989,1,36.6213,36.62126,1
2902273,196,2024-09-05T09:11:40Z,17.273874,66.70578,52.02,27.7928,27.7928,1,36.6205,36.62046,1
2902273,196,2024-09-05T09:11:40Z,17.273874,66.70578,54.68,27.683,27.683,1,36.6102,36.61016,1
2902273,196,2024-09-05T09:11:40Z,17.273874,66.70578,55.71,27.2121,27.2121,1,36.5868,36.58676,1
2902273,196,2024-09-05T09:11:40Z,17.273874,66.70578,57.99,25.2183,25.2183,1,36.5233,36.52326,1
2902273,196,2024-09-05T09:11:40Z,17.273874,66.70578,59.99,24.7662,24.7662,1,36.5318,36.53176,1
2902273,196,2024-09-05T09:11:40Z,17.273874,66.70578,62.0,24.7215,24.7215,1,36.5441,36.54406,1
2902273,196,2024-09-05T09:11:40Z,17.273874,66.70578,64.02,24.7637,24.7637,1,36.577,36.57696,1
2902273,196,2024-09-05T09:11:40Z,17.273874,66.70578,66.03,24.8112,24.8112,1,36.607,36.60696,1
2902273,196,2024-09-05T09:11:40Z,17.273874,66.70578,68.01,24.7738,24.7738,1,36.5994,36.59936,1
2902273,196,2024-09-05T09:11:40Z,17.273874,66.70578,70.05,24.6845,24.6845,1,36.5833,36.58326,1
2902273,196,2024-09-05T09:11:40Z,17.273874,66.70578,72.03,24.4946,24.4946,1,36.5466,36.54656,1
2902273,196,2024-09-05T09:11:40Z,17.273874,66.70578,73.97,24.3615,24.3615,1,36.5262,36.52616,1
2902273,196,2024-09-05T09:11:40Z,17.273874,66.70578,75.97,24.2035,24.2035,1,36.4944,36.49436,1
2902273,196,2024-09-05T09:11:40Z,17.273874,66.70578,77.99,24.1197,24.1197,1,36.4745,36.47446,1
2902273,196,2024-09-05T09:11:40Z,17.273874,66.70578,79.96,24.1076,24.1076,1,36.486,36.48596,1
2902273,196,2024-09-05T09:11:40Z,17.273874,66.70578,81.95,24.0843,24.0843,1,36.4921,36.49206,1
2902273,196,2024-09-05T09:11:40Z,17.273874,66.70578,83.94,24.0076,24.0076,1,36.475,36.47496,1
2902273,196,2024-09-05T09:11:40Z,17.273874,66.70578,86.01,23.8891,23.8891,1,36.4578,36.45776,1
2902273,196,2024-09-05T09:11:40Z,17.273874,66.70578,88.07,23.6926,23.6926,1,36.4237,36.42366,1
2902273,196,2024-09-05T09:11:40Z,17.273874,66.70578,90.06,23.6152,23.6152,1,36.4079,36.40786,1
2902273,196,2024-09-05T09:11:40Z,17.273874,66.70578,92.04,23.573,23.573,1,36.4089,36.40886,1
2902273,196,2024-09-05T09:11:40Z,17.273874,66.70578,94.02,23.462,23.462,1,36.3927,36.39266,1
2902273,196,2024-09-05T09:11:40Z,17.273874,66.70578,95.97,23.4068,23.4068,1,36.3797,36.37966,1
2902273,196,2024-09-05T09:11:40Z,17.273874,66.70578,97.99,23.3559,23.3559,1,36.3695,36.36946,1
2902273,196,2024-09-05T09:11:40Z,17.273874,66.70578,100.01,23.3063,23.3063,1,36.3596,36.35956,1
2902273,196,2024-09-05T09:11:40Z,17.273874,66.70578,102.05,23.0546,23.0546,1,36.3246,36.32456,1
2902273,196,2024-09-05T09:11:40Z,17.273874,66.70578,103.98,22.7806,22.7806,1,36.273,36.27296,1
2902273,196,2024-09-05T09:11:40Z,17.273874,66.70578,105.95,22.7094,22.7094,1,36.2619,36.26186,1
2902273,196,2024-09-05T09:11:40Z,17.273874,66.70578,108.01,22.6427,22.6427,1,36.2532,36.25316,1
2902273,196,2024-09-05T09:11:40Z,17.273874,66.70578,109.99,22.5267,22.5267,1,36.2365,36.23646,1
2902273,196,2024-09-05T09:11:40Z,17.273874,66.70578,111.99,22.2286,22.2286,1,36.2024,36.20236,1
2902273,196,2024-09-05T09:11:40Z,17.273874,66.70578,114.0,21.9295,21.9295,1,36.1613,36.16126,1
2902273,196,2024-09-05T09:11:40Z,17.273874,66.70578,116.02,21.8325,21.8325,1,36.1405,36.14046,1
2902273,196,2024-09-05T09:11:40Z,17.273874,66.70578,117.99,21.7744,21.7744,1,36.1296,36.12956,1
2902273,196,2024-09-05T09:11:40Z,17.273874,66.70578,119.97,21.684,21.684,1,36.1099,36.10986,1
2902273,196,2024-09-05T09:11:40Z,17.273874,66.70578,122.01,21.5914,21.5914,1,36.0919,36.09186,1
2902273,196,2024-09-05T09:11:40Z,17.273874,66.70578,124.01,21.3201,21.3201,1,36.0618,36.06176,1
2902273,196,2024-09-05T09:11:40Z,17.273874,66.70578,126.02,21.0159,21.0159,1,36.0104,36.01036,1
2902273,196,2024-09-05T09:11:40Z,17.273874,66.70578,128.06,20.9359,20.9359,1,35.9938,35.99376,1
2902273,196,2024-09-05T09:11:40Z,17.273874,66.70578,129.98,20.6828,20.6828,1,35.9661,35.96606,1
2902273,196,2024-09-05T09:11:40Z,17.273874,66.70578,131.99,20.38,20.38,1,35.9358,35.93576,1
2902273,196,2024-09-05T09:11:40Z,17.273874,66.70578,133.99,20.2715,20.2715,1,35.9233,35.92326,1
2902273,196,2024-09-05T09:11:40Z,17.273874,66.70578,135.99,20.2027,20.2027,1,35.9117,35.91166,1
2902273,196,2024-09-05T09:11:40Z,17.273874,66.70578,137.99,20.0485,20.0485,1,35.8952,35.89516,1
2902273,196,2024-09-05T09:11:40Z,17.273874,66.70578,139.98,19.8071,19.8071,1,35.8659,35.86596,1
2902273,196,2024-09-05T09:11:40Z,17.273874,66.70578,142.03,19.6598,19.6598,1,35.8635,35.86355,1
2902273,196,2024-09-05T09:11:40Z,17.273874,66.70578,144.01,19.581,19.581,1,35.8538,35.85385,1
2902273,196,2024-09-05T09:11:40Z,17.273874,66.70578,146.0,19.4224,19.4224,1,35.8468,35.84685,1
2902273,196,2024-09-05T09:11:40Z,17.273874,66.70578,148.03,19.3084,19.3084,1,35.844,35.84405,1
2902273,196,2024-09-05T09:11:40Z,17.273874,66.70578,150.01,19.1893,19.1893,1,35.8375,35.83755,1
2902273,196,2024-09-05T09:11:40Z,17.273874,66.70578,151.97,19.0025,19.0025,1,35.8224,35.82244,1
2902273,196,2024-09-05T09:11:40Z,17.273874,66.70578,153.98,18.8059,18.8059,1,35.8118,35.81184,1
2902273,196,2024-09-05T09:11:40Z,17.273874,66.70578,155.98,18.7226,18.7226,1,35.8097,35.80974,1
2902273,196,2024-09-05T09:11:40Z,17.273874,66.70578,157.99,18.653,18.653,1,35.8102,35.81024,1
2902273,196,2024-09-05T09:11:40Z,17.273874,66.70578,160.01,18.6192,18.6192,1,35.8126,35.81264,1
2902273,196,2024-09-05T09:11:40Z,17.273874,66.70578,162.0,18.5328,18.5328,1,35.8205,35.82054,1
2902273,196,2024-09-05T09:11:40Z,17.273874,66.70578,164.0,18.4545,18.4545,1,35.8131,35.81314,1
2902273,196,2024-09-05T09:11:40Z,17.273874,66.70578,166.06,18.3689,18.3689,1,35.8313,35.83134,1
2902273,196,2024-09-05T09:11:40Z,17.273874,66.70578,168.0,18.3499,18.3499,1,35.8679,35.86795,1
2902273,196,2024-09-05T09:11:40Z,17.273874,66.70578,169.95,18.2506,18.2506,1,35.8752,35.87525,1
2902273,196,2024-09-05T09:11:40Z,17.273874,66.70578,171.97,18.1666,18.1666,1,35.8643,35.86435,1
2902273,196,2024-09-05T09:11:40Z,17.273874,66.70578,174.01,18.0013,18.0013,1,35.8478,35.84785,1
2902273,196,2024-09-05T09:11:40Z,17.273874,66.70578,176.02,17.8417,17.8417,1,35.8319,35.83194,1
2902273,196,2024-09-05T09:11:40Z,17.273874,66.70578,178.03,17.7718,17.7718,1,35.8224,35.82244,1
2902273,196,2024-09-05T09:11:40Z,17.273874,66.70578,180.01,17.7252,17.7252,1,35.8393,35.83934,1
2902273,196,2024-09-05T09:11:40Z,17.273874,66.70578,182.04,17.5724,17.5724,1,35.8366,35.83664,1
2902273,196,2024-09-05T09:11:40Z,17.273874,66.70578,184.03,17.5362,17.5362,1,35.8364,35.83644,1
2902273,196,2024-09-05T09:11:40Z,17.273874,66.70578,186.02,17.5469,17.5469,1,35.8655,35.86555,1
2902273,196,2024-09-05T09:11:40Z,17.273874,66.70578,188.04,17.4978,17.4978,1,35.8978,35.89775,1
2902273,196,2024-09-05T09:11:40Z,17.273874,66.70578,190.0,17.3855,17.3855,1,35.8933,35.89325,1
2902273,196,2024-09-05T09:11:40Z,17.273874,66.70578,191.93,17.3829,17.3829,1,35.9096,35.90955,1
2902273,196,2024-09-05T09:11:40Z,17.273874,66.70578,193.96,17.3397,17.3397,1,35.9173,35.91726,1
2902273,196,2024-09-05T09:11:40Z,17.273874,66.70578,195.99,17.2975,17.2975,1,35.9155,35.91545,1
2902273,196,2024-09-05T09:11:40Z,17.273874,66.70578,197.99,17.1762,17.1762,1,35.8974,35.89735,1
2902273,196,2024-09-05T09:11:40Z,17.273874,66.70578,200.05,17.0411,17.0411,1,35.8716,35.87165,1
2902273,196,2024-09-05T09:11:40Z,17.273874,66.70578,202.01,16.9805,16.9805,1,35.8776,35.87765,1
2902273,196,2024-09-05T09:11:40Z,17.273874,66.70578,203.96,16.9534,16.9534,1,35.8866,35.88665,1
2902273,196,2024-09-05T09:11:40Z,17.273874,66.70578,205.97,16.8832,16.8832,1,35.8775,35.87755,1
2902273,196,2024-09-05T09:11:40Z,17.273874,66.70578,207.98,16.8638,16.8638,1,35.8857,35.88575,1
2902273,196,2024-09-05T09:11:40Z,17.273874,66.70578,210.0,16.8408,16.8408,1,35.8972,35.89715,1
2902273,196,2024-09-05T09:11:40Z,17.273874,66.70578,211.99,16.8239,16.8239,1,35.9125,35.91245,1
2902273,196,2024-09-05T09:11:40Z,17.273874,66.70578,213.97,16.8986,16.8986,1,35.9773,35.97725,1
2902273,196,2024-09-05T09:11:40Z,17.273874,66.70578,216.0,16.8741,16.8741,1,35.982,35.98195,1
2902273,196,2024-09-05T09:11:40Z,17.273874,66.70578,218.02,16.8071,16.8071,1,35.9752,35.97515,1
2902273,196,2024-09-05T09:11:40Z,17.273874,66.70578,220.02,16.6981,16.6981,1,35.9637,35.96365,1
2902273,196,2024-09-05T09:11:40Z,17.273874,66.70578,222.03,16.6022,16.6022,1,35.9611,35.96105,1
2902273,196,2024-09-05T09:11:40Z,17.273874,66.70578,224.02,16.5284,16.5284,1,35.9504,35.95035,1
2902273,196,2024-09-05T09:11:40Z,17.273874,66.70578,225.99,16.2932,16.2932,1,35.9158,35.91575,1
2902273,196,2024-09-05T09:11:40Z,17.273874,66.70578,227.95,16.1772,16.1772,1,35.9011,35.90105,1
2902273,196,2024-09-05T09:11:40Z,17.273874,66.70578,229.98,16.178,16.178,1,35.9294,35.92935,1
2902273,196,2024-09-05T09:11:40Z,17.273874,66.70578,231.97,16.2038,16.2038,1,35.9462,35.94615,1
2902273,196,2024-09-05T09:11:40Z,17.273874,66.70578,233.98,16.1847,16.1847,1,35.9533,35.95325,1
2902273,196,2024-09-05T09:11:40Z,17.273874,66.70578,236.0,16.1287,16.1287,1,35.9516,35.95155,1
2902273,196,2024-09-05T09:11:40Z,17.273874,66.70578,238.01,16.0843,16.0843,1,35.9418,35.94175,1
2902273,196,2024-09-05T09:11:40Z,17.273874,66.70578,240.0,16.0507,16.0507,1,35.935,35.93495,1
2902273,196,2024-09-05T09:11:40Z,17.273874,66.70578,241.96,15.9982,15.9982,1,35.9238,35.92375,1
2902273,196,2024-09-05T09:11:40Z,17.273874,66.70578,243.94,15.9471,15.9471,1,35.9158,35.91575,1
2902273,196,2024-09-05T09:11:40Z,17.273874,66.70578,245.97,15.9157,15.9157,1,35.9211,35.92105,1
2902273,196,2024-09-05T09:11:40Z,17.273874,66.70578,247.97,15.9678,15.9678,1,35.9548,35.95475,1
2902273,196,2024-09-05T09:11:40Z,17.273874,66.70578,250.0,15.8852,15.8852,1,35.9451,35.94505,1
2902273,196,2024-09-05T09:11:40Z,17.273874,66.70578,252.03,15.6855,15.6855,1,35.9049,35.90485,1
2902273,196,2024-09-05T09:11:40Z,17.273874,66.70578,253.97,15.6862,15.6862,1,35.9155,35.91545,1
2902273,196,2024-09-05T09:11:40Z,17.273874,66.70578,255.97,15.7161,15.7161,1,35.9268,35.92675,1
2902273,196,2024-09-05T09:11:40Z,17.273874,66.70578,258.01,15.7357,15.7357,1,35.9581,35.95805,1
2902273,196,2024-09-05T09:11:40Z,17.273874,66.70578,260.06,15.6531,15.6531,1,35.9377,35.93765,1
2902273,196,2024-09-05T09:11:40Z,17.273874,66.70578,262.02,15.6072,15.6072,1,35.9273,35.92725,1
2902273,196,2024-09-05T09:11:40Z,17.273874,66.70578,263.99,15.435,15.435,1,35.8868,35.88685,1
2902273,196,2024-09-05T09:11:40Z,17.273874,66.70578,265.97,15.4094,15.4094,1,35.8826,35.88265,1
2902273,196,2024-09-05T09:11:40Z,17.273874,66.70578,268.0,15.3721,15.3721,1,35.891,35.89105,1
2902273,196,2024-09-05T09:11:40Z,17.273874,66.70578,270.0,15.2977,15.2977,1,35.8766,35.87665,1
2902273,196,2024-09-05T09:11:40Z,17.273874,66.70578,272.02,15.2878,15.2878,1,35.8768,35.87685,1
2902273,196,2024-09-05T09:11:40Z,17.273874,66.70578,274.04,15.3094,15.3094,1,35.8859,35.88595,1
2902273,196,2024-09-05T09:11:40Z,17.273874,66.70578,276.01,15.3585,15.3585,1,35.9086,35.90855,1
2902273,196,2024-09-05T09:11:40Z,17.273874,66.70578,278.0,15.2917,15.2917,1,35.9025,35.90245,1
2902273,196,2024-09-05T09:11:40Z,17.273874,66.70578,279.98,15.159,15.159,1,35.8811,35.88115,1
2902273,196,2024-09-05T09:11:40Z,17.273874,66.70578,281.99,15.1947,15.1947,1,35.9048,35.90475,1
2902273,196,2024-09-05T09:11:40Z,17.273874,66.70578,284.02,15.1966,15.1966,1,35.9173,35.91725,1
2902273,196,2024-09-05T09:11:40Z,17.273874,66.70578,285.98,15.1977,15.1977,1,35.9183,35.91825,1
2902273,196,2024-09-05T09:11:40Z,17.273874,66.70578,287.93,15.1839,15.1839,1,35.914,35.91395,1
2902273,196,2024-09-05T09:11:40Z,17.273874,66.70578,289.99,15.077,15.077,1,35.8992,35.89925,1
2902273,196,2024-09-05T09:11:40Z,17.273874,66.70578,292.01,14.8511,14.8511,1,35.8602,35.86024,1
2902273,196,2024-09-05T09:11:40Z,17.273874,66.70578,294.0,14.8187,14.8187,1,35.8603,35.86034,1
2902273,196,2024-09-05T09:11:40Z,17.273874,66.70578,295.98,14.8034,14.8034,1,35.8717,35.87174,1
2902273,196,2024-09-05T09:11:40Z,17.273874,66.70578,297.97,14.7673,14.7673,1,35.8636,35.86364,1
2902273,196,2024-09-05T09:11:40Z,17.273874,66.70578,299.96,14.8254,14.8254,1,35.8874,35.88745,1
2902273,196,2024-09-05T09:11:40Z,17.273874,66.70578,301.95,14.8398,14.8398,1,35.9063,35.90625,1
2902273,196,2024-09-05T09:11:40Z,17.273874,66.70578,303.97,14.7925,14.7925,1,35.8992,35.89925,1
2902273,196,2024-09-05T09:11:40Z,17.273874,66.70578,306.01,14.7915,14.7915,1,35.9045,35.90445,1
2902273,196,2024-09-05T09:11:40Z,17.273874,66.70578,308.06,14.7671,14.7671,1,35.9049,35.90485,1
2902273,196,2024-09-05T09:11:40Z,17.273874,66.70578,310.03,14.7126,14.7126,1,35.9021,35.90215,1
2902273,196,2024-09-05T09:11:40Z,17.273874,66.70578,312.0,14.6538,14.6538,1,35.8957,35.89575,1
2902273,196,2024-09-05T09:11:40Z,17.273874,66.70578,313.98,14.6147,14.6147,1,35.8931,35.89315,1
2902273,196,2024-09-05T09:11:40Z,17.273874,66.70578,316.02,14.5913,14.5913,1,35.8904,35.89045,1
2902273,196,2024-09-05T09:11:40Z,17.273874,66.70578,318.01,14.5543,14.5543,1,35.8889,35.88895,1
2902273,196,2024-09-05T09:11:40Z,17.273874,66.70578,320.0,14.5135,14.5135,1,35.884,35.88404,1
2902273,196,2024-09-05T09:11:40Z,17.273874,66.70578,322.06,14.4831,14.4831,1,35.8809,35.88094,1
2902273,196,2024-09-05T09:11:40Z,17.273874,66.70578,324.01,14.4454,14.4454,1,35.878,35.87804,1
2902273,196,2024-09-05T09:11:40Z,17.273874,66.70578,325.96,14.4247,14.4247,1,35.8761,35.87614,1
2902273,196,2024-09-05T09:11:40Z,17.273874,66.70578,328.01,14.3908,14.3908,1,35.8765,35.87654,1
2902273,196,2024-09-05T09:11:40Z,17.273874,66.70578,330.01,14.3576,14.3576,1,35.8795,35.87954,1
2902273,196,2024-09-05T09:11:40Z,17.273874,66.70578,331.96,14.293,14.293,1,35.8684,35.86844,1
2902273,196,2024-09-05T09:11:40Z,17.273874,66.70578,333.99,14.3077,14.3077,1,35.8792,35.87925,1
2902273,196,2024-09-05T09:11:40Z,17.273874,66.70578,335.99,14.2925,14.2925,1,35.8796,35.87965,1
2902273,196,2024-09-05T09:11:40Z,17.273874,66.70578,337.98,14.2676,14.2676,1,35.8764,35.87644,1
2902273,196,2024-09-05T09:11:40Z,17.273874,66.70578,340.01,14.2408,14.2408,1,35.8738,35.87384,1
2902273,196,2024-09-05T09:11:40Z,17.273874,66.70578,342.0,14.2425,14.2425,1,35.8768,35.87684,1
2902273,196,2024-09-05T09:11:40Z,17.273874,66.70578,343.97,14.2228,14.2228,1,35.8797,35.87975,1
2902273,196,2024-09-05T09:11:40Z,17.273874,66.70578,345.98,14.1657,14.1657,1,35.8709,35.87094,1
2902273,196,2024-09-05T09:11:40Z,17.273874,66.70578,347.98,14.1052,14.1052,1,35.8653,35.86534,1
2902273,196,2024-09-05T09:11:40Z,17.273874,66.70578,349.98,14.076,14.076,1,35.8615,35.86154,1
2902273,196,2024-09-05T09:11:40Z,17.273874,66.70578,351.98,14.0359,14.0359,1,35.8561,35.85614,1
2902273,196,2024-09-05T09:11:40Z,17.273874,66.70578,354.0,13.9427,13.9427,1,35.8438,35.84384,1
2902273,196,2024-09-05T09:11:40Z,17.273874,66.70578,356.0,13.9267,13.9267,1,35.8413,35.84134,1
2902273,196,2024-09-05T09:11:40Z,17.273874,66.70578,358.0,13.8964,13.8964,1,35.8388,35.83884,1
2902273,196,2024-09-05T09:11:40Z,17.273874,66.70578,359.99,13.8418,13.8418,1,35.8326,35.83263,1
2902273,196,2024-09-05T09:11:40Z,17.273874,66.70578,361.96,13.8247,13.8247,1,35.8294,35.82943,1
2902273,196,2024-09-05T09:11:40Z,17.273874,66.70578,363.99,13.7982,13.7982,1,35.8277,35.82773,1
2902273,196,2024-09-05T09:11:40Z,17.273874,66.70578,365.98,13.7655,13.7655,1,35.8275,35.82753,1
2902273,196,2024-09-05T09:11:40Z,17.273874,66.70578,367.97,13.7614,13.7614,1,35.8305,35.83053,1
2902273,196,2024-09-05T09:11:40Z,17.273874,66.70578,370.0,13.7631,13.7631,1,35.8332,35.83323,1
2902273,196,2024-09-05T09:11:40Z,17.273874,66.70578,371.97,13.7707,13.7707,1,35.8424,35.84243,1
2902273,196,2024-09-05T09:11:40Z,17.273874,66.70578,373.98,13.7481,13.7481,1,35.8394,35.83944,1
2902273,196,2024-09-05T09:11:40Z,17.273874,66.70578,376.03,13.6981,13.6981,1,35.8333,35.83333,1
2902273,196,2024-09-05T09:11:40Z,17.273874,66.70578,378.0,13.6546,13.6546,1,35.8299,35.82993,1
2902273,196,2024-09-05T09:11:40Z,17.273874,66.70578,379.96,13.655,13.655,1,35.8363,35.83633,1
2902273,196,2024-09-05T09:11:40Z,17.273874,66.70578,381.98,13.6453,13.6453,1,35.8362,35.83624,1
2902273,196,2024-09-05T09:11:40Z,17.273874,66.70578,384.02,13.6401,13.6401,1,35.8377,35.83773,1
2902273,196,2024-09-05T09:11:40Z,17.273874,66.70578,385.99,13.6204,13.6204,1,35.8327,35.83273,1
2902273,196,2024-09-05T09:11:40Z,17.273874,66.70578,388.01,13.5996,13.5996,1,35.8278,35.82783,1
2902273,196,2024-09-05T09:11:40Z,17.273874,66.70578,390.05,13.5195,13.5195,1,35.8158,35.81583,1
2902273,196,2024-09-05T09:11:40Z,17.273874,66.70578,391.98,13.4681,13.4681,1,35.8067,35.80673,1
2902273,196,2024-09-05T09:11:40Z,17.273874,66.70578,393.99,13.4413,13.4413,1,35.8018,35.80183,1
2902273,196,2024-09-05T09:11:40Z,17.273874,66.70578,396.02,13.4197,13.4197,1,35.7972,35.79723,1
2902273,196,2024-09-05T09:11:40Z,17.273874,66.70578,398.02,13.4037,13.4037,1,35.7949,35.79493,1
2902273,196,2024-09-05T09:11:40Z,17.273874,66.70578,399.99,13.374,13.374,1,35.7904,35.79042,1
2902273,196,2024-09-05T09:11:40Z,17.273874,66.70578,401.95,13.361,13.361,1,35.7886,35.78862,1
2902273,196,2024-09-05T09:11:40Z,17.273874,66.70578,403.97,13.3443,13.3443,1,35.7874,35.78742,1
2902273,196,2024-09-05T09:11:40Z,17.273874,66.70578,406.0,13.3208,13.3208,1,35.7861,35.78613,1
2902273,196,2024-09-05T09:11:40Z,17.273874,66.70578,408.0,13.2728,13.2728,1,35.7809,35.78092,1
2902273,196,2024-09-05T09:11:40Z,17.273874,66.70578,409.99,13.236,13.236,1,35.7771,35.77712,1
2902273,196,2024-09-05T09:11:40Z,17.273874,66.70578,412.03,13.2432,13.2432,1,35.7818,35.78182,1
2902273,196,2024-09-05T09:11:40Z,17.273874,66.70578,414.06,13.2861,13.2861,1,35.7973,35.79733,1
2902273,196,2024-09-05T09:11:40Z,17.273874,66.70578,416.01,13.2825,13.2825,1,35.8022,35.80223,1
2902273,196,2024-09-05T09:11:40Z,17.273874,66.70578,417.99,13.2284,13.2284,1,35.7957,35.79573,1
2902273,196,2024-09-05T09:11:40Z,17.273874,66.70578,419.96,13.182,13.182,1,35.7882,35.78822,1
2902273,196,2024-09-05T09:11:40Z,17.273874,66.70578,421.96,13.149,13.149,1,35.7821,35.78212,1
2902273,196,2024-09-05T09:11:40Z,17.273874,66.70578,424.04,13.1332,13.1332,1,35.7787,35.77872,1
2902273,196,2024-09-05T09:11:40Z,17.273874,66.70578,426.07,13.1034,13.1034,1,35.775,35.77502,1
2902273,196,2024-09-05T09:11:40Z,17.273874,66.70578,428.03,13.0748,13.0748,1,35.7687,35.76872,1
2902273,196,2024-09-05T09:11:40Z,17.273874,66.70578,430.01,13.021,13.021,1,35.7593,35.75932,1
2902273,196,2024-09-05T09:11:40Z,17.273874,66.70578,431.99,13.0037,13.0037,1,35.7558,35.75582,1
2902273,196,2024-09-05T09:11:40Z,17.273874,66.70578,433.97,12.9858,12.9858,1,35.7538,35.75382,1
2902273,196,2024-09-05T09:11:40Z,17.273874,66.70578,435.99,12.9831,12.9831,1,35.7539,35.75392,1
2902273,196,2024-09-05T09:11:40Z,17.273874,66.70578,438.01,12.9381,12.9381,1,35.7451,35.74511,1
2902273,196,2024-09-05T09:11:40Z,17.273874,66.70578,439.99,12.9248,12.9248,1,35.7448,35.74482,1
2902273,196,2024-09-05T09:11:40Z,17.273874,66.70578,442.02,12.9298,12.9298,1,35.7501,35.75011,1
2902273,196,2024-09-05T09:11:40Z,17.273874,66.70578,443.99,12.9096,12.9096,1,35.7483,35.74831,1
2902273,196,2024-09-05T09:11:40Z,17.273874,66.70578,445.97,12.8805,12.8805,1,35.7452,35.74522,1
2902273,196,2024-09-05T09:11:40Z,17.273874,66.70578,447.96,12.8611,12.8611,1,35.7435,35.74352,1
2902273,196,2024-09-05T09:11:40Z,17.273874,66.70578,449.95,12.8561,12.8561,1,35.7459,35.74591,1
2902273,196,2024-09-05T09:11:40Z,17.273874,66.70578,451.98,12.8509,12.8509,1,35.7451,35.74511,1
2902273,196,2024-09-05T09:11:40Z,17.273874,66.70578,453.98,12.83,12.83,1,35.7429,35.74292,1
2902273,196,2024-09-05T09:11:40Z,17.273874,66.70578,455.98,12.809,12.809,1,35.7398,35.73981,1
2902273,196,2024-09-05T09:11:40Z,17.273874,66.70578,457.98,12.7886,12.7886,1,35.7375,35.73751,1
2902273,196,2024-09-05T09:11:40Z,17.273874,66.70578,459.99,12.7477,12.7477,1,35.7331,35.73311,1
2902273,196,2024-09-05T09:11:40Z,17.273874,66.70578,461.99,12.7342,12.7342,1,35.7304,35.73041,1
2902273,196,2024-09-05T09:11:40Z,17.273874,66.70578,463.95,12.7306,12.7306,1,35.7358,35.73581,1
2902273,196,2024-09-05T09:11:40Z,17.273874,66.70578,465.99,12.7258,12.7258,1,35.7376,35.73761,1
2902273,196,2024-09-05T09:11:40Z,17.273874,66.70578,468.02,12.7084,12.7084,1,35.7387,35.73871,1
2902273,196,2024-09-05T09:11:40Z,17.273874,66.70578,470.03,12.6919,12.6919,1,35.7365,35.73652,1
2902273,196,2024-09-05T09:11:40Z,17.273874,66.70578,472.02,12.6858,12.6858,1,35.7366,35.73661,1
2902273,196,2024-09-05T09:11:40Z,17.273874,66.70578,474.0,12.6576,12.6576,1,35.7326,35.73261,1
2902273,196,2024-09-05T09:11:40Z,17.273874,66.70578,476.04,12.6535,12.6535,1,35.7313,35.73131,1
2902273,196,2024-09-05T09:11:40Z,17.273874,66.70578,478.01,12.6512,12.6512,1,35.7309,35.73091,1
2902273,196,2024-09-05T09:11:40Z,17.273874,66.70578,479.95,12.6393,12.6393,1,35.7289,35.72891,1
2902273,196,2024-09-05T09:11:40Z,17.273874,66.70578,481.97,12.6154,12.6154,1,35.725,35.72501,1
2902273,196,2024-09-05T09:11:40Z,17.273874,66.70578,484.02,12.6008,12.6008,1,35.722,35.72201,1
2902273,196,2024-09-05T09:11:40Z,17.273874,66.70578,486.02,12.5666,12.5666,1,35.7173,35.71731,1
2902273,196,2024-09-05T09:11:40Z,17.273874,66.70578,487.99,12.5335,12.5335,1,35.7129,35.71291,1
2902273,196,2024-09-05T09:11:40Z,17.273874,66.70578,490.0,12.5292,12.5292,1,35.7117,35.71171,1
2902273,196,2024-09-05T09:11:40Z,17.273874,66.70578,491.99,12.5344,12.5344,1,35.7151,35.71511,1
2902273,196,2024-09-05T09:11:40Z,17.273874,66.70578,493.95,12.5297,12.5297,1,35.7174,35.71741,1
2902273,196,2024-09-05T09:11:40Z,17.273874,66.70578,495.96,12.4895,12.4895,1,35.7143,35.71431,1
2902273,196,2024-09-05T09:11:40Z,17.273874,66.70578,498.0,12.468,12.468,1,35.7112,35.71121,1
2902273,196,2024-09-05T09:11:40Z,17.273874,66.70578,499.97,12.4627,12.4627,1,35.7111,35.71111,1
2902273,196,2024-09-05T09:11:40Z,17.273874,66.70578,502.0,12.4516,12.4516,1,35.7107,35.71071,1
2902273,196,2024-09-05T09:11:40Z,17.273874,66.70578,503.98,12.4487,12.4487,1,35.7106,35.71061,1
2902273,196,2024-09-05T09:11:40Z,17.273874,66.70578,505.99,12.4426,12.4426,1,35.7099,35.70991,1
2902273,196,2024-09-05T09:11:40Z,17.273874,66.70578,508.0,12.4382,12.4382,1,35.7098,35.70981,1
2902273,196,2024-09-05T09:11:40Z,17.273874,66.70578,509.96,12.4364,12.4364,1,35.7107,35.71071,1
2902273,196,2024-09-05T09:11:40Z,17.273874,66.70578,512.03,12.4151,12.4151,1,35.7101,35.71011,1
2902273,196,2024-09-05T09:11:40Z,17.273874,66.70578,514.06,12.395,12.395,1,35.708,35.70801,1
2902273,196,2024-09-05T09:11:40Z,17.273874,66.70578,516.08,12.3857,12.3857,1,35.7092,35.70921,1
2902273,196,2024-09-05T09:11:40Z,17.273874,66.70578,518.06,12.3692,12.3692,1,35.708,35.70801,1
2902273,196,2024-09-05T09:11:40Z,17.273874,66.70578,520.01,12.3463,12.3463,1,35.7058,35.70581,1
2902273,196,2024-09-05T09:11:40Z,17.273874,66.70578,522.02,12.3006,12.3006,1,35.698,35.69801,1
2902273,196,2024-09-05T09:11:40Z,17.273874,66.70578,524.02,12.2956,12.2956,1,35.6965,35.69651,1
2902273,196,2024-09-05T09:11:40Z,17.273874,66.70578,526.04,12.2696,12.2696,1,35.6936,35.6936,1
2902273,196,2024-09-05T09:11:40Z,17.273874,66.70578,528.03,12.2518,12.2518,1,35.6902,35.6902,1
2902273,196,2024-09-05T09:11:40Z,17.273874,66.70578,529.97,12.2082,12.2082,1,35.6844,35.6844,1
2902273,196,2024-09-05T09:11:40Z,17.273874,66.70578,531.96,12.221,12.221,1,35.6861,35.6861,1
2902273,196,2024-09-05T09:11:40Z,17.273874,66.70578,534.02,12.2497,12.2497,1,35.6951,35.69511,1
2902273,196,2024-09-05T09:11:40Z,17.273874,66.70578,536.03,12.237,12.237,1,35.6944,35.6944,1
2902273,196,2024-09-05T09:11:40Z,17.273874,66.70578,538.01,12.1982,12.1982,1,35.6889,35.6889,1
2902273,196,2024-09-05T09:11:40Z,17.273874,66.70578,540.05,12.1629,12.1629,1,35.6815,35.6815,1
2902273,196,2024-09-05T09:11:40Z,17.273874,66.70578,541.99,12.1337,12.1337,1,35.6774,35.6774,1
2902273,196,2024-09-05T09:11:40Z,17.273874,66.70578,543.93,12.109,12.109,1,35.6733,35.6733,1
2902273,196,2024-09-05T09:11:40Z,17.273874,66.70578,546.02,12.0906,12.0906,1,35.672,35.672,1
2902273,196,2024-09-05T09:11:40Z,17.273874,66.70578,548.06,12.1321,12.1321,1,35.6864,35.68641,1
2902273,196,2024-09-05T09:11:40Z,17.273874,66.70578,550.02,12.1393,12.1393,1,35.6914,35.69141,1
2902273,196,2024-09-05T09:11:40Z,17.273874,66.70578,552.02,12.1275,12.1275,1,35.6926,35.6926,1
2902273,196,2024-09-05T09:11:40Z,17.273874,66.70578,554.03,12.1169,12.1169,1,35.6915,35.69151,1
2902273,196,2024-09-05T09:11:40Z,17.273874,66.70578,555.96,12.1117,12.1117,1,35.6906,35.69061,1
2902273,196,2024-09-05T09:11:40Z,17.273874,66.70578,558.0,12.1072,12.1072,1,35.6908,35.6908,1
2902273,196,2024-09-05T09:11:40Z,17.273874,66.70578,560.05,12.0942,12.0942,1,35.6894,35.6894,1
2902273,196,2024-09-05T09:11:40Z,17.273874,66.70578,561.99,12.0778,12.0778,1,35.687,35.687,1
2902273,196,2024-09-05T09:11:40Z,17.273874,66.70578,564.01,12.049,12.049,1,35.6855,35.6855,1
2902273,196,2024-09-05T09:11:40Z,17.273874,66.70578,565.99,12.0169,12.0169,1,35.6796,35.6796,1
2902273,196,2024-09-05T09:11:40Z,17.273874,66.70578,567.96,12.0136,12.0136,1,35.6794,35.6794,1
2902273,196,2024-09-05T09:11:40Z,17.273874,66.70578,570.02,12.0054,12.0054,1,35.6799,35.6799,1
2902273,196,2024-09-05T09:11:40Z,17.273874,66.70578,572.01,11.9886,11.9886,1,35.6789,35.6789,1
2902273,196,2024-09-05T09:11:40Z,17.273874,66.70578,574.03,11.9761,11.9761,1,35.6778,35.6778,1
2902273,196,2024-09-05T09:11:40Z,17.273874,66.70578,576.02,11.9765,11.9765,1,35.6791,35.6791,1
2902273,196,2024-09-05T09:11:40Z,17.273874,66.70578,578.0,11.9673,11.9673,1,35.68,35.68,1
2902273,196,2024-09-05T09:11:40Z,17.273874,66.70578,579.97,11.9553,11.9553,1,35.6804,35.6804,1
2902273,196,2024-09-05T09:11:40Z,17.273874,66.70578,582.02,11.9341,11.9341,1,35.6799,35.6799,1
2902273,196,2024-09-05T09:11:40Z,17.273874,66.70578,584.06,11.9053,11.9053,1,35.677,35.677,1
2902273,196,2024-09-05T09:11:40Z,17.273874,66.70578,586.04,11.8818,11.8818,1,35.6744,35.6744,1
2902273,196,2024-09-05T09:11:40Z,17.273874,66.70578,588.03,11.8566,11.8566,1,35.6715,35.6715,1
2902273,196,2024-09-05T09:11:40Z,17.273874,66.70578,590.02,11.8362,11.8362,1,35.668,35.668,1
2902273,196,2024-09-05T09:11:40Z,17.273874,66.70578,592.01,11.8,11.8,1,35.6644,35.6644,1
2902273,196,2024-09-05T09:11:40Z,17.273874,66.70578,593.97,11.7775,11.7775,1,35.662,35.662,1
2902273,196,2024-09-05T09:11:40Z,17.273874,66.70578,595.97,11.7622,11.7622,1,35.6611,35.6611,1
2902273,196,2024-09-05T09:11:40Z,17.273874,66.70578,597.96,11.7277,11.7277,1,35.6574,35.6574,1
2902273,196,2024-09-05T09:11:40Z,17.273874,66.70578,600.0,11.7164,11.7164,1,35.6564,35.6564,1
2902273,196,2024-09-05T09:11:40Z,17.273874,66.70578,601.99,11.7011,11.7011,1,35.6553,35.6553,1
2902273,196,2024-09-05T09:11:40Z,17.273874,66.70578,603.97,11.6704,11.6704,1,35.6548,35.6548,1
2902273,196,2024-09-05T09:11:40Z,17.273874,66.70578,605.99,11.6318,11.6318,1,35.6503,35.6503,1
2902273,196,2024-09-05T09:11:40Z,17.273874,66.70578,607.99,11.6202,11.6202,1,35.6505,35.6505,1
2902273,196,2024-09-05T09:11:40Z,17.273874,66.70578,609.95,11.5942,11.5942,1,35.6486,35.6486,1
2902273,196,2024-09-05T09:11:40Z,17.273874,66.70578,611.98,11.5685,11.5685,1,35.6459,35.6459,1
2902273,196,2024-09-05T09:11:40Z,17.273874,66.70578,614.02,11.5487,11.5487,1,35.6429,35.64289,1
2902273,196,2024-09-05T09:11:40Z,17.273874,66.70578,616.02,11.5261,11.5261,1,35.6409,35.6409,1
2902273,196,2024-09-05T09:11:40Z,17.273874,66.70578,618.01,11.5059,11.5059,1,35.6385,35.6385,1
2902273,196,2024-09-05T09:11:40Z,17.273874,66.70578,620.01,11.4971,11.4971,1,35.6375,35.6375,1
2902273,196,2024-09-05T09:11:40Z,17.273874,66.70578,622.0,11.4732,11.4732,1,35.6368,35.6368,1
2902273,196,2024-09-05T09:11:40Z,17.273874,66.70578,624.01,11.4472,11.4472,1,35.6347,35.63469,1
2902273,196,2024-09-05T09:11:40Z,17.273874,66.70578,626.03,11.441,11.441,1,35.6346,35.63459,1
2902273,196,2024-09-05T09:11:40Z,17.273874,66.70578,628.02,11.441,11.441,1,35.6348,35.6348,1
2902273,196,2024-09-05T09:11:40Z,17.273874,66.70578,630.02,11.4335,11.4335,1,35.6345,35.63449,1
2902273,196,2024-09-05T09:11:40Z,17.273874,66.70578,631.99,11.4016,11.4016,1,35.6311,35.6311,1
2902273,196,2024-09-05T09:11:40Z,17.273874,66.70578,633.97,11.3758,11.3758,1,35.6269,35.62689,1
2902273,196,2024-09-05T09:11:40Z,17.273874,66.70578,635.97,11.3634,11.3634,1,35.6258,35.62579,1
2902273,196,2024-09-05T09:11:40Z,17.273874,66.70578,637.98,11.3463,11.3463,1,35.624,35.62399,1
2902273,196,2024-09-05T09:11:40Z,17.273874,66.70578,640.03,11.3262,11.3262,1,35.6223,35.62229,1
2902273,196,2024-09-05T09:11:40Z,17.273874,66.70578,642.05,11.3369,11.3369,1,35.6255,35.62549,1
2902273,196,2024-09-05T09:11:40Z,17.273874,66.70578,644.05,11.3434,11.3434,1,35.6294,35.62939,1
2902273,196,2024-09-05T09:11:40Z,17.273874,66.70578,646.0,11.3294,11.3294,1,35.6287,35.62869,1
2902273,196,2024-09-05T09:11:40Z,17.273874,66.70578,648.02,11.3203,11.3203,1,35.6277,35.62769,1
2902273,196,2024-09-05T09:11:40Z,17.273874,66.70578,650.01,11.2956,11.2956,1,35.6256,35.62559,1
2902273,196,2024-09-05T09:11:40Z,17.273874,66.70578,651.97,11.2847,11.2847,1,35.6246,35.62459,1
2902273,196,2024-09-05T09:11:40Z,17.273874,66.70578,653.95,11.253,11.253,1,35.6227,35.62269,1
2902273,196,2024-09-05T09:11:40Z,17.273874,66.70578,655.95,11.2181,11.2181,1,35.6198,35.61979,1
2902273,196,2024-09-05T09:11:40Z,17.273874,66.70578,657.98,11.1944,11.1944,1,35.6157,35.61569,1
2902273,196,2024-09-05T09:11:40Z,17.273874,66.70578,660.01,11.14,11.14,1,35.6079,35.60789,1
2902273,196,2024-09-05T09:11:40Z,17.273874,66.70578,661.97,11.1194,11.1194,1,35.6039,35.60389,1
2902273,196,2024-09-05T09:11:40Z,17.273874,66.70578,663.98,11.1098,11.1098,1,35.6038,35.60379,1
2902273,196,2024-09-05T09:11:40Z,17.273874,66.70578,666.02,11.0731,11.0731,1,35.6016,35.60159,1
2902273,196,2024-09-05T09:11:40Z,17.273874,66.70578,668.04,11.0462,11.0462,1,35.5974,35.59739,1
2902273,196,2024-09-05T09:11:40Z,17.273874,66.70578,670.0,11.0455,11.0455,1,35.5967,35.59669,1
2902273,196,2024-09-05T09:11:40Z,17.273874,66.70578,671.96,11.0237,11.0237,1,35.5949,35.59489,1
2902273,196,2024-09-05T09:11:40Z,17.273874,66.70578,674.01,10.9795,10.9795,1,35.5871,35.58709,1
2902273,196,2024-09-05T09:11:40Z,17.273874,66.70578,675.98,10.9502,10.9502,1,35.5813,35.58129,1
2902273,196,2024-09-05T09:11:40Z,17.273874,66.70578,677.99,10.9589,10.9589,1,35.5837,35.58369,1
2902273,196,2024-09-05T09:11:40Z,17.273874,66.70578,680.02,10.9811,10.9811,1,35.5919,35.59189,1
2902273,196,2024-09-05T09:11:40Z,17.273874,66.70578,682.01,10.9808,10.9808,1,35.5924,35.59239,1
2902273,196,2024-09-05T09:11:40Z,17.273874,66.70578,684.02,10.9786,10.9786,1,35.5916,35.59159,1
2902273,196,2024-09-05T09:11:40Z,17.273874,66.70578,686.05,10.9524,10.9524,1,35.5883,35.58829,1
2902273,196,2024-09-05T09:11:40Z,17.273874,66.70578,688.03,10.8899,10.8899,1,35.5801,35.58009,1
2902273,196,2024-09-05T09:11:40Z,17.273874,66.70578,690.0,10.8516,10.8516,1,35.5738,35.57378,1
2902273,196,2024-09-05T09:11:40Z,17.273874,66.70578,691.99,10.8472,10.8472,1,35.5725,35.57249,1
2902273,196,2024-09-05T09:11:40Z,17.273874,66.70578,694.01,10.8556,10.8556,1,35.5775,35.57748,1
2902273,196,2024-09-05T09:11:40Z,17.273874,66.70578,696.04,10.8394,10.8394,1,35.5761,35.57608,1
2902273,196,2024-09-05T09:11:40Z,17.273874,66.70578,698.0,10.8714,10.8714,1,35.5839,35.58389,1
2902273,196,2024-09-05T09:11:40Z,17.273874,66.70578,699.93,10.8732,10.8732,1,35.5867,35.58669,1
2902273,196,2024-09-05T09:11:40Z,17.273874,66.70578,701.98,10.8325,10.8325,1,35.5809,35.58089,1
2902273,196,2024-09-05T09:11:40Z,17.273874,66.70578,703.98,10.8325,10.8325,1,35.5827,35.58269,1
2902273,196,2024-09-05T09:11:40Z,17.273874,66.70578,705.95,10.8268,10.8268,1,35.5827,35.58269,1
2902273,196,2024-09-05T09:11:40Z,17.273874,66.70578,707.97,10.815,10.815,1,35.5817,35.58169,1
2902273,196,2024-09-05T09:11:40Z,17.273874,66.70578,709.96,10.7986,10.7986,1,35.5803,35.58029,1
2902273,196,2024-09-05T09:11:40Z,17.273874,66.70578,712.0,10.7777,10.7777,1,35.577,35.57698,1
2902273,196,2024-09-05T09:11:40Z,17.273874,66.70578,714.04,10.7603,10.7603,1,35.5732,35.57318,1
2902273,196,2024-09-05T09:11:40Z,17.273874,66.70578,716.03,10.7116,10.7116,1,35.5649,35.56488,1
2902273,196,2024-09-05T09:11:40Z,17.273874,66.70578,717.99,10.7194,10.7194,1,35.5668,35.56678,1
2902273,196,2024-09-05T09:11:40Z,17.273874,66.70578,719.95,10.7171,10.7171,1,35.5698,35.56979,1
2902273,196,2024-09-05T09:11:40Z,17.273874,66.70578,721.98,10.707,10.707,1,35.569,35.56898,1
2902273,196,2024-09-05T09:11:40Z,17.273874,66.70578,724.01,10.6921,10.6921,1,35.5687,35.56868,1
2902273,196,2024-09-05T09:11:40Z,17.273874,66.70578,725.95,10.6804,10.6804,1,35.5674,35.56738,1
2902273,196,2024-09-05T09:11:40Z,17.273874,66.70578,727.95,10.669,10.669,1,35.5664,35.56638,1
2902273,196,2024-09-05T09:11:40Z,17.273874,66.70578,730.01,10.6442,10.6442,1,35.5641,35.56408,1
2902273,196,2024-09-05T09:11:40Z,17.273874,66.70578,731.99,10.6276,10.6276,1,35.5627,35.56268,1
2902273,196,2024-09-05T09:11:40Z,17.273874,66.70578,734.02,10.6189,10.6189,1,35.5636,35.56358,1
2902273,196,2024-09-05T09:11:40Z,17.273874,66.70578,736.01,10.6111,10.6111,1,35.5636,35.56358,1
2902273,196,2024-09-05T09:11:40Z,17.273874,66.70578,737.96,10.5965,10.5965,1,35.5626,35.56258,1
2902273,196,2024-09-05T09:11:40Z,17.273874,66.70578,739.96,10.5868,10.5868,1,35.5614,35.56138,1
2902273,196,2024-09-05T09:11:40Z,17.273874,66.70578,741.96,10.5763,10.5763,1,35.5609,35.56088,1
2902273,196,2024-09-05T09:11:40Z,17.273874,66.70578,744.01,10.5633,10.5633,1,35.5593,35.55928,1
2902273,196,2024-09-05T09:11:40Z,17.273874,66.70578,746.0,10.5612,10.5612,1,35.5586,35.55858,1
2902273,196,2024-09-05T09:11:40Z,17.273874,66.70578,747.99,10.5544,10.5544,1,35.5581,35.55808,1
2902273,196,2024-09-05T09:11:40Z,17.273874,66.70578,749.99,10.5323,10.5323,1,35.5569,35.55688,1
2902273,196,2024-09-05T09:11:40Z,17.273874,66.70578,751.93,10.5182,10.5182,1,35.5554,35.55538,1
2902273,196,2024-09-05T09:11:40Z,17.273874,66.70578,753.98,10.496,10.496,1,35.5538,35.55378,1
2902273,196,2024-09-05T09:11:40Z,17.273874,66.70578,756.03,10.4832,10.4832,1,35.5525,35.55248,1
2902273,196,2024-09-05T09:11:40Z,17.273874,66.70578,757.97,10.4747,10.4747,1,35.5518,35.55178,1
2902273,196,2024-09-05T09:11:40Z,17.273874,66.70578,759.97,10.4695,10.4695,1,35.5513,35.55128,1
2902273,196,2024-09-05T09:11:40Z,17.273874,66.70578,761.96,10.4633,10.4633,1,35.5511,35.55108,1
2902273,196,2024-09-05T09:11:40Z,17.273874,66.70578,763.99,10.459,10.459,1,35.5508,35.55078,1
2902273,196,2024-09-05T09:11:40Z,17.273874,66.70578,766.02,10.4524,10.4524,1,35.5505,35.55048,1
2902273,196,2024-09-05T09:11:40Z,17.273874,66.70578,767.94,10.4369,10.4369,1,35.5489,35.54888,1
2902273,196,2024-09-05T09:11:40Z,17.273874,66.70578,769.96,10.421,10.421,1,35.5467,35.54668,1
2902273,196,2024-09-05T09:11:40Z,17.273874,66.70578,772.01,10.3997,10.3997,1,35.543,35.54298,1
2902273,196,2024-09-05T09:11:40Z,17.273874,66.70578,773.98,10.3501,10.3501,1,35.535,35.53498,1
2902273,196,2024-09-05T09:11:40Z,17.273874,66.70578,776.0,10.3249,10.3249,1,35.5309,35.53088,1
2902273,196,2024-09-05T09:11:40Z,17.273874,66.70578,778.01,10.3125,10.3125,1,35.5297,35.52968,1
2902273,196,2024-09-05T09:11:40Z,17.273874,66.70578,780.01,10.3006,10.3006,1,35.5283,35.52828,1
2902273,196,2024-09-05T09:11:40Z,17.273874,66.70578,782.0,10.2977,10.2977,1,35.5286,35.52858,1
2902273,196,2024-09-05T09:11:40Z,17.273874,66.70578,783.99,10.2945,10.2945,1,35.5291,35.52908,1
2902273,196,2024-09-05T09:11:40Z,17.273874,66.70578,786.04,10.299,10.299,1,35.5317,35.53168,1
2902273,196,2024-09-05T09:11:40Z,17.273874,66.70578,788.03,10.2581,10.2581,1,35.5282,35.52818,1
2902273,196,2024-09-05T09:11:40Z,17.273874,66.70578,790.03,10.2485,10.2485,1,35.5256,35.52558,1
2902273,196,2024-09-05T09:11:40Z,17.273874,66.70578,791.98,10.2403,10.2403,1,35.5244,35.52438,1
2902273,196,2024-09-05T09:11:40Z,17.273874,66.70578,793.98,10.2344,10.2344,1,35.5237,35.52368,1
2902273,196,2024-09-05T09:11:40Z,17.273874,66.70578,796.02,10.2254,10.2254,1,35.5232,35.52318,1
2902273,196,2024-09-05T09:11:40Z,17.273874,66.70578,798.02,10.2061,10.2061,1,35.5212,35.52118,1
2902273,196,2024-09-05T09:11:40Z,17.273874,66.70578,800.02,10.1856,10.1856,1,35.5199,35.51988,1
2902273,196,2024-09-05T09:11:40Z,17.273874,66.70578,802.0,10.1704,10.1704,1,35.5183,35.51828,1
2902273,196,2024-09-05T09:11:40Z,17.273874,66.70578,803.93,10.1556,10.1556,1,35.5169,35.51688,1
2902273,196,2024-09-05T09:11:40Z,17.273874,66.70578,805.96,10.1526,10.1526,1,35.5185,35.51848,1
2902273,196,2024-09-05T09:11:40Z,17.273874,66.70578,807.99,10.1415,10.1415,1,35.518,35.51798,1
2902273,196,2024-09-05T09:11:40Z,17.273874,66.70578,810.02,10.1288,10.1288,1,35.5168,35.51678,1
2902273,196,2024-09-05T09:11:40Z,17.273874,66.70578,812.01,10.1148,10.1148,1,35.5153,35.51528,1
2902273,196,2024-09-05T09:11:40Z,17.273874,66.70578,813.99,10.0939,10.0939,1,35.5127,35.51268,1
2902273,196,2024-09-05T09:11:40Z,17.273874,66.70578,816.0,10.0711,10.0711,1,35.5107,35.51068,1
2902273,196,2024-09-05T09:11:40Z,17.273874,66.70578,817.98,10.0585,10.0585,1,35.5093,35.50928,1
2902273,196,2024-09-05T09:11:40Z,17.273874,66.70578,819.97,10.0487,10.0487,1,35.5086,35.50858,1
2902273,196,2024-09-05T09:11:40Z,17.273874,66.70578,821.99,10.0316,10.0316,1,35.507,35.50698,1
2902273,196,2024-09-05T09:11:40Z,17.273874,66.70578,824.02,10.0176,10.0176,1,35.5061,35.50608,1
2902273,196,2024-09-05T09:11:40Z,17.273874,66.70578,826.06,10.0085,10.0085,1,35.5068,35.50677,1
2902273,196,2024-09-05T09:11:40Z,17.273874,66.70578,828.06,9.998,9.998,1,35.5059,35.50587,1
2902273,196,2024-09-05T09:11:40Z,17.273874,66.70578,830.05,9.9788,9.9788,1,35.5042,35.50418,1
2902273,196,2024-09-05T09:11:40Z,17.273874,66.70578,832.06,9.965,9.965,1,35.5035,35.50348,1
2902273,196,2024-09-05T09:11:40Z,17.273874,66.70578,834.02,9.9527,9.9527,1,35.5037,35.50368,1
2902273,196,2024-09-05T09:11:40Z,17.273874,66.70578,835.99,9.9338,9.9338,1,35.5027,35.50267,1
2902273,196,2024-09-05T09:11:40Z,17.273874,66.70578,838.0,9.9325,9.9325,1,35.5034,35.50338,1
2902273,196,2024-09-05T09:11:40Z,17.273874,66.70578,840.03,9.9259,9.9259,1,35.5031,35.50307,1
2902273,196,2024-09-05T09:11:40Z,17.273874,66.70578,842.02,9.9141,9.9141,1,35.5024,35.50238,1
2902273,196,2024-09-05T09:11:40Z,17.273874,66.70578,843.97,9.9055,9.9055,1,35.5025,35.50248,1
2902273,196,2024-09-05T09:11:40Z,17.273874,66.70578,845.99,9.9021,9.9021,1,35.5047,35.50468,1
2902273,196,2024-09-05T09:11:40Z,17.273874,66.70578,848.03,9.8657,9.8657,1,35.5001,35.50008,1
2902273,196,2024-09-05T09:11:40Z,17.273874,66.70578,850.05,9.8382,9.8382,1,35.4949,35.49487,1
2902273,196,2024-09-05T09:11:40Z,17.273874,66.70578,852.03,9.8216,9.8216,1,35.4935,35.49347,1
2902273,196,2024-09-05T09:11:40Z,17.273874,66.70578,854.03,9.8024,9.8024,1,35.4904,35.49038,1
2902273,196,2024-09-05T09:11:40Z,17.273874,66.70578,856.02,9.7861,9.7861,1,35.4893,35.48927,1
2902273,196,2024-09-05T09:11:40Z,17.273874,66.70578,858.01,9.7679,9.7679,1,35.4879,35.48787,1
2902273,196,2024-09-05T09:11:40Z,17.273874,66.70578,860.03,9.741,9.741,1,35.4861,35.48607,1
2902273,196,2024-09-05T09:11:40Z,17.273874,66.70578,862.02,9.7313,9.7313,1,35.4849,35.48487,1
2902273,196,2024-09-05T09:11:40Z,17.273874,66.70578,864.03,9.7264,9.7264,1,35.4845,35.48447,1
2902273,196,2024-09-05T09:11:40Z,17.273874,66.70578,865.99,9.7238,9.7238,1,35.4843,35.48427,1
2902273,196,2024-09-05T09:11:40Z,17.273874,66.70578,867.96,9.7228,9.7228,1,35.4845,35.48447,1
2902273,196,2024-09-05T09:11:40Z,17.273874,66.70578,869.99,9.7152,9.7152,1,35.4853,35.48527,1
2902273,196,2024-09-05T09:11:40Z,17.273874,66.70578,872.01,9.7059,9.7059,1,35.4847,35.48467,1
2902273,196,2024-09-05T09:11:40Z,17.273874,66.70578,874.0,9.7015,9.7015,1,35.4846,35.48457,1
2902273,196,2024-09-05T09:11:40Z,17.273874,66.70578,876.01,9.6888,9.6888,1,35.4838,35.48377,1
2902273,196,2024-09-05T09:11:40Z,17.273874,66.70578,878.01,9.6831,9.6831,1,35.4846,35.48457,1
2902273,196,2024-09-05T09:11:40Z,17.273874,66.70578,880.04,9.6804,9.6804,1,35.4842,35.48417,1
2902273,196,2024-09-05T09:11:40Z,17.273874,66.70578,882.01,9.6757,9.6757,1,35.4839,35.48387,1
2902273,196,2024-09-05T09:11:40Z,17.273874,66.70578,884.02,9.6632,9.6632,1,35.4831,35.48307,1
2902273,196,2024-09-05T09:11:40Z,17.273874,66.70578,886.04,9.6515,9.6515,1,35.4827,35.48267,1
2902273,196,2024-09-05T09:11:40Z,17.273874,66.70578,888.02,9.6342,9.6342,1,35.4813,35.48127,1
2902273,196,2024-09-05T09:11:40Z,17.273874,66.70578,890.01,9.6248,9.6248,1,35.4804,35.48037,1
2902273,196,2024-09-05T09:11:40Z,17.273874,66.70578,891.98,9.6164,9.6164,1,35.4797,35.47967,1
2902273,196,2024-09-05T09:11:40Z,17.273874,66.70578,893.98,9.609,9.609,1,35.4791,35.47907,1
2902273,196,2024-09-05T09:11:40Z,17.273874,66.70578,896.0,9.6037,9.6037,1,35.4785,35.47847,1
2902273,196,2024-09-05T09:11:40Z,17.273874,66.70578,897.99,9.5817,9.5817,1,35.4772,35.47717,1
2902273,196,2024-09-05T09:11:40Z,17.273874,66.70578,900.02,9.566,9.566,1,35.475,35.47497,1
2902273,196,2024-09-05T09:11:40Z,17.273874,66.70578,902.02,9.5608,9.5608,1,35.4742,35.47417,1
2902273,196,2024-09-05T09:11:40Z,17.273874,66.70578,903.97,9.5512,9.5512,1,35.4729,35.47287,1
2902273,196,2024-09-05T09:11:40Z,17.273874,66.70578,905.94,9.5339,9.5339,1,35.4711,35.47107,1
2902273,196,2024-09-05T09:11:40Z,17.273874,66.70578,907.94,9.518,9.518,1,35.4698,35.46977,1
2902273,196,2024-09-05T09:11:40Z,17.273874,66.70578,909.95,9.5069,9.5069,1,35.4689,35.46887,1
2902273,196,2024-09-05T09:11:40Z,17.273874,66.70578,911.96,9.5038,9.5038,1,35.4695,35.46947,1
2902273,196,2024-09-05T09:11:40Z,17.273874,66.70578,913.97,9.4925,9.4925,1,35.4685,35.46847,1
2902273,196,2024-09-05T09:11:40Z,17.273874,66.70578,915.98,9.4794,9.4794,1,35.4672,35.46717,1
2902273,196,2024-09-05T09:11:40Z,17.273874,66.70578,917.97,9.4685,9.4685,1,35.4663,35.46627,1
2902273,196,2024-09-05T09:11:40Z,17.273874,66.70578,919.97,9.456,9.456,1,35.4651,35.46507,1
2902273,196,2024-09-05T09:11:40Z,17.273874,66.70578,921.98,9.4432,9.4432,1,35.4637,35.46367,1
2902273,196,2024-09-05T09:11:40Z,17.273874,66.70578,923.98,9.4322,9.4322,1,35.4624,35.46237,1
2902273,196,2024-09-05T09:11:40Z,17.273874,66.70578,925.95,9.4147,9.4147,1,35.4607,35.46067,1
2902273,196,2024-09-05T09:11:40Z,17.273874,66.70578,927.91,9.3996,9.3996,1,35.4587,35.45867,1
2902273,196,2024-09-05T09:11:40Z,17.273874,66.70578,929.96,9.3745,9.3745,1,35.4568,35.45677,1
2902273,196,2024-09-05T09:11:40Z,17.273874,66.70578,932.02,9.3492,9.3492,1,35.4536,35.45357,1
2902273,196,2024-09-05T09:11:40Z,17.273874,66.70578,933.98,9.3274,9.3274,1,35.4513,35.45127,1
2902273,196,2024-09-05T09:11:40Z,17.273874,66.70578,935.99,9.2899,9.2899,1,35.4477,35.44767,1
2902273,196,2024-09-05T09:11:40Z,17.273874,66.70578,938.07,9.2639,9.2639,1,35.4448,35.44477,1
2902273,196,2024-09-05T09:11:40Z,17.273874,66.70578,940.07,9.2491,9.2491,1,35.4429,35.44287,1
2902273,196,2024-09-05T09:11:40Z,17.273874,66.70578,942.03,9.2425,9.2425,1,35.4422,35.44217,1
2902273,196,2024-09-05T09:11:40Z,17.273874,66.70578,944.0,9.2371,9.2371,1,35.4414,35.44137,1
2902273,196,2024-09-05T09:11:40Z,17.273874,66.70578,946.0,9.2319,9.2319,1,35.4407,35.44067,1
2902273,196,2024-09-05T09:11:40Z,17.273874,66.70578,948.0,9.2148,9.2148,1,35.4398,35.43977,1
2902273,196,2024-09-05T09:11:40Z,17.273874,66.70578,950.02,9.1878,9.1878,1,35.4375,35.43747,1
2902273,196,2024-09-05T09:11:40Z,17.273874,66.70578,952.01,9.1607,9.1607,1,35.4348,35.43477,1
2902273,196,2024-09-05T09:11:40Z,17.273874,66.70578,954.01,9.1331,9.1331,1,35.4321,35.43207,1
2902273,196,2024-09-05T09:11:40Z,17.273874,66.70578,956.05,9.1157,9.1157,1,35.4301,35.43007,1
2902273,196,2024-09-05T09:11:40Z,17.273874,66.70578,958.08,9.1088,9.1088,1,35.4297,35.42967,1
2902273,196,2024-09-05T09:11:40Z,17.273874,66.70578,960.0,9.0907,9.0907,1,35.4279,35.42787,1
2902273,196,2024-09-05T09:11:40Z,17.273874,66.70578,961.97,9.0789,9.0789,1,35.4265,35.42647,1
2902273,196,2024-09-05T09:11:40Z,17.273874,66.70578,964.01,9.0716,9.0716,1,35.4256,35.42557,1
2902273,196,2024-09-05T09:11:40Z,17.273874,66.70578,965.99,9.0577,9.0577,1,35.4245,35.42447,1
2902273,196,2024-09-05T09:11:40Z,17.273874,66.70578,967.97,9.0425,9.0425,1,35.4226,35.42257,1
2902273,196,2024-09-05T09:11:40Z,17.273874,66.70578,970.02,9.0228,9.0228,1,35.4208,35.42076,1
2902273,196,2024-09-05T09:11:40Z,17.273874,66.70578,972.03,8.9951,8.9951,1,35.4168,35.41677,1
2902273,196,2024-09-05T09:11:40Z,17.273874,66.70578,974.01,8.9787,8.9787,1,35.4146,35.41457,1
2902273,196,2024-09-05T09:11:40Z,17.273874,66.70578,976.03,8.9637,8.9637,1,35.4127,35.41267,1
2902273,196,2024-09-05T09:11:40Z,17.273874,66.70578,978.08,8.9557,8.9557,1,35.411,35.41096,1
2902273,196,2024-09-05T09:11:40Z,17.273874,66.70578,980.07,8.9498,8.9498,1,35.4101,35.41006,1
2902273,196,2024-09-05T09:11:40Z,17.273874,66.70578,982.05,8.9474,8.9474,1,35.4091,35.40907,1
2902273,196,2024-09-05T09:11:40Z,17.273874,66.70578,984.06,8.943,8.943,1,35.4082,35.40816,1
2902273,196,2024-09-05T09:11:40Z,17.273874,66.70578,986.03,8.9174,8.9174,1,35.4046,35.40456,1
2902273,196,2024-09-05T09:11:40Z,17.273874,66.70578,988.0,8.8678,8.8678,1,35.3982,35.39816,1
2902273,196,2024-09-05T09:11:40Z,17.273874,66.70578,989.97,8.8461,8.8461,1,35.3941,35.39406,1
2902273,196,2024-09-05T09:11:40Z,17.273874,66.70578,991.93,8.839,8.839,1,35.3926,35.39256,1
2902273,196,2024-09-05T09:11:40Z,17.273874,66.70578,993.98,8.8315,8.8315,1,35.3917,35.39166,1
2902273,196,2024-09-05T09:11:40Z,17.273874,66.70578,996.05,8.8117,8.8117,1,35.39,35.38996,1
2902273,196,2024-09-05T09:11:40Z,17.273874,66.70578,998.03,8.7993,8.7993,1,35.3886,35.38856,1
2902273,196,2024-09-05T09:11:40Z,17.273874,66.70578,1000.02,8.781,8.781,1,35.3878,35.38776,1
2902273,196,2024-09-05T09:11:40Z,17.273874,66.70578,1002.04,8.7653,8.7653,1,35.386,35.38596,1
2902273,196,2024-09-05T09:11:40Z,17.273874,66.70578,1004.03,8.7541,8.7541,1,35.3847,35.38466,1
2902273,196,2024-09-05T09:11:40Z,17.273874,66.70578,1006.02,8.7439,8.7439,1,35.3839,35.38386,1
2902273,196,2024-09-05T09:11:40Z,17.273874,66.70578,1007.96,8.7347,8.7347,1,35.3829,35.38286,1
2902273,196,2024-09-05T09:11:40Z,17.273874,66.70578,1009.99,8.7102,8.7102,1,35.3808,35.38076,1
2902273,196,2024-09-05T09:11:40Z,17.273874,66.70578,1012.02,8.692,8.692,1,35.3786,35.37856,1
2902273,196,2024-09-05T09:11:40Z,17.273874,66.70578,1013.97,8.6812,8.6812,1,35.3775,35.37746,1
2902273,196,2024-09-05T09:11:40Z,17.273874,66.70578,1015.99,8.6696,8.6696,1,35.3778,35.37776,1
2902273,196,2024-09-05T09:11:40Z,17.273874,66.70578,1018.06,8.6456,8.6456,1,35.3765,35.37646,1
2902273,196,2024-09-05T09:11:40Z,17.273874,66.70578,1020.04,8.6296,8.6296,1,35.3746,35.37456,1
2902273,196,2024-09-05T09:11:40Z,17.273874,66.70578,1022.04,8.6008,8.6008,1,35.3715,35.37146,1
2902273,196,2024-09-05T09:11:40Z,17.273874,66.70578,1024.02,8.5741,8.5741,1,35.3691,35.36906,1
2902273,196,2024-09-05T09:11:40Z,17.273874,66.70578,1026.0,8.5581,8.5581,1,35.3669,35.36686,1
2902273,196,2024-09-05T09:11:40Z,17.273874,66.70578,1028.0,8.5261,8.5261,1,35.3641,35.36406,1
2902273,196,2024-09-05T09:11:40Z,17.273874,66.70578,1029.98,8.485,8.485,1,35.359,35.35896,1
2902273,196,2024-09-05T09:11:40Z,17.273874,66.70578,1031.97,8.4591,8.4591,1,35.3557,35.35566,1
2902273,196,2024-09-05T09:11:40Z,17.273874,66.70578,1033.96,8.4476,8.4476,1,35.3548,35.35476,1
2902273,196,2024-09-05T09:11:40Z,17.273874,66.70578,1035.99,8.4275,8.4275,1,35.3531,35.35306,1
2902273,196,2024-09-05T09:11:40Z,17.273874,66.70578,1037.98,8.4125,8.4125,1,35.3511,35.35106,1
2902273,196,2024-09-05T09:11:40Z,17.273874,66.70578,1039.97,8.3943,8.3943,1,35.3485,35.34846,1
2902273,196,2024-09-05T09:11:40Z,17.273874,66.70578,1042.04,8.3766,8.3766,1,35.3465,35.34646,1
2902273,196,2024-09-05T09:11:40Z,17.273874,66.70578,1044.03,8.3598,8.3598,1,35.3448,35.34476,1
2902273,196,2024-09-05T09:11:40Z,17.273874,66.70578,1045.99,8.3165,8.3165,1,35.3411,35.34106,1
2902273,196,2024-09-05T09:11:40Z,17.273874,66.70578,1047.99,8.3049,8.3049,1,35.3393,35.33926,1
2902273,196,2024-09-05T09:11:40Z,17.273874,66.70578,1050.04,8.2872,8.2872,1,35.3377,35.33766,1
2902273,196,2024-09-05T09:11:40Z,17.273874,66.70578,1052.0,8.27,8.27,1,35.3355,35.33546,1
2902273,196,2024-09-05T09:11:40Z,17.273874,66.70578,1053.96,8.2622,8.2622,1,35.3344,35.33436,1
2902273,196,2024-09-05T09:11:40Z,17.273874,66.70578,1055.99,8.2534,8.2534,1,35.3332,35.33316,1
2902273,196,2024-09-05T09:11:40Z,17.273874,66.70578,1058.03,8.2337,8.2337,1,35.3313,35.33126,1
2902273,196,2024-09-05T09:11:40Z,17.273874,66.70578,1060.01,8.1991,8.1991,1,35.3278,35.32776,1
2902273,196,2024-09-05T09:11:40Z,17.273874,66.70578,1061.98,8.1659,8.1659,1,35.3247,35.32466,1
2902273,196,2024-09-05T09:11:40Z,17.273874,66.70578,1064.0,8.1416,8.1416,1,35.3223,35.32226,1
2902273,196,2024-09-05T09:11:40Z,17.273874,66.70578,1066.0,8.1237,8.1237,1,35.3199,35.31985,1
2902273,196,2024-09-05T09:11:40Z,17.273874,66.70578,1067.97,8.1177,8.1177,1,35.3191,35.31906,1
2902273,196,2024-09-05T09:11:40Z,17.273874,66.70578,1070.01,8.1097,8.1097,1,35.3183,35.31826,1
2902273,196,2024-09-05T09:11:40Z,17.273874,66.70578,1072.0,8.0962,8.0962,1,35.3172,35.31716,1
2902273,196,2024-09-05T09:11:40Z,17.273874,66.70578,1073.97,8.0766,8.0766,1,35.3149,35.31486,1
2902273,196,2024-09-05T09:11:40Z,17.273874,66.70578,1075.98,8.0587,8.0587,1,35.3132,35.31316,1
2902273,196,2024-09-05T09:11:40Z,17.273874,66.70578,1078.0,8.0338,8.0338,1,35.3108,35.31076,1
2902273,196,2024-09-05T09:11:40Z,17.273874,66.70578,1080.05,8.0191,8.0191,1,35.309,35.30896,1
2902273,196,2024-09-05T09:11:40Z,17.273874,66.70578,1082.04,8.0097,8.0097,1,35.3082,35.30816,1
2902273,196,2024-09-05T09:11:40Z,17.273874,66.70578,1084.0,7.9912,7.9912,1,35.3066,35.30656,1
2902273,196,2024-09-05T09:11:40Z,17.273874,66.70578,1085.96,7.9801,7.9801,1,35.3052,35.30516,1
2902273,196,2024-09-05T09:11:40Z,17.273874,66.70578,1087.99,7.9743,7.9743,1,35.3049,35.30486,1
2902273,196,2024-09-05T09:11:40Z,17.273874,66.70578,1090.01,7.9689,7.9689,1,35.3046,35.30455,1
2902273,196,2024-09-05T09:11:40Z,17.273874,66.70578,1091.98,7.9606,7.9606,1,35.3037,35.30365,1
2902273,196,2024-09-05T09:11:40Z,17.273874,66.70578,1093.99,7.9442,7.9442,1,35.3018,35.30175,1
2902273,196,2024-09-05T09:11:40Z,17.273874,66.70578,1095.99,7.929,7.929,1,35.3008,35.30075,1
2902273,196,2024-09-05T09:11:40Z,17.273874,66.70578,1097.98,7.9011,7.9011,1,35.2976,35.29755,1
2902273,196,2024-09-05T09:11:40Z,17.273874,66.70578,1100.02,7.8844,7.8844,1,35.2956,35.29556,1
2902273,196,2024-09-05T09:11:40Z,17.273874,66.70578,1102.01,7.8722,7.8722,1,35.2943,35.29425,1
2902273,196,2024-09-05T09:11:40Z,17.273874,66.70578,1103.98,7.857,7.857,1,35.2932,35.29316,1
2902273,196,2024-09-05T09:11:40Z,17.273874,66.70578,1106.01,7.8435,7.8435,1,35.2917,35.29165,1
2902273,196,2024-09-05T09:11:40Z,17.273874,66.70578,1107.97,7.8377,7.8377,1,35.2912,35.29115,1
2902273,196,2024-09-05T09:11:40Z,17.273874,66.70578,1109.97,7.831,7.831,1,35.2908,35.29075,1
2902273,196,2024-09-05T09:11:40Z,17.273874,66.70578,1112.01,7.8238,7.8238,1,35.291,35.29095,1
2902273,196,2024-09-05T09:11:40Z,17.273874,66.70578,1114.04,7.8201,7.8201,1,35.2907,35.29065,1
2902273,196,2024-09-05T09:11:40Z,17.273874,66.70578,1116.09,7.8137,7.8137,1,35.2902,35.29015,1
2902273,196,2024-09-05T09:11:40Z,17.273874,66.70578,1118.03,7.8035,7.8035,1,35.2893,35.28925,1
2902273,196,2024-09-05T09:11:40Z,17.273874,66.70578,1120.02,7.7866,7.7866,1,35.2873,35.28725,1
2902273,196,2024-09-05T09:11:40Z,17.273874,66.70578,1122.01,7.7737,7.7737,1,35.2857,35.28565,1
2902273,196,2024-09-05T09:11:40Z,17.273874,66.70578,1124.02,7.7514,7.7514,1,35.2834,35.28335,1
2902273,196,2024-09-05T09:11:40Z,17.273874,66.70578,1126.05,7.7204,7.7204,1,35.2802,35.28016,1
2902273,196,2024-09-05T09:11:40Z,17.273874,66.70578,1128.0,7.6987,7.6987,1,35.2767,35.27665,1
2902273,196,2024-09-05T09:11:40Z,17.273874,66.70578,1130.03,7.6799,7.6799,1,35.2752,35.27515,1
2902273,196,2024-09-05T09:11:40Z,17.273874,66.70578,1132.03,7.6485,7.6485,1,35.2717,35.27165,1
2902273,196,2024-09-05T09:11:40Z,17.273874,66.70578,1134.0,7.6283,7.6283,1,35.2692,35.26915,1
2902273,196,2024-09-05T09:11:40Z,17.273874,66.70578,1136.01,7.5939,7.5939,1,35.2656,35.26555,1
2902273,196,2024-09-05T09:11:40Z,17.273874,66.70578,1137.98,7.5777,7.5777,1,35.2638,35.26375,1
2902273,196,2024-09-05T09:11:40Z,17.273874,66.70578,1140.0,7.5548,7.5548,1,35.2622,35.26215,1
2902273,196,2024-09-05T09:11:40Z,17.273874,66.70578,1142.04,7.542,7.542,1,35.2602,35.26015,1
2902273,196,2024-09-05T09:11:40Z,17.273874,66.70578,1144.04,7.5365,7.5365,1,35.26,35.25995,1
2902273,196,2024-09-05T09:11:40Z,17.273874,66.70578,1146.03,7.5229,7.5229,1,35.2587,35.25865,1
2902273,196,2024-09-05T09:11:40Z,17.273874,66.70578,1147.97,7.5189,7.5189,1,35.2577,35.25765,1
2902273,196,2024-09-05T09:11:40Z,17.273874,66.70578,1149.97,7.5046,7.5046,1,35.2566,35.25655,1
2902273,196,2024-09-05T09:11:40Z,17.273874,66.70578,1152.02,7.4853,7.4853,1,35.2543,35.25425,1
2902273,196,2024-09-05T09:11:40Z,17.273874,66.70578,1154.04,7.4751,7.4751,1,35.2532,35.25315,1
2902273,196,2024-09-05T09:11:40Z,17.273874,66.70578,1156.07,7.4686,7.4686,1,35.2526,35.25255,1
2902273,196,2024-09-05T09:11:40Z,17.273874,66.70578,1158.01,7.4485,7.4485,1,35.2511,35.25105,1
2902273,196,2024-09-05T09:11:40Z,17.273874,66.70578,1159.95,7.4395,7.4395,1,35.2496,35.24955,1
2902273,196,2024-09-05T09:11:40Z,17.273874,66.70578,1161.98,7.4342,7.4342,1,35.2492,35.24915,1
2902273,196,2024-09-05T09:11:40Z,17.273874,66.70578,1164.03,7.408,7.408,1,35.2471,35.24705,1
2902273,196,2024-09-05T09:11:40Z,17.273874,66.70578,1166.0,7.4044,7.4044,1,35.2468,35.24675,1
2902273,196,2024-09-05T09:11:40Z,17.273874,66.70578,1168.02,7.4014,7.4014,1,35.2464,35.24635,1
2902273,196,2024-09-05T09:11:40Z,17.273874,66.70578,1170.05,7.3897,7.3897,1,35.2458,35.24575,1
2902273,196,2024-09-05T09:11:40Z,17.273874,66.70578,1172.02,7.3634,7.3634,1,35.2434,35.24335,1
2902273,196,2024-09-05T09:11:40Z,17.273874,66.70578,1174.03,7.3544,7.3544,1,35.2416,35.24155,1
2902273,196,2024-09-05T09:11:40Z,17.273874,66.70578,1175.98,7.3331,7.3331,1,35.2402,35.24015,1
2902273,196,2024-09-05T09:11:40Z,17.273874,66.70578,1177.95,7.2849,7.2849,1,35.2355,35.23545,1
2902273,196,2024-09-05T09:11:40Z,17.273874,66.70578,1179.96,7.2732,7.2732,1,35.2337,35.23365,1
2902273,196,2024-09-05T09:11:40Z,17.273874,66.70578,1181.95,7.2695,7.2695,1,35.2333,35.23325,1
2902273,196,2024-09-05T09:11:40Z,17.273874,66.70578,1183.98,7.2639,7.2639,1,35.2329,35.23285,1
2902273,196,2024-09-05T09:11:40Z,17.273874,66.70578,1186.0,7.256,7.256,1,35.2321,35.23205,1
2902273,196,2024-09-05T09:11:40Z,17.273874,66.70578,1188.01,7.2435,7.2435,1,35.2311,35.23105,1
2902273,196,2024-09-05T09:11:40Z,17.273874,66.70578,1190.02,7.239,7.239,1,35.2301,35.23005,1
2902273,196,2024-09-05T09:11:40Z,17.273874,66.70578,1191.99,7.2365,7.2365,1,35.2296,35.22955,1
2902273,196,2024-09-05T09:11:40Z,17.273874,66.70578,1194.04,7.2156,7.2156,1,35.2281,35.22805,1
2902273,196,2024-09-05T09:11:40Z,17.273874,66.70578,1196.07,7.1954,7.1954,1,35.226,35.22595,1
2902273,196,2024-09-05T09:11:40Z,17.273874,66.70578,1198.02,7.1815,7.1815,1,35.2244,35.22435,1
2902273,196,2024-09-05T09:11:40Z,17.273874,66.70578,1199.96,7.1655,7.1655,1,35.2225,35.22245,1
2902273,196,2024-09-05T09:11:40Z,17.273874,66.70578,1201.95,7.1551,7.1551,1,35.2214,35.22135,1
2902273,196,2024-09-05T09:11:40Z,17.273874,66.70578,1203.99,7.1182,7.1182,1,35.2177,35.21765,1
2902273,196,2024-09-05T09:11:40Z,17.273874,66.70578,1206.03,7.0917,7.0917,1,35.2153,35.21525,1
2902273,196,2024-09-05T09:11:40Z,17.273874,66.70578,1208.05,7.0796,7.0796,1,35.2134,35.21335,1
2902273,196,2024-09-05T09:11:40Z,17.273874,66.70578,1210.04,7.0653,7.0653,1,35.212,35.21195,1
2902273,196,2024-09-05T09:11:40Z,17.273874,66.70578,1212.02,7.0475,7.0475,1,35.2101,35.21005,1
2902273,196,2024-09-05T09:11:40Z,17.273874,66.70578,1213.99,7.0252,7.0252,1,35.2078,35.20775,1
2902273,196,2024-09-05T09:11:40Z,17.273874,66.70578,1216.01,7.0121,7.0121,1,35.2061,35.20605,1
2902273,196,2024-09-05T09:11:40Z,17.273874,66.70578,1218.0,7.0072,7.0072,1,35.2053,35.20525,1
2902273,196,2024-09-05T09:11:40Z,17.273874,66.70578,1219.96,6.9929,6.9929,1,35.2038,35.20375,1
2902273,196,2024-09-05T09:11:40Z,17.273874,66.70578,1221.98,6.96,6.96,1,35.2006,35.20055,1
2902273,196,2024-09-05T09:11:40Z,17.273874,66.70578,1224.0,6.9416,6.9416,1,35.1987,35.19865,1
2902273,196,2024-09-05T09:11:40Z,17.273874,66.70578,1225.99,6.9211,6.9211,1,35.1969,35.19685,1
2902273,196,2024-09-05T09:11:40Z,17.273874,66.70578,1228.03,6.9061,6.9061,1,35.1951,35.19505,1
2902273,196,2024-09-05T09:11:40Z,17.273874,66.70578,1230.01,6.8851,6.8851,1,35.1933,35.19325,1
2902273,196,2024-09-05T09:11:40Z,17.273874,66.70578,1231.93,6.8743,6.8743,1,35.1918,35.19175,1
2902273,196,2024-09-05T09:11:40Z,17.273874,66.70578,1233.97,6.8725,6.8725,1,35.1916,35.19155,1
2902273,196,2024-09-05T09:11:40Z,17.273874,66.70578,1236.02,6.8614,6.8614,1,35.1907,35.19065,1
2902273,196,2024-09-05T09:11:40Z,17.273874,66.70578,1238.01,6.8454,6.8454,1,35.1895,35.18945,1
2902273,196,2024-09-05T09:11:40Z,17.273874,66.70578,1239.99,6.8355,6.8355,1,35.1883,35.18825,1
2902273,196,2024-09-05T09:11:40Z,17.273874,66.70578,1241.97,6.8283,6.8283,1,35.1886,35.18855,1
2902273,196,2024-09-05T09:11:40Z,17.273874,66.70578,1243.98,6.8144,6.8144,1,35.1871,35.18705,1
2902273,196,2024-09-05T09:11:40Z,17.273874,66.70578,1245.98,6.8028,6.8028,1,35.1859,35.18585,1
2902273,196,2024-09-05T09:11:40Z,17.273874,66.70578,1248.0,6.794,6.794,1,35.185,35.18495,1
2902273,196,2024-09-05T09:11:40Z,17.273874,66.70578,1249.94,6.7794,6.7794,1,35.1834,35.18335,1
2902273,196,2024-09-05T09:11:40Z,17.273874,66.70578,1251.93,6.7712,6.7712,1,35.1822,35.18215,1
2902273,196,2024-09-05T09:11:40Z,17.273874,66.70578,1253.98,6.7642,6.7642,1,35.1815,35.18145,1
2902273,196,2024-09-05T09:11:40Z,17.273874,66.70578,1255.99,6.7546,6.7546,1,35.1805,35.18045,1
2902273,196,2024-09-05T09:11:40Z,17.273874,66.70578,1258.02,6.7437,6.7437,1,35.1797,35.17965,1
2902273,196,2024-09-05T09:11:40Z,17.273874,66.70578,1260.04,6.7369,6.7369,1,35.1788,35.17875,1
2902273,196,2024-09-05T09:11:40Z,17.273874,66.70578,1262.03,6.7317,6.7317,1,35.1781,35.17805,1
2902273,196,2024-09-05T09:11:40Z,17.273874,66.70578,1264.02,6.7203,6.7203,1,35.1773,35.17725,1
2902273,196,2024-09-05T09:11:40Z,17.273874,66.70578,1265.97,6.707,6.707,1,35.1755,35.17545,1
2902273,196,2024-09-05T09:11:40Z,17.273874,66.70578,1267.99,6.6879,6.6879,1,35.174,35.17395,1
2902273,196,2024-09-05T09:11:40Z,17.273874,66.70578,1270.0,6.6782,6.6782,1,35.1728,35.17275,1
2902273,196,2024-09-05T09:11:40Z,17.273874,66.70578,1271.94,6.6702,6.6702,1,35.1719,35.17185,1
2902273,196,2024-09-05T09:11:40Z,17.273874,66.70578,1273.94,6.6618,6.6618,1,35.1711,35.17105,1
2902273,196,2024-09-05T09:11:40Z,17.273874,66.70578,1275.95,6.6541,6.6541,1,35.1701,35.17005,1
2902273,196,2024-09-05T09:11:40Z,17.273874,66.70578,1277.97,6.6404,6.6404,1,35.1689,35.16885,1
2902273,196,2024-09-05T09:11:40Z,17.273874,66.70578,1280.02,6.6256,6.6256,1,35.1674,35.16735,1
2902273,196,2024-09-05T09:11:40Z,17.273874,66.70578,1282.03,6.6048,6.6048,1,35.1654,35.16535,1
2902273,196,2024-09-05T09:11:40Z,17.273874,66.70578,1283.98,6.5883,6.5883,1,35.1634,35.16335,1
2902273,196,2024-09-05T09:11:40Z,17.273874,66.70578,1285.95,6.5819,6.5819,1,35.1623,35.16225,1
2902273,196,2024-09-05T09:11:40Z,17.273874,66.70578,1287.98,6.5758,6.5758,1,35.1613,35.16125,1
2902273,196,2024-09-05T09:11:40Z,17.273874,66.70578,1290.03,6.567,6.567,1,35.1601,35.16005,1
2902273,196,2024-09-05T09:11:40Z,17.273874,66.70578,1292.0,6.5633,6.5633,1,35.1594,35.15935,1
2902273,196,2024-09-05T09:11:40Z,17.273874,66.70578,1293.97,6.5482,6.5482,1,35.158,35.15795,1
2902273,196,2024-09-05T09:11:40Z,17.273874,66.70578,1295.99,6.5315,6.5315,1,35.156,35.15594,1
2902273,196,2024-09-05T09:11:40Z,17.273874,66.70578,1297.98,6.5085,6.5085,1,35.1546,35.15454,1
2902273,196,2024-09-05T09:11:40Z,17.273874,66.70578,1299.97,6.4871,6.4871,1,35.1522,35.15215,1
2902273,196,2024-09-05T09:11:40Z,17.273874,66.70578,1302.02,6.4755,6.4755,1,35.1514,35.15135,1
2902273,196,2024-09-05T09:11:40Z,17.273874,66.70578,1304.07,6.4605,6.4605,1,35.1502,35.15015,1
2902273,196,2024-09-05T09:11:40Z,17.273874,66.70578,1306.06,6.4419,6.4419,1,35.1486,35.14855,1
2902273,196,2024-09-05T09:11:40Z,17.273874,66.70578,1308.06,6.4316,6.4316,1,35.1478,35.14775,1
2902273,196,2024-09-05T09:11:40Z,17.273874,66.70578,1310.06,6.4275,6.4275,1,35.1473,35.14725,1
2902273,196,2024-09-05T09:11:40Z,17.273874,66.70578,1312.03,6.4199,6.4199,1,35.1466,35.14655,1
2902273,196,2024-09-05T09:11:40Z,17.273874,66.70578,1313.96,6.4134,6.4134,1,35.146,35.14595,1
2902273,196,2024-09-05T09:11:40Z,17.273874,66.70578,1315.94,6.4065,6.4065,1,35.1452,35.14515,1
2902273,196,2024-09-05T09:11:40Z,17.273874,66.70578,1317.98,6.3951,6.3951,1,35.1443,35.14425,1
2902273,196,2024-09-05T09:11:40Z,17.273874,66.70578,1320.01,6.378,6.378,1,35.1428,35.14275,1
2902273,196,2024-09-05T09:11:40Z,17.273874,66.70578,1322.03,6.3697,6.3697,1,35.1418,35.14175,1
2902273,196,2024-09-05T09:11:40Z,17.273874,66.70578,1323.96,6.3594,6.3594,1,35.141,35.14095,1
2902273,196,2024-09-05T09:11:40Z,17.273874,66.70578,1325.94,6.3429,6.3429,1,35.1394,35.13935,1
2902273,196,2024-09-05T09:11:40Z,17.273874,66.70578,1327.99,6.3328,6.3328,1,35.1385,35.13845,1
2902273,196,2024-09-05T09:11:40Z,17.273874,66.70578,1330.04,6.3148,6.3148,1,35.1375,35.13745,1
2902273,196,2024-09-05T09:11:40Z,17.273874,66.70578,1332.01,6.3067,6.3067,1,35.1364,35.13634,1
2902273,196,2024-09-05T09:11:40Z,17.273874,66.70578,1333.96,6.2967,6.2967,1,35.1354,35.13535,1
2902273,196,2024-09-05T09:11:40Z,17.273874,66.70578,1336.0,6.2782,6.2782,1,35.1339,35.13385,1
2902273,196,2024-09-05T09:11:40Z,17.273874,66.70578,1338.0,6.2628,6.2628,1,35.132,35.13195,1
2902273,196,2024-09-05T09:11:40Z,17.273874,66.70578,1340.03,6.2535,6.2535,1,35.131,35.13095,1
2902273,196,2024-09-05T09:11:40Z,17.273874,66.70578,1342.01,6.2407,6.2407,1,35.1301,35.13005,1
2902273,196,2024-09-05T09:11:40Z,17.273874,66.70578,1343.95,6.2181,6.2181,1,35.1287,35.12865,1
2902273,196,2024-09-05T09:11:40Z,17.273874,66.70578,1345.97,6.204,6.204,1,35.1265,35.12645,1
2902273,196,2024-09-05T09:11:40Z,17.273874,66.70578,1348.03,6.1952,6.1952,1,35.1257,35.12564,1
2902273,196,2024-09-05T09:11:40Z,17.273874,66.70578,1350.02,6.1845,6.1845,1,35.1249,35.12484,1
2902273,196,2024-09-05T09:11:40Z,17.273874,66.70578,1352.01,6.1735,6.1735,1,35.1238,35.12374,1
2902273,196,2024-09-05T09:11:40Z,17.273874,66.70578,1354.0,6.1587,6.1587,1,35.1225,35.12244,1
2902273,196,2024-09-05T09:11:40Z,17.273874,66.70578,1355.96,6.1583,6.1583,1,35.1221,35.12204,1
2902273,196,2024-09-05T09:11:40Z,17.273874,66.70578,1358.0,6.1441,6.1441,1,35.1217,35.12165,1
2902273,196,2024-09-05T09:11:40Z,17.273874,66.70578,1360.01,6.1341,6.1341,1,35.1205,35.12045,1
2902273,196,2024-09-05T09:11:40Z,17.273874,66.70578,1362.01,6.1231,6.1231,1,35.1192,35.11914,1
2902273,196,2024-09-05T09:11:40Z,17.273874,66.70578,1364.0,6.1164,6.1164,1,35.1187,35.11864,1
2902273,196,2024-09-05T09:11:40Z,17.273874,66.70578,1366.0,6.0961,6.0961,1,35.1167,35.11665,1
2902273,196,2024-09-05T09:11:40Z,17.273874,66.70578,1368.03,6.0851,6.0851,1,35.1155,35.11544,1
2902273,196,2024-09-05T09:11:40Z,17.273874,66.70578,1369.97,6.0768,6.0768,1,35.1148,35.11475,1
2902273,196,2024-09-05T09:11:40Z,17.273874,66.70578,1371.98,6.053,6.053,1,35.1129,35.11285,1
2902273,196,2024-09-05T09:11:40Z,17.273874,66.70578,1374.0,6.0386,6.0386,1,35.1119,35.11185,1
2902273,196,2024-09-05T09:11:40Z,17.273874,66.70578,1376.0,6.0303,6.0303,1,35.1114,35.11134,1
2902273,196,2024-09-05T09:11:40Z,17.273874,66.70578,1378.01,6.025,6.025,1,35.1108,35.11074,1
2902273,196,2024-09-05T09:11:40Z,17.273874,66.70578,1380.01,6.022,6.022,1,35.1102,35.11015,1
2902273,196,2024-09-05T09:11:40Z,17.273874,66.70578,1382.07,6.0145,6.0145,1,35.1096,35.10955,1
2902273,196,2024-09-05T09:11:40Z,17.273874,66.70578,1384.04,6.0073,6.0073,1,35.1089,35.10884,1
2902273,196,2024-09-05T09:11:40Z,17.273874,66.70578,1386.03,6.0042,6.0042,1,35.1083,35.10825,1
2902273,196,2024-09-05T09:11:40Z,17.273874,66.70578,1388.0,5.9888,5.9888,1,35.1079,35.10785,1
2902273,196,2024-09-05T09:11:40Z,17.273874,66.70578,1389.99,5.9719,5.9719,1,35.106,35.10595,1
2902273,196,2024-09-05T09:11:40Z,17.273874,66.70578,1392.0,5.9659,5.9659,1,35.1056,35.10555,1
2902273,196,2024-09-05T09:11:40Z,17.273874,66.70578,1394.0,5.9561,5.9561,1,35.1047,35.10464,1
2902273,196,2024-09-05T09:11:40Z,17.273874,66.70578,1396.06,5.9501,5.9501,1,35.104,35.10395,1
2902273,196,2024-09-05T09:11:40Z,17.273874,66.70578,1398.0,5.9447,5.9447,1,35.1035,35.10344,1
2902273,196,2024-09-05T09:11:40Z,17.273874,66.70578,1400.01,5.9307,5.9307,1,35.1029,35.10284,1
2902273,196,2024-09-05T09:11:40Z,17.273874,66.70578,1402.01,5.9133,5.9133,1,35.1016,35.10154,1
2902273,196,2024-09-05T09:11:40Z,17.273874,66.70578,1404.01,5.9014,5.9014,1,35.1004,35.10035,1
2902273,196,2024-09-05T09:11:40Z,17.273874,66.70578,1406.07,5.8832,5.8832,1,35.099,35.09895,1
2902273,196,2024-09-05T09:11:40Z,17.273874,66.70578,1408.01,5.8653,5.8653,1,35.097,35.09694,1
2902273,196,2024-09-05T09:11:40Z,17.273874,66.70578,1410.0,5.8509,5.8509,1,35.096,35.09594,1
2902273,196,2024-09-05T09:11:40Z,17.273874,66.70578,1411.99,5.8391,5.8391,1,35.0947,35.09465,1
2902273,196,2024-09-05T09:11:40Z,17.273874,66.70578,1413.96,5.828,5.828,1,35.0938,35.09375,1
2902273,196,2024-09-05T09:11:40Z,17.273874,66.70578,1416.01,5.8148,5.8148,1,35.0922,35.09214,1
2902273,196,2024-09-05T09:11:40Z,17.273874,66.70578,1418.03,5.8073,5.8073,1,35.0917,35.09164,1
2902273,196,2024-09-05T09:11:40Z,17.273874,66.70578,1419.96,5.7891,5.7891,1,35.0905,35.09044,1
2902273,196,2024-09-05T09:11:40Z,17.273874,66.70578,1421.97,5.7708,5.7708,1,35.0892,35.08915,1
2902273,196,2024-09-05T09:11:40Z,17.273874,66.70578,1424.03,5.7565,5.7565,1,35.0879,35.08784,1
2902273,196,2024-09-05T09:11:40Z,17.273874,66.70578,1426.01,5.7493,5.7493,1,35.0869,35.08685,1
2902273,196,2024-09-05T09:11:40Z,17.273874,66.70578,1428.0,5.7443,5.7443,1,35.0864,35.08635,1
2902273,196,2024-09-05T09:11:40Z,17.273874,66.70578,1430.05,5.7327,5.7327,1,35.0857,35.08564,1
2902273,196,2024-09-05T09:11:40Z,17.273874,66.70578,1432.03,5.7141,5.7141,1,35.0847,35.08464,1
2902273,196,2024-09-05T09:11:40Z,17.273874,66.70578,1433.99,5.6979,5.6979,1,35.083,35.08294,1
2902273,196,2024-09-05T09:11:40Z,17.273874,66.70578,1436.05,5.6882,5.6882,1,35.0821,35.08204,1
2902273,196,2024-09-05T09:11:40Z,17.273874,66.70578,1438.02,5.6519,5.6519,1,35.08,35.07994,1
2902273,196,2024-09-05T09:11:40Z,17.273874,66.70578,1439.96,5.644,5.644,1,35.0783,35.07824,1
2902273,196,2024-09-05T09:11:40Z,17.273874,66.70578,1441.94,5.6408,5.6408,1,35.0776,35.07755,1
2902273,196,2024-09-05T09:11:40Z,17.273874,66.70578,1443.97,5.6347,5.6347,1,35.0767,35.07664,1
2902273,196,2024-09-05T09:11:40Z,17.273874,66.70578,1445.99,5.6159,5.6159,1,35.0754,35.07534,1
2902273,196,2024-09-05T09:11:40Z,17.273874,66.70578,1448.02,5.5748,5.5748,1,35.0719,35.07184,1
2902273,196,2024-09-05T09:11:40Z,17.273874,66.70578,1450.06,5.5676,5.5676,1,35.0709,35.07084,1
2902273,196,2024-09-05T09:11:40Z,17.273874,66.70578,1452.11,5.561,5.561,1,35.0701,35.07005,1
2902273,196,2024-09-05T09:11:40Z,17.273874,66.70578,1454.03,5.5387,5.5387,1,35.0686,35.06854,1
2902273,196,2024-09-05T09:11:40Z,17.273874,66.70578,1456.0,5.5214,5.5214,1,35.0664,35.06635,1
2902273,196,2024-09-05T09:11:40Z,17.273874,66.70578,1458.06,5.5131,5.5131,1,35.0655,35.06544,1
2902273,196,2024-09-05T09:11:40Z,17.273874,66.70578,1460.04,5.4956,5.4956,1,35.0641,35.06404,1
2902273,196,2024-09-05T09:11:40Z,17.273874,66.70578,1461.99,5.4767,5.4767,1,35.0624,35.06234,1
2902273,196,2024-09-05T09:11:40Z,17.273874,66.70578,1464.0,5.463,5.463,1,35.0611,35.06104,1
2902273,196,2024-09-05T09:11:40Z,17.273874,66.70578,1466.01,5.4534,5.4534,1,35.0601,35.06004,1
2902273,196,2024-09-05T09:11:40Z,17.273874,66.70578,1467.97,5.4397,5.4397,1,35.0589,35.05885,1
2902273,196,2024-09-05T09:11:40Z,17.273874,66.70578,1470.0,5.4298,5.4298,1,35.0577,35.05764,1
2902273,196,2024-09-05T09:11:40Z,17.273874,66.70578,1472.06,5.4145,5.4145,1,35.0562,35.05614,1
2902273,196,2024-09-05T09:11:40Z,17.273874,66.70578,1474.01,5.4016,5.4016,1,35.0549,35.05484,1
2902273,196,2024-09-05T09:11:40Z,17.273874,66.70578,1475.97,5.3912,5.3912,1,35.0537,35.05364,1
2902273,196,2024-09-05T09:11:40Z,17.273874,66.70578,1477.98,5.3682,5.3682,1,35.0519,35.05184,1
2902273,196,2024-09-05T09:11:40Z,17.273874,66.70578,1479.96,5.3592,5.3592,1,35.0508,35.05074,1
2902273,196,2024-09-05T09:11:40Z,17.273874,66.70578,1481.98,5.3499,5.3499,1,35.0498,35.04974,1
2902273,196,2024-09-05T09:11:40Z,17.273874,66.70578,1484.05,5.3365,5.3365,1,35.0487,35.04865,1
2902273,196,2024-09-05T09:11:40Z,17.273874,66.70578,1486.02,5.3126,5.3126,1,35.0465,35.04644,1
2902273,196,2024-09-05T09:11:40Z,17.273874,66.70578,1488.0,5.3097,5.3097,1,35.046,35.04594,1
2902273,196,2024-09-05T09:11:40Z,17.273874,66.70578,1489.98,5.3022,5.3022,1,35.0451,35.04504,1
2902273,196,2024-09-05T09:11:40Z,17.273874,66.70578,1491.98,5.2825,5.2825,1,35.0436,35.04354,1
2902273,196,2024-09-05T09:11:40Z,17.273874,66.70578,1494.01,5.2615,5.2615,1,35.0416,35.04154,1
2902273,196,2024-09-05T09:11:40Z,17.273874,66.70578,1496.0,5.2466,5.2466,1,35.0404,35.04034,1
2902273,196,2024-09-05T09:11:40Z,17.273874,66.70578,1497.98,5.2348,5.2348,1,35.0391,35.03904,1
2902273,196,2024-09-05T09:11:40Z,17.273874,66.70578,1499.98,5.2312,5.2312,1,35.0385,35.03844,1
2902273,196,2024-09-05T09:11:40Z,17.273874,66.70578,1501.98,5.2066,5.2066,1,35.0367,35.03664,1
2902273,196,2024-09-05T09:11:40Z,17.273874,66.70578,1503.98,5.1939,5.1939,1,35.0348,35.03474,1
2902273,196,2024-09-05T09:11:40Z,17.273874,66.70578,1505.99,5.1626,5.1626,1,35.0318,35.03174,1
2902273,196,2024-09-05T09:11:40Z,17.273874,66.70578,1508.01,5.1393,5.1393,1,35.0299,35.02984,1
2902273,196,2024-09-05T09:11:40Z,17.273874,66.70578,1509.99,5.1261,5.1261,1,35.0285,35.02844,1
2902273,196,2024-09-05T09:11:40Z,17.273874,66.70578,1511.99,5.1185,5.1185,1,35.0281,35.02804,1
2902273,196,2024-09-05T09:11:40Z,17.273874,66.70578,1514.01,5.1023,5.1023,1,35.0267,35.02664,1
2902273,196,2024-09-05T09:11:40Z,17.273874,66.70578,1516.01,5.0976,5.0976,1,35.0262,35.02614,1
2902273,196,2024-09-05T09:11:40Z,17.273874,66.70578,1517.99,5.0878,5.0878,1,35.0258,35.02574,1
2902273,196,2024-09-05T09:11:40Z,17.273874,66.70578,1519.97,5.082,5.082,1,35.0248,35.02474,1
2902273,196,2024-09-05T09:11:40Z,17.273874,66.70578,1521.94,5.0713,5.0713,1,35.0246,35.02454,1
2902273,196,2024-09-05T09:11:40Z,17.273874,66.70578,1523.96,5.0437,5.0437,1,35.0226,35.02254,1
2902273,196,2024-09-05T09:11:40Z,17.273874,66.70578,1525.98,5.0287,5.0287,1,35.0211,35.02104,1
2902273,196,2024-09-05T09:11:40Z,17.273874,66.70578,1527.96,5.0205,5.0205,1,35.0202,35.02014,1
2902273,196,2024-09-05T09:11:40Z,17.273874,66.70578,1529.97,5.0093,5.0093,1,35.0192,35.01914,1
2902273,196,2024-09-05T09:11:40Z,17.273874,66.70578,1532.03,4.9926,4.9926,1,35.0179,35.01784,1
2902273,196,2024-09-05T09:11:40Z,17.273874,66.70578,1534.05,4.9804,4.9804,1,35.0166,35.01654,1
2902273,196,2024-09-05T09:11:40Z,17.273874,66.70578,1536.02,4.9693,4.9693,1,35.0156,35.01554,1
2902273,196,2024-09-05T09:11:40Z,17.273874,66.70578,1537.96,4.957,4.957,1,35.0147,35.01464,1
2902273,196,2024-09-05T09:11:40Z,17.273874,66.70578,1539.97,4.9398,4.9398,1,35.0131,35.01304,1
2902273,196,2024-09-05T09:11:40Z,17.273874,66.70578,1542.02,4.9315,4.9315,1,35.0121,35.01204,1
2902273,196,2024-09-05T09:11:40Z,17.273874,66.70578,1544.02,4.918,4.918,1,35.0111,35.01104,1
2902273,196,2024-09-05T09:11:40Z,17.273874,66.70578,1546.01,4.8903,4.8903,1,35.0087,35.00864,1
2902273,196,2024-09-05T09:11:40Z,17.273874,66.70578,1547.99,4.8717,4.8717,1,35.0072,35.00714,1
2902273,196,2024-09-05T09:11:40Z,17.273874,66.70578,1549.99,4.8591,4.8591,1,35.0059,35.00584,1
2902273,196,2024-09-05T09:11:40Z,17.273874,66.70578,1552.04,4.8509,4.8509,1,35.005,35.00494,1
2902273,196,2024-09-05T09:11:40Z,17.273874,66.70578,1554.02,4.8349,4.8349,1,35.0037,35.00364,1
2902273,196,2024-09-05T09:11:40Z,17.273874,66.70578,1555.95,4.8252,4.8252,1,35.0028,35.00274,1
2902273,196,2024-09-05T09:11:40Z,17.273874,66.70578,1557.95,4.8117,4.8117,1,35.0016,35.00154,1
2902273,196,2024-09-05T09:11:40Z,17.273874,66.70578,1559.96,4.803,4.803,1,35.0007,35.00064,1
2902273,196,2024-09-05T09:11:40Z,17.273874,66.70578,1561.98,4.7893,4.7893,1,34.9996,34.99954,1
2902273,196,2024-09-05T09:11:40Z,17.273874,66.70578,1564.03,4.7834,4.7834,1,34.9987,34.99864,1
2902273,196,2024-09-05T09:11:40Z,17.273874,66.70578,1566.02,4.7738,4.7738,1,34.9981,34.99804,1
2902273,196,2024-09-05T09:11:40Z,17.273874,66.70578,1567.97,4.7556,4.7556,1,34.9966,34.99654,1
2902273,196,2024-09-05T09:11:40Z,17.273874,66.70578,1569.96,4.7501,4.7501,1,34.9956,34.99554,1
2902273,196,2024-09-05T09:11:40Z,17.273874,66.70578,1572.01,4.7346,4.7346,1,34.9947,34.99464,1
2902273,196,2024-09-05T09:11:40Z,17.273874,66.70578,1574.05,4.7144,4.7144,1,34.9924,34.99234,1
2902273,196,2024-09-05T09:11:40Z,17.273874,66.70578,1576.01,4.7106,4.7106,1,34.9917,34.99164,1
2902273,196,2024-09-05T09:11:40Z,17.273874,66.70578,1578.01,4.7024,4.7024,1,34.9909,34.99084,1
2902273,196,2024-09-05T09:11:40Z,17.273874,66.70578,1580.05,4.6927,4.6927,1,34.99,34.98994,1
2902273,196,2024-09-05T09:11:40Z,17.273874,66.70578,1582.04,4.6814,4.6814,1,34.9891,34.98904,1
2902273,196,2024-09-05T09:11:40Z,17.273874,66.70578,1583.98,4.6649,4.6649,1,34.9875,34.98744,1
2902273,196,2024-09-05T09:11:40Z,17.273874,66.70578,1586.0,4.6467,4.6467,1,34.9856,34.98554,1
2902273,196,2024-09-05T09:11:40Z,17.273874,66.70578,1588.05,4.6264,4.6264,1,34.9841,34.98404,1
2902273,196,2024-09-05T09:11:40Z,17.273874,66.70578,1590.0,4.6133,4.6133,1,34.9824,34.98234,1
2902273,196,2024-09-05T09:11:40Z,17.273874,66.70578,1592.0,4.6094,4.6094,1,34.9818,34.98174,1
2902273,196,2024-09-05T09:11:40Z,17.273874,66.70578,1594.04,4.5967,4.5967,1,34.9811,34.98104,1
2902273,196,2024-09-05T09:11:40Z,17.273874,66.70578,1596.04,4.5906,4.5906,1,34.9802,34.98014,1
2902273,196,2024-09-05T09:11:40Z,17.273874,66.70578,1597.98,4.5886,4.5886,1,34.9797,34.97964,1
2902273,196,2024-09-05T09:11:40Z,17.273874,66.70578,1599.98,4.5837,4.5837,1,34.9793,34.97924,1
2902273,196,2024-09-05T09:11:40Z,17.273874,66.70578,1602.02,4.5707,4.5707,1,34.9786,34.97854,1
2902273,196,2024-09-05T09:11:40Z,17.273874,66.70578,1604.0,4.5592,4.5592,1,34.9774,34.97734,1
2902273,196,2024-09-05T09:11:40Z,17.273874,66.70578,1605.95,4.5563,4.5563,1,34.977,34.97694,1
2902273,196,2024-09-05T09:11:40Z,17.273874,66.70578,1607.99,4.5473,4.5473,1,34.9762,34.97614,1
2902273,196,2024-09-05T09:11:40Z,17.273874,66.70578,1610.04,4.5278,4.5278,1,34.9748,34.97474,1
2902273,196,2024-09-05T09:11:40Z,17.273874,66.70578,1612.01,4.5052,4.5052,1,34.9728,34.97274,1
2902273,196,2024-09-05T09:11:40Z,17.273874,66.70578,1614.01,4.497,4.497,1,34.9719,34.97184,1
2902273,196,2024-09-05T09:11:40Z,17.273874,66.70578,1616.05,4.4879,4.4879,1,34.9711,34.97104,1
2902273,196,2024-09-05T09:11:40Z,17.273874,66.70578,1618.04,4.4786,4.4786,1,34.9704,34.97034,1
2902273,196,2024-09-05T09:11:40Z,17.273874,66.70578,1620.02,4.4683,4.4683,1,34.9693,34.96924,1
2902273,196,2024-09-05T09:11:40Z,17.273874,66.70578,1622.06,4.4559,4.4559,1,34.9684,34.96834,1
2902273,196,2024-09-05T09:11:40Z,17.273874,66.70578,1624.06,4.4401,4.4401,1,34.9671,34.96704,1
2902273,196,2024-09-05T09:11:40Z,17.273874,66.70578,1626.03,4.4294,4.4294,1,34.9661,34.96604,1
2902273,196,2024-09-05T09:11:40Z,17.273874,66.70578,1628.02,4.4229,4.4229,1,34.9654,34.96534,1
2902273,196,2024-09-05T09:11:40Z,17.273874,66.70578,1629.97,4.4181,4.4181,1,34.9648,34.96474,1
2902273,196,2024-09-05T09:11:40Z,17.273874,66.70578,1631.93,4.4106,4.4106,1,34.9643,34.96424,1
2902273,196,2024-09-05T09:11:40Z,17.273874,66.70578,1633.98,4.4044,4.4044,1,34.9635,34.96344,1
2902273,196,2024-09-05T09:11:40Z,17.273874,66.70578,1636.02,4.3926,4.3926,1,34.9629,34.96284,1
2902273,196,2024-09-05T09:11:40Z,17.273874,66.70578,1638.0,4.3854,4.3854,1,34.9619,34.96184,1
2902273,196,2024-09-05T09:11:40Z,17.273874,66.70578,1640.01,4.379,4.379,1,34.9616,34.96154,1
2902273,196,2024-09-05T09:11:40Z,17.273874,66.70578,1642.01,4.3677,4.3677,1,34.9604,34.96034,1
2902273,196,2024-09-05T09:11:40Z,17.273874,66.70578,1644.02,4.3616,4.3616,1,34.9598,34.95974,1
2902273,196,2024-09-05T09:11:40Z,17.273874,66.70578,1646.01,4.3511,4.3511,1,34.9592,34.95914,1
2902273,196,2024-09-05T09:11:40Z,17.273874,66.70578,1647.99,4.3432,4.3432,1,34.9581,34.95804,1
2902273,196,2024-09-05T09:11:40Z,17.273874,66.70578,1650.0,4.3391,4.3391,1,34.9576,34.95754,1
2902273,196,2024-09-05T09:11:40Z,17.273874,66.70578,1651.96,4.3335,4.3335,1,34.9573,34.95724,1
2902273,196,2024-09-05T09:11:40Z,17.273874,66.70578,1654.03,4.3258,4.3258,1,34.9567,34.95664,1
2902273,196,2024-09-05T09:11:40Z,17.273874,66.70578,1656.06,4.3156,4.3156,1,34.9555,34.95544,1
2902273,196,2024-09-05T09:11:40Z,17.273874,66.70578,1658.0,4.3068,4.3068,1,34.9552,34.95514,1
2902273,196,2024-09-05T09:11:40Z,17.273874,66.70578,1659.98,4.3006,4.3006,1,34.9542,34.95414,1
2902273,196,2024-09-05T09:11:40Z,17.273874,66.70578,1662.0,4.29,4.29,1,34.9533,34.95324,1
2902273,196,2024-09-05T09:11:40Z,17.273874,66.70578,1663.97,4.2845,4.2845,1,34.9528,34.95274,1
2902273,196,2024-09-05T09:11:40Z,17.273874,66.70578,1665.94,4.2726,4.2726,1,34.9519,34.95184,1
2902273,196,2024-09-05T09:11:40Z,17.273874,66.70578,1667.97,4.2586,4.2586,1,34.9508,34.95074,1
2902273,196,2024-09-05T09:11:40Z,17.273874,66.70578,1669.98,4.247,4.247,1,34.9496,34.94954,1
2902273,196,2024-09-05T09:11:40Z,17.273874,66.70578,1671.99,4.2372,4.2372,1,34.9486,34.94854,1
2902273,196,2024-09-05T09:11:40Z,17.273874,66.70578,1674.02,4.2341,4.2341,1,34.9481,34.94804,1
2902273,196,2024-09-05T09:11:40Z,17.273874,66.70578,1676.02,4.2204,4.2204,1,34.9473,34.94724,1
2902273,196,2024-09-05T09:11:40Z,17.273874,66.70578,1678.01,4.2165,4.2165,1,34.9466,34.94654,1
2902273,196,2024-09-05T09:11:40Z,17.273874,66.70578,1679.97,4.211,4.211,1,34.946,34.94594,1
2902273,196,2024-09-05T09:11:40Z,17.273874,66.70578,1681.94,4.2043,4.2043,1,34.9457,34.94564,1
2902273,196,2024-09-05T09:11:40Z,17.273874,66.70578,1684.0,4.1981,4.1981,1,34.945,34.94494,1
2902273,196,2024-09-05T09:11:40Z,17.273874,66.70578,1686.02,4.1917,4.1917,1,34.9444,34.94434,1
2902273,196,2024-09-05T09:11:40Z,17.273874,66.70578,1688.02,4.1803,4.1803,1,34.9436,34.94354,1
2902273,196,2024-09-05T09:11:40Z,17.273874,66.70578,1689.99,4.1725,4.1725,1,34.9427,34.94264,1
2902273,196,2024-09-05T09:11:40Z,17.273874,66.70578,1691.99,4.1641,4.1641,1,34.942,34.94194,1
2902273,196,2024-09-05T09:11:40Z,17.273874,66.70578,1694.0,4.1482,4.1482,1,34.941,34.94094,1
2902273,196,2024-09-05T09:11:40Z,17.273874,66.70578,1695.96,4.1411,4.1411,1,34.9403,34.94024,1
2902273,196,2024-09-05T09:11:40Z,17.273874,66.70578,1697.99,4.1335,4.1335,1,34.9397,34.93964,1
2902273,196,2024-09-05T09:11:40Z,17.273874,66.70578,1700.02,4.1194,4.1194,1,34.9387,34.93864,1
2902273,196,2024-09-05T09:11:40Z,17.273874,66.70578,1702.0,4.1136,4.1136,1,34.938,34.93794,1
2902273,196,2024-09-05T09:11:40Z,17.273874,66.70578,1704.02,4.1072,4.1072,1,34.9375,34.93744,1
2902273,196,2024-09-05T09:11:40Z,17.273874,66.70578,1705.99,4.1005,4.1005,1,34.9369,34.93684,1
2902273,196,2024-09-05T09:11:40Z,17.273874,66.70578,1707.99,4.0955,4.0955,1,34.9365,34.93644,1
2902273,196,2024-09-05T09:11:40Z,17.273874,66.70578,1710.0,4.091,4.091,1,34.936,34.93594,1
2902273,196,2024-09-05T09:11:40Z,17.273874,66.70578,1711.98,4.0859,4.0859,1,34.9354,34.93534,1
2902273,196,2024-09-05T09:11:40Z,17.273874,66.70578,1714.03,4.08,4.08,1,34.9349,34.93484,1
2902273,196,2024-09-05T09:11:40Z,17.273874,66.70578,1716.01,4.0675,4.0675,1,34.9343,34.93424,1
2902273,196,2024-09-05T09:11:40Z,17.273874,66.70578,1717.96,4.0621,4.0621,1,34.9334,34.93334,1
2902273,196,2024-09-05T09:11:40Z,17.273874,66.70578,1719.98,4.0564,4.0564,1,34.9331,34.93304,1
2902273,196,2024-09-05T09:11:40Z,17.273874,66.70578,1721.96,4.0485,4.0485,1,34.9322,34.93214,1
2902273,196,2024-09-05T09:11:40Z,17.273874,66.70578,1723.99,4.0341,4.0341,1,34.9311,34.93104,1
2902273,196,2024-09-05T09:11:40Z,17.273874,66.70578,1726.02,4.0195,4.0195,1,34.9299,34.92984,1
2902273,196,2024-09-05T09:11:40Z,17.273874,66.70578,1728.01,4.0029,4.0029,1,34.9285,34.92844,1
2902273,196,2024-09-05T09:11:40Z,17.273874,66.70578,1730.06,3.9908,3.9908,1,34.9275,34.92744,1
2902273,196,2024-09-05T09:11:40Z,17.273874,66.70578,1732.06,3.9785,3.9785,1,34.9264,34.92634,1
2902273,196,2024-09-05T09:11:40Z,17.273874,66.70578,1734.04,3.9672,3.9672,1,34.9254,34.92534,1
2902273,196,2024-09-05T09:11:40Z,17.273874,66.70578,1736.05,3.9572,3.9572,1,34.9244,34.92434,1
2902273,196,2024-09-05T09:11:40Z,17.273874,66.70578,1738.03,3.9515,3.9515,1,34.924,34.92394,1
2902273,196,2024-09-05T09:11:40Z,17.273874,66.70578,1740.01,3.9448,3.9448,1,34.9234,34.92334,1
2902273,196,2024-09-05T09:11:40Z,17.273874,66.70578,1741.98,3.94,3.94,1,34.9229,34.92284,1
2902273,196,2024-09-05T09:11:40Z,17.273874,66.70578,1743.99,3.9353,3.9353,1,34.9223,34.92224,1
2902273,196,2024-09-05T09:11:40Z,17.273874,66.70578,1746.04,3.9207,3.9207,1,34.9216,34.92154,1
2902273,196,2024-09-05T09:11:40Z,17.273874,66.70578,1748.01,3.9144,3.9144,1,34.9204,34.92034,1
2902273,196,2024-09-05T09:11:40Z,17.273874,66.70578,1749.98,3.911,3.911,1,34.9202,34.92014,1
2902273,196,2024-09-05T09:11:40Z,17.273874,66.70578,1751.97,3.8928,3.8928,1,34.9183,34.91824,1
2902273,196,2024-09-05T09:11:40Z,17.273874,66.70578,1753.98,3.8769,3.8769,1,34.9163,34.91624,1
2902273,196,2024-09-05T09:11:40Z,17.273874,66.70578,1756.01,3.8696,3.8696,1,34.9152,34.91514,1
2902273,196,2024-09-05T09:11:40Z,17.273874,66.70578,1757.99,3.8527,3.8527,1,34.9131,34.91304,1
2902273,196,2024-09-05T09:11:40Z,17.273874,66.70578,1759.95,3.8437,3.8437,1,34.912,34.91194,1
2902273,196,2024-09-05T09:11:40Z,17.273874,66.70578,1761.97,3.8284,3.8284,1,34.9112,34.91114,1
2902273,196,2024-09-05T09:11:40Z,17.273874,66.70578,1764.01,3.8163,3.8163,1,34.9108,34.91074,1
2902273,196,2024-09-05T09:11:40Z,17.273874,66.70578,1765.97,3.8079,3.8079,1,34.9103,34.91024,1
2902273,196,2024-09-05T09:11:40Z,17.273874,66.70578,1768.01,3.8033,3.8033,1,34.9102,34.91014,1
2902273,196,2024-09-05T09:11:40Z,17.273874,66.70578,1770.04,3.8008,3.8008,1,34.91,34.90994,1
2902273,196,2024-09-05T09:11:40Z,17.273874,66.70578,1772.0,3.7984,3.7984,1,34.9099,34.90984,1
2902273,196,2024-09-05T09:11:40Z,17.273874,66.70578,1774.03,3.7923,3.7923,1,34.9094,34.90934,1
2902273,196,2024-09-05T09:11:40Z,17.273874,66.70578,1776.0,3.7773,3.7773,1,34.9081,34.90804,1
2902273,196,2024-09-05T09:11:40Z,17.273874,66.70578,1778.0,3.7693,3.7693,1,34.9073,34.90724,1
2902273,196,2024-09-05T09:11:40Z,17.273874,66.70578,1780.03,3.7587,3.7587,1,34.9065,34.90644,1
2902273,196,2024-09-05T09:11:40Z,17.273874,66.70578,1782.06,3.7439,3.7439,1,34.9051,34.90504,1
2902273,196,2024-09-05T09:11:40Z,17.273874,66.70578,1784.04,3.7393,3.7393,1,34.9045,34.90444,1
2902273,196,2024-09-05T09:11:40Z,17.273874,66.70578,1785.98,3.7343,3.7343,1,34.904,34.90394,1
2902273,196,2024-09-05T09:11:40Z,17.273874,66.70578,1787.96,3.7261,3.7261,1,34.9033,34.90324,1
2902273,196,2024-09-05T09:11:40Z,17.273874,66.70578,1789.97,3.7154,3.7154,1,34.9026,34.90254,1
2902273,196,2024-09-05T09:11:40Z,17.273874,66.70578,1791.98,3.7044,3.7044,1,34.9016,34.90154,1
2902273,196,2024-09-05T09:11:40Z,17.273874,66.70578,1793.97,3.6955,3.6955,1,34.9007,34.90064,1
2902273,196,2024-09-05T09:11:40Z,17.273874,66.70578,1796.0,3.6866,3.6866,1,34.8999,34.89985,1
2902273,196,2024-09-05T09:11:40Z,17.273874,66.70578,1798.01,3.6801,3.6801,1,34.8994,34.89934,1
2902273,196,2024-09-05T09:11:40Z,17.273874,66.70578,1800.03,3.6692,3.6692,1,34.8988,34.89874,1
2902273,196,2024-09-05T09:11:40Z,17.273874,66.70578,1802.04,3.6621,3.6621,1,34.8981,34.89804,1
2902273,196,2024-09-05T09:11:40Z,17.273874,66.70578,1803.97,3.6567,3.6567,1,34.8976,34.89754,1
2902273,196,2024-09-05T09:11:40Z,17.273874,66.70578,1805.95,3.649,3.649,1,34.8969,34.89684,1
2902273,196,2024-09-05T09:11:40Z,17.273874,66.70578,1808.02,3.6432,3.6432,1,34.8966,34.89654,1
2902273,196,2024-09-05T09:11:40Z,17.273874,66.70578,1810.07,3.6381,3.6381,1,34.8961,34.89604,1
2902273,196,2024-09-05T09:11:40Z,17.273874,66.70578,1812.01,3.6324,3.6324,1,34.8957,34.89565,1
2902273,196,2024-09-05T09:11:40Z,17.273874,66.70578,1813.96,3.6269,3.6269,1,34.8952,34.89514,1
2902273,196,2024-09-05T09:11:40Z,17.273874,66.70578,1815.98,3.6222,3.6222,1,34.8945,34.89444,1
2902273,196,2024-09-05T09:11:40Z,17.273874,66.70578,1818.03,3.6153,3.6153,1,34.8942,34.89414,1
2902273,196,2024-09-05T09:11:40Z,17.273874,66.70578,1820.06,3.6025,3.6025,1,34.8933,34.89324,1
2902273,196,2024-09-05T09:11:40Z,17.273874,66.70578,1822.01,3.5978,3.5978,1,34.8927,34.89264,1
2902273,196,2024-09-05T09:11:40Z,17.273874,66.70578,1823.96,3.593,3.593,1,34.8926,34.89254,1
2902273,196,2024-09-05T09:11:40Z,17.273874,66.70578,1825.98,3.5898,3.5898,1,34.8922,34.89214,1
2902273,196,2024-09-05T09:11:40Z,17.273874,66.70578,1828.02,3.5897,3.5897,1,34.8921,34.89204,1
2902273,196,2024-09-05T09:11:40Z,17.273874,66.70578,1830.03,3.5872,3.5872,1,34.8919,34.89184,1
2902273,196,2024-09-05T09:11:40Z,17.273874,66.70578,1832.01,3.5769,3.5769,1,34.8914,34.89134,1
2902273,196,2024-09-05T09:11:40Z,17.273874,66.70578,1834.03,3.5734,3.5734,1,34.8907,34.89064,1
2902273,196,2024-09-05T09:11:40Z,17.273874,66.70578,1836.0,3.5725,3.5725,1,34.8906,34.89054,1
2902273,196,2024-09-05T09:11:40Z,17.273874,66.70578,1838.02,3.5648,3.5648,1,34.8901,34.89005,1
2902273,196,2024-09-05T09:11:40Z,17.273874,66.70578,1840.03,3.5599,3.5599,1,34.8897,34.88964,1
2902273,196,2024-09-05T09:11:40Z,17.273874,66.70578,1841.99,3.5527,3.5527,1,34.8892,34.88914,1
2902273,196,2024-09-05T09:11:40Z,17.273874,66.70578,1844.05,3.5505,3.5505,1,34.8889,34.88884,1
2902273,196,2024-09-05T09:11:40Z,17.273874,66.70578,1846.02,3.5471,3.5471,1,34.8886,34.88854,1
2902273,196,2024-09-05T09:11:40Z,17.273874,66.70578,1848.0,3.5447,3.5447,1,34.8884,34.88834,1
2902273,196,2024-09-05T09:11:40Z,17.273874,66.70578,1850.01,3.5436,3.5436,1,34.8882,34.88814,1
2902273,196,2024-09-05T09:11:40Z,17.273874,66.70578,1851.99,3.5393,3.5393,1,34.888,34.88794,1
2902273,196,2024-09-05T09:11:40Z,17.273874,66.70578,1853.97,3.5335,3.5335,1,34.8874,34.88734,1
2902273,196,2024-09-05T09:11:40Z,17.273874,66.70578,1855.99,3.5309,3.5309,1,34.8871,34.88704,1
2902273,196,2024-09-05T09:11:40Z,17.273874,66.70578,1858.02,3.5296,3.5296,1,34.8869,34.88684,1
2902273,196,2024-09-05T09:11:40Z,17.273874,66.70578,1859.98,3.5246,3.5246,1,34.8865,34.88644,1
2902273,196,2024-09-05T09:11:40Z,17.273874,66.70578,1861.95,3.5119,3.5119,1,34.8859,34.88585,1
2902273,196,2024-09-05T09:11:40Z,17.273874,66.70578,1864.0,3.5018,3.5018,1,34.8847,34.88464,1
2902273,196,2024-09-05T09:11:40Z,17.273874,66.70578,1865.99,3.5003,3.5003,1,34.8847,34.88464,1
2902273,196,2024-09-05T09:11:40Z,17.273874,66.70578,1867.96,3.4967,3.4967,1,34.8845,34.88445,1
2902273,196,2024-09-05T09:11:40Z,17.273874,66.70578,1869.98,3.4896,3.4896,1,34.884,34.88395,1
2902273,196,2024-09-05T09:11:40Z,17.273874,66.70578,1871.99,3.4839,3.4839,1,34.8835,34.88344,1
2902273,196,2024-09-05T09:11:40Z,17.273874,66.70578,1874.03,3.4814,3.4814,1,34.883,34.88294,1
2902273,196,2024-09-05T09:11:40Z,17.273874,66.70578,1876.05,3.4725,3.4725,1,34.8827,34.88264,1
2902273,196,2024-09-05T09:11:40Z,17.273874,66.70578,1877.98,3.4668,3.4668,1,34.8821,34.88204,1
2902273,196,2024-09-05T09:11:40Z,17.273874,66.70578,1879.96,3.4627,3.4627,1,34.8815,34.88144,1
2902273,196,2024-09-05T09:11:40Z,17.273874,66.70578,1882.0,3.455,3.455,1,34.8812,34.88115,1
2902273,196,2024-09-05T09:11:40Z,17.273874,66.70578,1883.98,3.4482,3.4482,1,34.8804,34.88034,1
2902273,196,2024-09-05T09:11:40Z,17.273874,66.70578,1885.98,3.4449,3.4449,1,34.8802,34.88014,1
2902273,196,2024-09-05T09:11:40Z,17.273874,66.70578,1887.97,3.441,3.441,1,34.8797,34.87964,1
2902273,196,2024-09-05T09:11:40Z,17.273874,66.70578,1889.98,3.4371,3.4371,1,34.8793,34.87924,1
2902273,196,2024-09-05T09:11:40Z,17.273874,66.70578,1892.0,3.4319,3.4319,1,34.8789,34.87885,1
2902273,196,2024-09-05T09:11:40Z,17.273874,66.70578,1894.03,3.4262,3.4262,1,34.8785,34.87844,1
2902273,196,2024-09-05T09:11:40Z,17.273874,66.70578,1896.04,3.4224,3.4224,1,34.878,34.87794,1
2902273,196,2024-09-05T09:11:40Z,17.273874,66.70578,1898.02,3.4138,3.4138,1,34.8774,34.87734,1
2902273,196,2024-09-05T09:11:40Z,17.273874,66.70578,1899.99,3.4007,3.4007,1,34.8765,34.87644,1
2902273,196,2024-09-05T09:11:40Z,17.273874,66.70578,1902.01,3.3949,3.3949,1,34.8757,34.87564,1
2902273,196,2024-09-05T09:11:40Z,17.273874,66.70578,1903.99,3.3859,3.3859,1,34.8754,34.87534,1
2902273,196,2024-09-05T09:11:40Z,17.273874,66.70578,1906.0,3.3822,3.3822,1,34.875,34.87494,1
2902273,196,2024-09-05T09:11:40Z,17.273874,66.70578,1908.04,3.3797,3.3797,1,34.8746,34.87454,1
2902273,196,2024-09-05T09:11:40Z,17.273874,66.70578,1910.06,3.3774,3.3774,1,34.8745,34.87444,1
2902273,196,2024-09-05T09:11:40Z,17.273874,66.70578,1912.05,3.3703,3.3703,1,34.8741,34.87404,1
2902273,196,2024-09-05T09:11:40Z,17.273874,66.70578,1914.02,3.3622,3.3622,1,34.8734,34.87334,1
2902273,196,2024-09-05T09:11:40Z,17.273874,66.70578,1915.96,3.3576,3.3576,1,34.8731,34.87304,1
2902273,196,2024-09-05T09:11:40Z,17.273874,66.70578,1917.95,3.3517,3.3517,1,34.8725,34.87244,1
2902273,196,2024-09-05T09:11:40Z,17.273874,66.70578,1919.98,3.346,3.346,1,34.8722,34.87214,1
2902273,196,2024-09-05T09:11:40Z,17.273874,66.70578,1922.03,3.3409,3.3409,1,34.8719,34.87185,1
2902273,196,2024-09-05T09:11:40Z,17.273874,66.70578,1924.01,3.3372,3.3372,1,34.8714,34.87135,1
2902273,196,2024-09-05T09:11:40Z,17.273874,66.70578,1925.97,3.3368,3.3368,1,34.8713,34.87124,1
2902273,196,2024-09-05T09:11:40Z,17.273874,66.70578,1927.98,3.3313,3.3313,1,34.8709,34.87085,1
2902273,196,2024-09-05T09:11:40Z,17.273874,66.70578,1930.02,3.3228,3.3228,1,34.8702,34.87014,1
2902273,196,2024-09-05T09:11:40Z,17.273874,66.70578,1931.99,3.3141,3.3141,1,34.8693,34.86924,1
2902273,196,2024-09-05T09:11:40Z,17.273874,66.70578,1933.94,3.3111,3.3111,1,34.8692,34.86914,1
2902273,196,2024-09-05T09:11:40Z,17.273874,66.70578,1935.96,3.3112,3.3112,1,34.8691,34.86905,1
2902273,196,2024-09-05T09:11:40Z,17.273874,66.70578,1938.03,3.3089,3.3089,1,34.8691,34.86905,1
2902273,196,2024-09-05T09:11:40Z,17.273874,66.70578,1940.03,3.3023,3.3023,1,34.8682,34.86814,1
2902273,196,2024-09-05T09:11:40Z,17.273874,66.70578,1941.99,3.3004,3.3004,1,34.868,34.86794,1
2902273,196,2024-09-05T09:11:40Z,17.273874,66.70578,1943.95,3.2951,3.2951,1,34.8674,34.86734,1
2902273,196,2024-09-05T09:11:40Z,17.273874,66.70578,1945.96,3.2903,3.2903,1,34.8669,34.86684,1
2902273,196,2024-09-05T09:11:40Z,17.273874,66.70578,1947.97,3.281,3.281,1,34.8665,34.86644,1
2902273,196,2024-09-05T09:11:40Z,17.273874,66.70578,1949.99,3.2743,3.2743,1,34.8657,34.86564,1
2902273,196,2024-09-05T09:11:40Z,17.273874,66.70578,1952.03,3.2696,3.2696,1,34.8653,34.86525,1
2902273,196,2024-09-05T09:11:40Z,17.273874,66.70578,1954.04,3.2653,3.2653,1,34.865,34.86494,1
2902273,196,2024-09-05T09:11:40Z,17.273874,66.70578,1956.03,3.2606,3.2606,1,34.8644,34.86435,1
2902273,196,2024-09-05T09:11:40Z,17.273874,66.70578,1958.05,3.247,3.247,1,34.8636,34.86354,1
2902273,196,2024-09-05T09:11:40Z,17.273874,66.70578,1960.02,3.2392,3.2392,1,34.8619,34.86184,1
2902273,196,2024-09-05T09:11:40Z,17.273874,66.70578,1961.98,3.2348,3.2348,1,34.8616,34.86155,1
2902273,196,2024-09-05T09:11:40Z,17.273874,66.70578,1964.04,3.2264,3.2264,1,34.8606,34.86055,1
2902273,196,2024-09-05T09:11:40Z,17.273874,66.70578,1966.01,3.215,3.215,1,34.8589,34.85884,1
2902273,196,2024-09-05T09:11:40Z,17.273874,66.70578,1967.98,3.204,3.204,1,34.8579,34.85785,1
2902273,196,2024-09-05T09:11:40Z,17.273874,66.70578,1970.03,3.1992,3.1992,1,34.8575,34.85744,1
2902273,196,2024-09-05T09:11:40Z,17.273874,66.70578,1972.0,3.1929,3.1929,1,34.8568,34.85674,1
2902273,196,2024-09-05T09:11:40Z,17.273874,66.70578,1973.95,3.191,3.191,1,34.8566,34.85654,1
2902273,196,2024-09-05T09:11:40Z,17.273874,66.70578,1975.99,3.1843,3.1843,1,34.8565,34.85645,1
2902273,196,2024-09-05T09:11:40Z,17.273874,66.70578,1978.07,3.1772,3.1772,1,34.8556,34.85555,1
2902273,196,2024-09-05T09:11:40Z,17.273874,66.70578,1980.04,3.1697,3.1697,1,34.8553,34.85524,1
2902273,196,2024-09-05T09:11:40Z,17.273874,66.70578,1981.99,3.1617,3.1617,1,34.8545,34.85444,1
2902273,196,2024-09-05T09:11:40Z,17.273874,66.70578,1984.01,3.1556,3.1556,1,34.8541,34.85405,1
2902273,196,2024-09-05T09:11:40Z,17.273874,66.70578,1986.05,3.1498,3.1498,1,34.8536,34.85355,1
2902273,196,2024-09-05T09:11:40Z,17.273874,66.70578,1988.03,3.1432,3.1432,1,34.853,34.85294,1
2902273,196,2024-09-05T09:11:40Z,17.273874,66.70578,1989.98,3.1407,3.1407,1,34.8527,34.85265,1
2903892,36,2024-09-07T14:15:55Z,12.983333333333333,83.23333333333333,0.2,28.958,NaN,1,32.96,NaN,1
2903892,36,2024-09-07T14:15:55Z,12.983333333333333,83.23333333333333,0.9,28.961,NaN,1,32.958,NaN,1
2903892,36,2024-09-07T14:15:55Z,12.983333333333333,83.23333333333333,1.9,28.961,NaN,1,32.957,NaN,1
2903892,36,2024-09-07T14:15:55Z,12.983333333333333,83.23333333333333,2.8,28.961,NaN,1,32.958,NaN,1
2903892,36,2024-09-07T14:15:55Z,12.983333333333333,83.23333333333333,4.0,28.961,NaN,1,32.959,NaN,1
2903892,36,2024-09-07T14:15:55Z,12.983333333333333,83.23333333333333,4.8,28.96,NaN,1,32.959,NaN,1
2903892,36,2024-09-07T14:15:55Z,12.983333333333333,83.23333333333333,6.0,28.961,NaN,1,32.96,NaN,1
2903892,36,2024-09-07T14:15:55Z,12.983333333333333,83.23333333333333,7.3,28.964,NaN,1,32.958,NaN,1
2903892,36,2024-09-07T14:15:55Z,12.983333333333333,83.23333333333333,8.1,28.96,NaN,1,32.96,NaN,1
2903892,36,2024-09-07T14:15:55Z,12.983333333333333,83.23333333333333,8.9,28.96,NaN,1,32.96,NaN,1
2903892,36,2024-09-07T14:15:55Z,12.983333333333333,83.23333333333333,9.7,28.962,NaN,1,32.961,NaN,1
2903892,36,2024-09-07T14:15:55Z,12.983333333333333,83.23333333333333,15.1,28.966,NaN,1,32.962,NaN,1
2903892,36,2024-09-07T14:15:55Z,12.983333333333333,83.23333333333333,25.2,28.972,NaN,1,32.967,NaN,1
2903892,36,2024-09-07T14:15:55Z,12.983333333333333,83.23333333333333,35.3,28.984,NaN,1,32.994,NaN,1
2903892,36,2024-09-07T14:15:55Z,12.983333333333333,83.23333333333333,45.6,29.046,NaN,1,33.175,NaN,1
2903892,36,2024-09-07T14:15:55Z,12.983333333333333,83.23333333333333,55.2,28.935,NaN,1,33.804,NaN,1
2903892,36,2024-09-07T14:15:55Z,12.983333333333333,83.23333333333333,65.6,28.868,NaN,1,34.311,NaN,1
2903892,36,2024-09-07T14:15:55Z,12.983333333333333,83.23333333333333,75.2,28.598,NaN,1,34.534,NaN,1
2903892,36,2024-09-07T14:15:55Z,12.983333333333333,83.23333333333333,85.0,28.028,NaN,1,34.808,NaN,1
2903892,36,2024-09-07T14:15:55Z,12.983333333333333,83.23333333333333,95.4,26.748,NaN,1,34.925,NaN,1
2903892,36,2024-09-07T14:15:55Z,12.983333333333333,83.23333333333333,105.1,24.195,NaN,1,34.674,NaN,1
2903892,36,2024-09-07T14:15:55Z,12.983333333333333,83.23333333333333,114.9,22.625,NaN,1,34.689,NaN,1
2903892,36,2024-09-07T14:15:55Z,12.983333333333333,83.23333333333333,125.3,21.182,NaN,1,34.739,NaN,1
2903892,36,2024-09-07T14:15:55Z,12.983333333333333,83.23333333333333,135.2,19.488,NaN,1,34.781,NaN,1
2903892,36,2024-09-07T14:15:55Z,12.983333333333333,83.23333333333333,145.6,18.151,NaN,1,34.821,NaN,1
2903892,36,2024-09-07T14:15:55Z,12.983333333333333,83.23333333333333,155.8,17.365,NaN,1,34.846,NaN,1
2903892,36,2024-09-07T14:15:55Z,12.983333333333333,83.23333333333333,165.9,16.662,NaN,1,34.865,NaN,1
2903892,36,2024-09-07T14:15:55Z,12.983333333333333,83.23333333333333,175.3,16.112,NaN,1,34.884,NaN,1
2903892,36,2024-09-07T14:15:55Z,12.983333333333333,83.23333333333333,185.2,15.23,NaN,1,34.917,NaN,1
2903892,36,2024-09-07T14:15:55Z,12.983333333333333,83.23333333333333,195.5,14.563,NaN,1,34.952,NaN,1
2903892,36,2024-09-07T14:15:55Z,12.983333333333333,83.23333333333333,213.1,13.72,NaN,1,34.976,NaN,1
2903892,36,2024-09-07T14:15:55Z,12.983333333333333,83.23333333333333,237.5,13.055,NaN,1,35.003,NaN,1
2903892,36,2024-09-07T14:15:55Z,12.983333333333333,83.23333333333333,262.9,12.598,NaN,1,35.013,NaN,1
2903892,36,2024-09-07T14:15:55Z,12.983333333333333,83.23333333333333,288.0,12.158,NaN,1,35.022,NaN,1
2903892,36,2024-09-07T14:15:55Z,12.983333333333333,83.23333333333333,312.9,11.813,NaN,1,35.027,NaN,1
2903892,36,2024-09-07T14:15:55Z,12.983333333333333,83.23333333333333,338.9,11.536,NaN,1,35.037,NaN,1
2903892,36,2024-09-07T14:15:55Z,12.983333333333333,83.23333333333333,362.6,11.322,NaN,1,35.041,NaN,1
2903892,36,2024-09-07T14:15:55Z,12.983333333333333,83.23333333333333,387.8,11.103,NaN,1,35.039,NaN,1
2903892,36,2024-09-07T14:15:55Z,12.983333333333333,83.23333333333333,412.9,10.889,NaN,1,35.036,NaN,1
2903892,36,2024-09-07T14:15:55Z,12.983333333333333,83.23333333333333,437.8,10.669,NaN,1,35.034,NaN,1
2903892,36,2024-09-07T14:15:55Z,12.983333333333333,83.23333333333333,463.2,10.494,NaN,1,35.033,NaN,1
2903892,36,2024-09-07T14:15:55Z,12.983333333333333,83.23333333333333,487.9,10.321,NaN,1,35.033,NaN,1
2903892,36,2024-09-07T14:15:55Z,12.983333333333333,83.23333333333333,512.7,10.152,NaN,1,35.03,NaN,1
2903892,36,2024-09-07T14:15:55Z,12.983333333333333,83.23333333333333,537.8,9.95,NaN,1,35.029,NaN,1
2903892,36,2024-09-07T14:15:55Z,12.983333333333333,83.23333333333333,563.3,9.756,NaN,1,35.024,NaN,1
2903892,36,2024-09-07T14:15:55Z,12.983333333333333,83.23333333333333,587.7,9.57,NaN,1,35.018,NaN,1
2903892,36,2024-09-07T14:15:55Z,12.983333333333333,83.23333333333333,612.8,9.382,NaN,1,35.014,NaN,1
2903892,36,2024-09-07T14:15:55Z,12.983333333333333,83.23333333333333,637.5,9.235,NaN,1,35.012,NaN,1
2903892,36,2024-09-07T14:15:55Z,12.983333333333333,83.23333333333333,662.7,9.102,NaN,1,35.009,NaN,1
2903892,36,2024-09-07T14:15:55Z,12.983333333333333,83.23333333333333,688.0,8.943,NaN,1,35.004,NaN,1
2903892,36,2024-09-07T14:15:55Z,12.983333333333333,83.23333333333333,713.0,8.77,NaN,1,35.0,NaN,1
2903892,36,2024-09-07T14:15:55Z,12.983333333333333,83.23333333333333,737.7,8.58,NaN,1,34.995,NaN,1
2903892,36,2024-09-07T14:15:55Z,12.983333333333333,83.23333333333333,762.7,8.405,NaN,1,34.99,NaN,1
2903892,36,2024-09-07T14:15:55Z,12.983333333333333,83.23333333333333,788.1,8.257,NaN,1,34.986,NaN,1
2903892,36,2024-09-07T14:15:55Z,12.983333333333333,83.23333333333333,813.0,8.089,NaN,1,34.981,NaN,1
2903892,36,2024-09-07T14:15:55Z,12.983333333333333,83.23333333333333,837.6,7.928,NaN,1,34.977,NaN,1
2903892,36,2024-09-07T14:15:55Z,12.983333333333333,83.23333333333333,862.9,7.799,NaN,1,34.973,NaN,1
2903892,36,2024-09-07T14:15:55Z,12.983333333333333,83.23333333333333,888.3,7.673,NaN,1,34.97,NaN,1
2903892,36,2024-09-07T14:15:55Z,12.983333333333333,83.23333333333333,913.1,7.497,NaN,1,34.964,NaN,1
2903892,36,2024-09-07T14:15:55Z,12.983333333333333,83.23333333333333,937.5,7.336,NaN,1,34.958,NaN,1
2903892,36,2024-09-07T14:15:55Z,12.983333333333333,83.23333333333333,963.5,7.147,NaN,1,34.95,NaN,1
2903892,36,2024-09-07T14:15:55Z,12.983333333333333,83.23333333333333,987.8,6.968,NaN,1,34.943,NaN,1
2903892,36,2024-09-07T14:15:55Z,12.983333333333333,83.23333333333333,1012.8,6.851,NaN,1,34.939,NaN,1
2903892,36,2024-09-07T14:15:55Z,12.983333333333333,83.23333333333333,1038.0,6.719,NaN,1,34.933,NaN,1
2903892,36,2024-09-07T14:15:55Z,12.983333333333333,83.23333333333333,1062.9,6.609,NaN,1,34.929,NaN,1
2903892,36,2024-09-07T14:15:55Z,12.983333333333333,83.23333333333333,1088.0,6.494,NaN,1,34.926,NaN,1
2903892,36,2024-09-07T14:15:55Z,12.983333333333333,83.23333333333333,1113.1,6.383,NaN,1,34.921,NaN,1
2903892,36,2024-09-07T14:15:55Z,12.983333333333333,83.23333333333333,1137.9,6.231,NaN,1,34.915,NaN,1
2903892,36,2024-09-07T14:15:55Z,12.983333333333333,83.23333333333333,1162.8,6.108,NaN,1,34.911,NaN,1
2903892,36,2024-09-07T14:15:55Z,12.983333333333333,83.23333333333333,1187.7,6.001,NaN,1,34.906,NaN,1
2903892,36,2024-09-07T14:15:55Z,12.983333333333333,83.23333333333333,1212.6,5.895,NaN,1,34.902,NaN,1
2903892,36,2024-09-07T14:15:55Z,12.983333333333333,83.23333333333333,1237.6,5.787,NaN,1,34.898,NaN,1
2903892,36,2024-09-07T14:15:55Z,12.983333333333333,83.23333333333333,1263.2,5.689,NaN,1,34.894,NaN,1
2903892,36,2024-09-07T14:15:55Z,12.983333333333333,83.23333333333333,1288.0,5.561,NaN,1,34.889,NaN,1
2903892,36,2024-09-07T14:15:55Z,12.983333333333333,83.23333333333333,1313.0,5.456,NaN,1,34.885,NaN,1
2903892,36,2024-09-07T14:15:55Z,12.983333333333333,83.23333333333333,1337.8,5.371,NaN,1,34.881,NaN,1
2903892,36,2024-09-07T14:15:55Z,12.983333333333333,83.23333333333333,1362.6,5.296,NaN,1,34.878,NaN,1
2903892,36,2024-09-07T14:15:55Z,12.983333333333333,83.23333333333333,1387.5,5.179,NaN,1,34.874,NaN,1
2903892,36,2024-09-07T14:15:55Z,12.983333333333333,83.23333333333333,1412.7,5.091,NaN,1,34.871,NaN,1
2903892,36,2024-09-07T14:15:55Z,12.983333333333333,83.23333333333333,1438.1,5.015,NaN,1,34.868,NaN,1
2903892,36,2024-09-07T14:15:55Z,12.983333333333333,83.23333333333333,1462.9,4.905,NaN,1,34.864,NaN,1
2903892,36,2024-09-07T14:15:55Z,12.983333333333333,83.23333333333333,1487.5,4.794,NaN,1,34.859,NaN,1
2903892,36,2024-09-07T14:15:55Z,12.983333333333333,83.23333333333333,1512.5,4.703,NaN,1,34.856,NaN,1
2903892,36,2024-09-07T14:15:55Z,12.983333333333333,83.23333333333333,1537.6,4.61,NaN,1,34.851,NaN,1
2903892,36,2024-09-07T14:15:55Z,12.983333333333333,83.23333333333333,1562.6,4.519,NaN,1,34.848,NaN,1
2903892,36,2024-09-07T14:15:55Z,12.983333333333333,83.23333333333333,1587.9,4.416,NaN,1,34.844,NaN,1
2903892,36,2024-09-07T14:15:55Z,12.983333333333333,83.23333333333333,1613.1,4.319,NaN,1,34.84,NaN,1
2903892,36,2024-09-07T14:15:55Z,12.983333333333333,83.23333333333333,1638.1,4.217,NaN,1,34.837,NaN,1
2903892,36,2024-09-07T14:15:55Z,12.983333333333333,83.23333333333333,1662.8,4.13,NaN,1,34.833,NaN,1
2903892,36,2024-09-07T14:15:55Z,12.983333333333333,83.23333333333333,1687.8,4.026,NaN,1,34.829,NaN,1
2903892,36,2024-09-07T14:15:55Z,12.983333333333333,83.23333333333333,1713.1,3.892,NaN,1,34.823,NaN,1
2903892,36,2024-09-07T14:15:55Z,12.983333333333333,83.23333333333333,1738.2,3.768,NaN,1,34.818,NaN,1
2903892,36,2024-09-07T14:15:55Z,12.983333333333333,83.23333333333333,1762.8,3.645,NaN,1,34.813,NaN,1
2903892,36,2024-09-07T14:15:55Z,12.983333333333333,83.23333333333333,1787.7,3.541,NaN,1,34.808,NaN,1
2903892,36,2024-09-07T14:15:55Z,12.983333333333333,83.23333333333333,1812.7,3.455,NaN,1,34.805,NaN,1
2903892,36,2024-09-07T14:15:55Z,12.983333333333333,83.23333333333333,1837.7,3.359,NaN,1,34.8,NaN,1
2903892,36,2024-09-07T14:15:55Z,12.983333333333333,83.23333333333333,1863.0,3.289,NaN,1,34.797,NaN,1
2903892,36,2024-09-07T14:15:55Z,12.983333333333333,83.23333333333333,1887.8,3.219,NaN,1,34.794,NaN,1
2903892,36,2024-09-07T14:15:55Z,12.983333333333333,83.23333333333333,1912.6,3.138,NaN,1,34.791,NaN,1
2903892,36,2024-09-07T14:15:55Z,12.983333333333333,83.23333333333333,1937.7,3.073,NaN,1,34.788,NaN,1
2903892,36,2024-09-07T14:15:55Z,12.983333333333333,83.23333333333333,1962.9,3.014,NaN,1,34.785,NaN,1
2903892,36,2024-09-07T14:15:55Z,12.983333333333333,83.23333333333333,1988.0,2.955,NaN,1,34.783,NaN,1
2903892,36,2024-09-07T14:15:55Z,12.983333333333333,83.23333333333333,2005.9,2.92,NaN,1,34.781,NaN,1
4903777,23,2024-09-07T13:58:02Z,9.25,69.08333333333333,0.0,29.171,NaN,1,36.514,NaN,1
4903777,23,2024-09-07T13:58:02Z,9.25,69.08333333333333,0.9,29.174,NaN,1,36.513,NaN,1
4903777,23,2024-09-07T13:58:02Z,9.25,69.08333333333333,1.9,29.177,NaN,1,36.513,NaN,1
4903777,23,2024-09-07T13:58:02Z,9.25,69.08333333333333,2.7,29.178,NaN,1,36.511,NaN,1
4903777,23,2024-09-07T13:58:02Z,9.25,69.08333333333333,3.9,29.178,NaN,1,36.512,NaN,1
4903777,23,2024-09-07T13:58:02Z,9.25,69.08333333333333,5.1,29.181,NaN,1,36.513,NaN,1
4903777,23,2024-09-07T13:58:02Z,9.25,69.08333333333333,5.9,29.179,NaN,1,36.515,NaN,1
4903777,23,2024-09-07T13:58:02Z,9.25,69.08333333333333,6.9,29.18,NaN,1,36.512,NaN,1
4903777,23,2024-09-07T13:58:02Z,9.25,69.08333333333333,8.0,29.152,NaN,1,36.504,NaN,1
4903777,23,2024-09-07T13:58:02Z,9.25,69.08333333333333,8.7,29.127,NaN,1,36.507,NaN,1
4903777,23,2024-09-07T13:58:02Z,9.25,69.08333333333333,9.9,29.07,NaN,1,36.501,NaN,1
4903777,23,2024-09-07T13:58:02Z,9.25,69.08333333333333,15.6,28.947,NaN,1,36.5,NaN,1
4903777,23,2024-09-07T13:58:02Z,9.25,69.08333333333333,25.6,28.908,NaN,1,36.503,NaN,1
4903777,23,2024-09-07T13:58:02Z,9.25,69.08333333333333,35.3,28.627,NaN,1,36.538,NaN,1
4903777,23,2024-09-07T13:58:02Z,9.25,69.08333333333333,45.6,28.467,NaN,1,36.522,NaN,1
4903777,23,2024-09-07T13:58:02Z,9.25,69.08333333333333,55.4,28.437,NaN,1,36.533,NaN,1
4903777,23,2024-09-07T13:58:02Z,9.25,69.08333333333333,65.1,28.425,NaN,1,36.555,NaN,1
4903777,23,2024-09-07T13:58:02Z,9.25,69.08333333333333,75.3,28.055,NaN,1,36.463,NaN,1
4903777,23,2024-09-07T13:58:02Z,9.25,69.08333333333333,85.5,27.136,NaN,1,36.297,NaN,1
4903777,23,2024-09-07T13:58:02Z,9.25,69.08333333333333,95.8,24.774,NaN,1,35.997,NaN,1
4903777,23,2024-09-07T13:58:02Z,9.25,69.08333333333333,104.8,21.685,NaN,1,35.611,NaN,1
4903777,23,2024-09-07T13:58:02Z,9.25,69.08333333333333,115.3,19.885,NaN,1,35.451,NaN,1
4903777,23,2024-09-07T13:58:02Z,9.25,69.08333333333333,125.7,18.709,NaN,1,35.391,NaN,1
4903777,23,2024-09-07T13:58:02Z,9.25,69.08333333333333,136.1,17.844,NaN,1,35.41,NaN,1
4903777,23,2024-09-07T13:58:02Z,9.25,69.08333333333333,145.4,16.666,NaN,1,35.409,NaN,1
4903777,23,2024-09-07T13:58:02Z,9.25,69.08333333333333,155.0,16.088,NaN,1,35.409,NaN,1
4903777,23,2024-09-07T13:58:02Z,9.25,69.08333333333333,165.3,15.635,NaN,1,35.387,NaN,1
4903777,23,2024-09-07T13:58:02Z,9.25,69.08333333333333,175.6,14.958,NaN,1,35.367,NaN,1
4903777,23,2024-09-07T13:58:02Z,9.25,69.08333333333333,185.6,14.592,NaN,1,35.353,NaN,1
4903777,23,2024-09-07T13:58:02Z,9.25,69.08333333333333,195.6,14.383,NaN,1,35.37,NaN,1
4903777,23,2024-09-07T13:58:02Z,9.25,69.08333333333333,212.7,13.89,NaN,1,35.359,NaN,1
4903777,23,2024-09-07T13:58:02Z,9.25,69.08333333333333,238.1,13.334,NaN,1,35.341,NaN,1
4903777,23,2024-09-07T13:58:02Z,9.25,69.08333333333333,263.1,12.851,NaN,1,35.31,NaN,1
4903777,23,2024-09-07T13:58:02Z,9.25,69.08333333333333,288.2,12.448,NaN,1,35.301,NaN,1
4903777,23,2024-09-07T13:58:02Z,9.25,69.08333333333333,313.5,12.109,NaN,1,35.282,NaN,1
4903777,23,2024-09-07T13:58:02Z,9.25,69.08333333333333,337.3,11.834,NaN,1,35.273,NaN,1
4903777,23,2024-09-07T13:58:02Z,9.25,69.08333333333333,362.5,11.594,NaN,1,35.269,NaN,1
4903777,23,2024-09-07T13:58:02Z,9.25,69.08333333333333,387.6,11.425,NaN,1,35.272,NaN,1
4903777,23,2024-09-07T13:58:02Z,9.25,69.08333333333333,412.6,11.291,NaN,1,35.276,NaN,1
4903777,23,2024-09-07T13:58:02Z,9.25,69.08333333333333,438.0,11.176,NaN,1,35.294,NaN,1
4903777,23,2024-09-07T13:58:02Z,9.25,69.08333333333333,463.3,11.077,NaN,1,35.306,NaN,1
4903777,23,2024-09-07T13:58:02Z,9.25,69.08333333333333,487.8,10.859,NaN,1,35.296,NaN,1
4903777,23,2024-09-07T13:58:02Z,9.25,69.08333333333333,512.8,10.65,NaN,1,35.282,NaN,1
4903777,23,2024-09-07T13:58:02Z,9.25,69.08333333333333,537.7,10.462,NaN,1,35.262,NaN,1
4903777,23,2024-09-07T13:58:02Z,9.25,69.08333333333333,562.8,10.28,NaN,1,35.244,NaN,1
4903777,23,2024-09-07T13:58:02Z,9.25,69.08333333333333,588.3,10.191,NaN,1,35.247,NaN,1
4903777,23,2024-09-07T13:58:02Z,9.25,69.08333333333333,613.2,10.095,NaN,1,35.254,NaN,1
4903777,23,2024-09-07T13:58:02Z,9.25,69.08333333333333,637.6,9.866,NaN,1,35.235,NaN,1
4903777,23,2024-09-07T13:58:02Z,9.25,69.08333333333333,662.6,9.754,NaN,1,35.237,NaN,1
4903777,23,2024-09-07T13:58:02Z,9.25,69.08333333333333,688.0,9.647,NaN,1,35.232,NaN,1
4903777,23,2024-09-07T13:58:02Z,9.25,69.08333333333333,713.9,9.491,NaN,1,35.225,NaN,1
4903777,23,2024-09-07T13:58:02Z,9.25,69.08333333333333,737.8,9.276,NaN,1,35.205,NaN,1
4903777,23,2024-09-07T13:58:02Z,9.25,69.08333333333333,763.0,9.099,NaN,1,35.194,NaN,1
4903777,23,2024-09-07T13:58:02Z,9.25,69.08333333333333,788.1,8.914,NaN,1,35.177,NaN,1
4903777,23,2024-09-07T13:58:02Z,9.25,69.08333333333333,812.6,8.787,NaN,1,35.168,NaN,1
4903777,23,2024-09-07T13:58:02Z,9.25,69.08333333333333,837.5,8.645,NaN,1,35.161,NaN,1
4903777,23,2024-09-07T13:58:02Z,9.25,69.08333333333333,862.8,8.477,NaN,1,35.15,NaN,1
4903777,23,2024-09-07T13:58:02Z,9.25,69.08333333333333,887.9,8.32,NaN,1,35.14,NaN,1
4903777,23,2024-09-07T13:58:02Z,9.25,69.08333333333333,912.4,8.12,NaN,1,35.127,NaN,1
4903777,23,2024-09-07T13:58:02Z,9.25,69.08333333333333,937.9,7.841,NaN,1,35.096,NaN,1
4903777,23,2024-09-07T13:58:02Z,9.25,69.08333333333333,963.2,7.667,NaN,1,35.083,NaN,1
4903777,23,2024-09-07T13:58:02Z,9.25,69.08333333333333,988.1,7.582,NaN,1,35.081,NaN,1
4903777,23,2024-09-07T13:58:02Z,9.25,69.08333333333333,1013.7,7.434,NaN,1,35.071,NaN,1
4903777,23,2024-09-07T13:58:02Z,9.25,69.08333333333333,1037.8,7.23,NaN,1,35.058,NaN,1
4903777,23,2024-09-07T13:58:02Z,9.25,69.08333333333333,1062.9,7.088,NaN,1,35.048,NaN,1
4903777,23,2024-09-07T13:58:02Z,9.25,69.08333333333333,1088.1,6.955,NaN,1,35.04,NaN,1
4903777,23,2024-09-07T13:58:02Z,9.25,69.08333333333333,1112.8,6.853,NaN,1,35.035,NaN,1
4903777,23,2024-09-07T13:58:02Z,9.25,69.08333333333333,1137.8,6.722,NaN,1,35.027,NaN,1
4903777,23,2024-09-07T13:58:02Z,9.25,69.08333333333333,1162.8,6.554,NaN,1,35.015,NaN,1
4903777,23,2024-09-07T13:58:02Z,9.25,69.08333333333333,1187.8,6.432,NaN,1,35.012,NaN,1
4903777,23,2024-09-07T13:58:02Z,9.25,69.08333333333333,1213.2,6.305,NaN,1,35.005,NaN,1
4903777,23,2024-09-07T13:58:02Z,9.25,69.08333333333333,1238.3,6.179,NaN,1,34.998,NaN,1
4903777,23,2024-09-07T13:58:02Z,9.25,69.08333333333333,1263.3,6.051,NaN,1,34.991,NaN,1
4903777,23,2024-09-07T13:58:02Z,9.25,69.08333333333333,1288.0,5.897,NaN,1,34.98,NaN,1
4903777,23,2024-09-07T13:58:02Z,9.25,69.08333333333333,1312.5,5.748,NaN,1,34.97,NaN,1
4903777,23,2024-09-07T13:58:02Z,9.25,69.08333333333333,1338.0,5.577,NaN,1,34.959,NaN,1
4903777,23,2024-09-07T13:58:02Z,9.25,69.08333333333333,1362.8,5.486,NaN,1,34.953,NaN,1
4903777,23,2024-09-07T13:58:02Z,9.25,69.08333333333333,1387.9,5.38,NaN,1,34.949,NaN,1
4903777,23,2024-09-07T13:58:02Z,9.25,69.08333333333333,1412.9,5.277,NaN,1,34.943,NaN,1
4903777,23,2024-09-07T13:58:02Z,9.25,69.08333333333333,1437.8,5.17,NaN,1,34.937,NaN,1
4903777,23,2024-09-07T13:58:02Z,9.25,69.08333333333333,1462.8,5.075,NaN,1,34.931,NaN,1
4903777,23,2024-09-07T13:58:02Z,9.25,69.08333333333333,1487.9,4.978,NaN,1,34.932,NaN,1
4903777,23,2024-09-07T13:58:02Z,9.25,69.08333333333333,1512.9,4.856,NaN,1,34.926,NaN,1
4903777,23,2024-09-07T13:58:02Z,9.25,69.08333333333333,1537.8,4.702,NaN,1,34.918,NaN,1
4903777,23,2024-09-07T13:58:02Z,9.25,69.08333333333333,1562.8,4.518,NaN,1,34.904,NaN,1
4903777,23,2024-09-07T13:58:02Z,9.25,69.08333333333333,1587.9,4.368,NaN,1,34.896,NaN,1
4903777,23,2024-09-07T13:58:02Z,9.25,69.08333333333333,1613.1,4.259,NaN,1,34.89,NaN,1
4903777,23,2024-09-07T13:58:02Z,9.25,69.08333333333333,1637.9,4.128,NaN,1,34.881,NaN,1
4903777,23,2024-09-07T13:58:02Z,9.25,69.08333333333333,1663.5,4.006,NaN,1,34.872,NaN,1
4903777,23,2024-09-07T13:58:02Z,9.25,69.08333333333333,1688.0,3.889,NaN,1,34.865,NaN,1
4903777,23,2024-09-07T13:58:02Z,9.25,69.08333333333333,1713.2,3.801,NaN,1,34.86,NaN,1
4903777,23,2024-09-07T13:58:02Z,9.25,69.08333333333333,1738.1,3.704,NaN,1,34.853,NaN,1
4903777,23,2024-09-07T13:58:02Z,9.25,69.08333333333333,1763.2,3.606,NaN,1,34.846,NaN,1
4903777,23,2024-09-07T13:58:02Z,9.25,69.08333333333333,1788.2,3.506,NaN,1,34.839,NaN,1
4903777,23,2024-09-07T13:58:02Z,9.25,69.08333333333333,1812.8,3.409,NaN,1,34.834,NaN,1
4903777,23,2024-09-07T13:58:02Z,9.25,69.08333333333333,1837.9,3.33,NaN,1,34.829,NaN,1
4903777,23,2024-09-07T13:58:02Z,9.25,69.08333333333333,1863.0,3.252,NaN,1,34.825,NaN,1
4903777,23,2024-09-07T13:58:02Z,9.25,69.08333333333333,1887.6,3.188,NaN,1,34.821,NaN,1
4903777,23,2024-09-07T13:58:02Z,9.25,69.08333333333333,1912.6,3.114,NaN,1,34.816,NaN,1
4903777,23,2024-09-07T13:58:02Z,9.25,69.08333333333333,1938.7,3.039,NaN,1,34.812,NaN,1
4903777,23,2024-09-07T13:58:02Z,9.25,69.08333333333333,1963.1,2.986,NaN,1,34.809,NaN,1
4903777,23,2024-09-07T13:58:02Z,9.25,69.08333333333333,1987.9,2.936,NaN,1,34.807,NaN,1
4903777,23,2024-09-07T13:58:02Z,9.25,69.08333333333333,2011.4,2.872,NaN,1,34.803,NaN,1
4903783,23,2024-09-07T13:23:00Z,6.524068333333333,69.62803666666667,2.6,29.614,NaN,1,36.277,NaN,1
4903783,23,2024-09-07T13:23:00Z,6.524068333333333,69.62803666666667,3.5,29.552,NaN,1,36.294,NaN,1
4903783,23,2024-09-07T13:23:00Z,6.524068333333333,69.62803666666667,4.4,29.472,NaN,1,36.272,NaN,1
4903783,23,2024-09-07T13:23:00Z,6.524068333333333,69.62803666666667,5.4,29.412,NaN,1,36.276,NaN,1
4903783,23,2024-09-07T13:23:00Z,6.524068333333333,69.62803666666667,6.4,29.354,NaN,1,36.271,NaN,1
4903783,23,2024-09-07T13:23:00Z,6.524068333333333,69.62803666666667,7.4,29.339,NaN,1,36.269,NaN,1
4903783,23,2024-09-07T13:23:00Z,6.524068333333333,69.62803666666667,8.5,29.333,NaN,1,36.269,NaN,1
4903783,23,2024-09-07T13:23:00Z,6.524068333333333,69.62803666666667,9.6,29.327,NaN,1,36.268,NaN,1
4903783,23,2024-09-07T13:23:00Z,6.524068333333333,69.62803666666667,10.5,29.324,NaN,1,36.268,NaN,1
4903783,23,2024-09-07T13:23:00Z,6.524068333333333,69.62803666666667,11.5,29.314,NaN,1,36.267,NaN,1
4903783,23,2024-09-07T13:23:00Z,6.524068333333333,69.62803666666667,12.5,29.308,NaN,1,36.268,NaN,1
4903783,23,2024-09-07T13:23:00Z,6.524068333333333,69.62803666666667,13.4,29.303,NaN,1,36.267,NaN,1
4903783,23,2024-09-07T13:23:00Z,6.524068333333333,69.62803666666667,14.4,29.298,NaN,1,36.267,NaN,1
4903783,23,2024-09-07T13:23:00Z,6.524068333333333,69.62803666666667,15.5,29.291,NaN,1,36.267,NaN,1
4903783,23,2024-09-07T13:23:00Z,6.524068333333333,69.62803666666667,16.5,29.283,NaN,1,36.267,NaN,1
4903783,23,2024-09-07T13:23:00Z,6.524068333333333,69.62803666666667,17.6,29.278,NaN,1,36.267,NaN,1
4903783,23,2024-09-07T13:23:00Z,6.524068333333333,69.62803666666667,18.5,29.275,NaN,1,36.267,NaN,1
4903783,23,2024-09-07T13:23:00Z,6.524068333333333,69.62803666666667,19.5,29.272,NaN,1,36.267,NaN,1
4903783,23,2024-09-07T13:23:00Z,6.524068333333333,69.62803666666667,24.8,29.256,NaN,1,36.265,NaN,1
4903783,23,2024-09-07T13:23:00Z,6.524068333333333,69.62803666666667,35.0,29.2,NaN,1,36.255,NaN,1
4903783,23,2024-09-07T13:23:00Z,6.524068333333333,69.62803666666667,45.0,29.009,NaN,1,36.24,NaN,1
4903783,23,2024-09-07T13:23:00Z,6.524068333333333,69.62803666666667,55.0,28.655,NaN,1,36.225,NaN,1
4903783,23,2024-09-07T13:23:00Z,6.524068333333333,69.62803666666667,65.2,28.535,NaN,1,36.253,NaN,1
4903783,23,2024-09-07T13:23:00Z,6.524068333333333,69.62803666666667,75.1,28.411,NaN,1,36.298,NaN,1
4903783,23,2024-09-07T13:23:00Z,6.524068333333333,69.62803666666667,84.9,25.237,NaN,1,35.93,NaN,1
4903783,23,2024-09-07T13:23:00Z,6.524068333333333,69.62803666666667,95.1,23.09,NaN,1,35.731,NaN,1
4903783,23,2024-09-07T13:23:00Z,6.524068333333333,69.62803666666667,105.2,21.132,NaN,1,35.556,NaN,1
4903783,23,2024-09-07T13:23:00Z,6.524068333333333,69.62803666666667,114.9,19.202,NaN,1,35.393,NaN,1
4903783,23,2024-09-07T13:23:00Z,6.524068333333333,69.62803666666667,125.0,18.029,NaN,1,35.316,NaN,1
4903783,23,2024-09-07T13:23:00Z,6.524068333333333,69.62803666666667,135.0,17.219,NaN,1,35.257,NaN,1
4903783,23,2024-09-07T13:23:00Z,6.524068333333333,69.62803666666667,144.9,16.587,NaN,1,35.225,NaN,1
4903783,23,2024-09-07T13:23:00Z,6.524068333333333,69.62803666666667,155.1,15.973,NaN,1,35.21,NaN,1
4903783,23,2024-09-07T13:23:00Z,6.524068333333333,69.62803666666667,165.1,15.706,NaN,1,35.222,NaN,1
4903783,23,2024-09-07T13:23:00Z,6.524068333333333,69.62803666666667,174.9,15.36,NaN,1,35.226,NaN,1
4903783,23,2024-09-07T13:23:00Z,6.524068333333333,69.62803666666667,185.1,15.153,NaN,1,35.223,NaN,1
4903783,23,2024-09-07T13:23:00Z,6.524068333333333,69.62803666666667,194.9,14.839,NaN,1,35.223,NaN,1
4903783,23,2024-09-07T13:23:00Z,6.524068333333333,69.62803666666667,210.2,14.29,NaN,1,35.224,NaN,1
4903783,23,2024-09-07T13:23:00Z,6.524068333333333,69.62803666666667,230.1,13.609,NaN,1,35.223,NaN,1
4903783,23,2024-09-07T13:23:00Z,6.524068333333333,69.62803666666667,250.0,13.134,NaN,1,35.218,NaN,1
4903783,23,2024-09-07T13:23:00Z,6.524068333333333,69.62803666666667,270.1,12.812,NaN,1,35.213,NaN,1
4903783,23,2024-09-07T13:23:00Z,6.524068333333333,69.62803666666667,290.2,12.525,NaN,1,35.204,NaN,1
4903783,23,2024-09-07T13:23:00Z,6.524068333333333,69.62803666666667,310.1,12.108,NaN,1,35.167,NaN,1
4903783,23,2024-09-07T13:23:00Z,6.524068333333333,69.62803666666667,330.0,11.971,NaN,1,35.175,NaN,1
4903783,23,2024-09-07T13:23:00Z,6.524068333333333,69.62803666666667,350.0,11.805,NaN,1,35.177,NaN,1
4903783,23,2024-09-07T13:23:00Z,6.524068333333333,69.62803666666667,370.3,11.587,NaN,1,35.176,NaN,1
4903783,23,2024-09-07T13:23:00Z,6.524068333333333,69.62803666666667,390.2,11.513,NaN,1,35.181,NaN,1
4903783,23,2024-09-07T13:23:00Z,6.524068333333333,69.62803666666667,410.1,11.405,NaN,1,35.183,NaN,1
4903783,23,2024-09-07T13:23:00Z,6.524068333333333,69.62803666666667,430.2,11.242,NaN,1,35.177,NaN,1
4903783,23,2024-09-07T13:23:00Z,6.524068333333333,69.62803666666667,450.2,11.117,NaN,1,35.173,NaN,1
4903783,23,2024-09-07T13:23:00Z,6.524068333333333,69.62803666666667,470.2,11.068,NaN,1,35.188,NaN,1
4903783,23,2024-09-07T13:23:00Z,6.524068333333333,69.62803666666667,490.0,11.009,NaN,1,35.201,NaN,1
4903783,23,2024-09-07T13:23:00Z,6.524068333333333,69.62803666666667,512.2,10.938,NaN,1,35.222,NaN,1
4903783,23,2024-09-07T13:23:00Z,6.524068333333333,69.62803666666667,537.4,10.884,NaN,1,35.241,NaN,1
4903783,23,2024-09-07T13:23:00Z,6.524068333333333,69.62803666666667,562.5,10.738,NaN,1,35.239,NaN,1
4903783,23,2024-09-07T13:23:00Z,6.524068333333333,69.62803666666667,587.7,10.458,NaN,1,35.214,NaN,1
4903783,23,2024-09-07T13:23:00Z,6.524068333333333,69.62803666666667,612.8,10.238,NaN,1,35.204,NaN,1
4903783,23,2024-09-07T13:23:00Z,6.524068333333333,69.62803666666667,637.5,10.105,NaN,1,35.207,NaN,1
4903783,23,2024-09-07T13:23:00Z,6.524068333333333,69.62803666666667,662.7,9.913,NaN,1,35.201,NaN,1
4903783,23,2024-09-07T13:23:00Z,6.524068333333333,69.62803666666667,687.5,9.596,NaN,1,35.176,NaN,1
4903783,23,2024-09-07T13:23:00Z,6.524068333333333,69.62803666666667,712.4,9.3,NaN,1,35.145,NaN,1
4903783,23,2024-09-07T13:23:00Z,6.524068333333333,69.62803666666667,737.4,8.992,NaN,1,35.117,NaN,1
4903783,23,2024-09-07T13:23:00Z,6.524068333333333,69.62803666666667,762.3,8.805,NaN,1,35.104,NaN,1
4903783,23,2024-09-07T13:23:00Z,6.524068333333333,69.62803666666667,787.4,8.636,NaN,1,35.103,NaN,1
4903783,23,2024-09-07T13:23:00Z,6.524068333333333,69.62803666666667,812.5,8.415,NaN,1,35.09,NaN,1
4903783,23,2024-09-07T13:23:00Z,6.524068333333333,69.62803666666667,837.1,8.362,NaN,1,35.109,NaN,1
4903783,23,2024-09-07T13:23:00Z,6.524068333333333,69.62803666666667,862.4,8.143,NaN,1,35.092,NaN,1
4903783,23,2024-09-07T13:23:00Z,6.524068333333333,69.62803666666667,887.7,8.006,NaN,1,35.085,NaN,1
4903783,23,2024-09-07T13:23:00Z,6.524068333333333,69.62803666666667,912.3,7.802,NaN,1,35.073,NaN,1
4903783,23,2024-09-07T13:23:00Z,6.524068333333333,69.62803666666667,937.4,7.657,NaN,1,35.066,NaN,1
4903783,23,2024-09-07T13:23:00Z,6.524068333333333,69.62803666666667,962.2,7.524,NaN,1,35.057,NaN,1
4903783,23,2024-09-07T13:23:00Z,6.524068333333333,69.62803666666667,987.2,7.385,NaN,1,35.048,NaN,1
4903783,23,2024-09-07T13:23:00Z,6.524068333333333,69.62803666666667,1025.0,7.143,NaN,1,35.028,NaN,1
4903783,23,2024-09-07T13:23:00Z,6.524068333333333,69.62803666666667,1075.0,6.779,NaN,1,34.993,NaN,1
4903783,23,2024-09-07T13:23:00Z,6.524068333333333,69.62803666666667,1124.8,6.55,NaN,1,34.986,NaN,1
4903783,23,2024-09-07T13:23:00Z,6.524068333333333,69.62803666666667,1175.4,6.183,NaN,1,34.959,NaN,1
4903783,23,2024-09-07T13:23:00Z,6.524068333333333,69.62803666666667,1224.7,5.962,NaN,1,34.952,NaN,1
4903783,23,2024-09-07T13:23:00Z,6.524068333333333,69.62803666666667,1275.3,5.703,NaN,1,34.943,NaN,1
4903783,23,2024-09-07T13:23:00Z,6.524068333333333,69.62803666666667,1325.2,5.485,NaN,1,34.937,NaN,1
4903783,23,2024-09-07T13:23:00Z,6.524068333333333,69.62803666666667,1374.7,5.266,NaN,1,34.928,NaN,1
4903783,23,2024-09-07T13:23:00Z,6.524068333333333,69.62803666666667,1425.4,5.054,NaN,1,34.919,NaN,1
4903783,23,2024-09-07T13:23:00Z,6.524068333333333,69.62803666666667,1474.6,4.923,NaN,1,34.923,NaN,1
4903783,23,2024-09-07T13:23:00Z,6.524068333333333,69.62803666666667,1525.1,4.616,NaN,1,34.895,NaN,1
4903783,23,2024-09-07T13:23:00Z,6.524068333333333,69.62803666666667,1575.2,4.293,NaN,1,34.874,NaN,1
4903783,23,2024-09-07T13:23:00Z,6.524068333333333,69.62803666666667,1625.0,4.057,NaN,1,34.864,NaN,1
4903783,23,2024-09-07T13:23:00Z,6.524068333333333,69.62803666666667,1675.7,3.83,NaN,1,34.851,NaN,1
4903783,23,2024-09-07T13:23:00Z,6.524068333333333,69.62803666666667,1724.9,3.678,NaN,1,34.842,NaN,1
4903783,23,2024-09-07T13:23:00Z,6.524068333333333,69.62803666666667,1774.9,3.458,NaN,1,34.829,NaN,1
4903783,23,2024-09-07T13:23:00Z,6.524068333333333,69.62803666666667,1825.0,3.235,NaN,1,34.815,NaN,1
4903783,23,2024-09-07T13:23:00Z,6.524068333333333,69.62803666666667,1875.1,3.073,NaN,1,34.805,NaN,1
4903783,23,2024-09-07T13:23:00Z,6.524068333333333,69.62803666666667,1925.0,2.942,NaN,1,34.797,NaN,1
4903783,23,2024-09-07T13:23:00Z,6.524068333333333,69.62803666666667,1972.7,2.847,NaN,1,34.793,NaN,1
5907082,36,2024-09-02T14:16:05Z,14.733333333333333,81.63333333333334,0.1,29.424,NaN,1,33.274,NaN,1
5907082,36,2024-09-02T14:16:05Z,14.733333333333333,81.63333333333334,0.8,29.433,NaN,1,33.268,NaN,1
5907082,36,2024-09-02T14:16:05Z,14.733333333333333,81.63333333333334,1.6,29.434,NaN,1,33.269,NaN,1
5907082,36,2024-09-02T14:16:05Z,14.733333333333333,81.63333333333334,2.6,29.434,NaN,1,33.268,NaN,1
5907082,36,2024-09-02T14:16:05Z,14.733333333333333,81.63333333333334,3.9,29.435,NaN,1,33.268,NaN,1
5907082,36,2024-09-02T14:16:05Z,14.733333333333333,81.63333333333334,5.4,29.434,NaN,1,33.27,NaN,1
5907082,36,2024-09-02T14:16:05Z,14.733333333333333,81.63333333333334,6.3,29.437,NaN,1,33.268,NaN,1
5907082,36,2024-09-02T14:16:05Z,14.733333333333333,81.63333333333334,7.4,29.436,NaN,1,33.269,NaN,1
5907082,36,2024-09-02T14:16:05Z,14.733333333333333,81.63333333333334,8.4,29.435,NaN,1,33.268,NaN,1
5907082,36,2024-09-02T14:16:05Z,14.733333333333333,81.63333333333334,9.4,29.436,NaN,1,33.269,NaN,1
5907082,36,2024-09-02T14:16:05Z,14.733333333333333,81.63333333333334,10.4,29.435,NaN,1,33.267,NaN,1
5907082,36,2024-09-02T14:16:05Z,14.733333333333333,81.63333333333334,15.4,29.424,NaN,1,33.267,NaN,1
5907082,36,2024-09-02T14:16:05Z,14.733333333333333,81.63333333333334,25.2,29.391,NaN,1,33.265,NaN,1
5907082,36,2024-09-02T14:16:05Z,14.733333333333333,81.63333333333334,35.1,29.38,NaN,1,33.265,NaN,1
5907082,36,2024-09-02T14:16:05Z,14.733333333333333,81.63333333333334,45.1,29.379,NaN,1,33.265,NaN,1
5907082,36,2024-09-02T14:16:05Z,14.733333333333333,81.63333333333334,56.1,29.374,NaN,1,33.27,NaN,1
5907082,36,2024-09-02T14:16:05Z,14.733333333333333,81.63333333333334,65.5,28.514,NaN,1,33.669,NaN,1
5907082,36,2024-09-02T14:16:05Z,14.733333333333333,81.63333333333334,75.5,27.324,NaN,1,34.169,NaN,1
5907082,36,2024-09-02T14:16:05Z,14.733333333333333,81.63333333333334,85.4,26.429,NaN,1,34.393,NaN,1
5907082,36,2024-09-02T14:16:05Z,14.733333333333333,81.63333333333334,95.5,24.864,NaN,1,34.542,NaN,1
5907082,36,2024-09-02T14:16:05Z,14.733333333333333,81.63333333333334,105.5,22.866,NaN,1,34.68,NaN,1
5907082,36,2024-09-02T14:16:05Z,14.733333333333333,81.63333333333334,115.2,21.469,NaN,1,34.751,NaN,1
5907082,36,2024-09-02T14:16:05Z,14.733333333333333,81.63333333333334,125.2,20.199,NaN,1,34.789,NaN,1
5907082,36,2024-09-02T14:16:05Z,14.733333333333333,81.63333333333334,135.2,19.271,NaN,1,34.807,NaN,1
5907082,36,2024-09-02T14:16:05Z,14.733333333333333,81.63333333333334,145.3,17.937,NaN,1,34.864,NaN,1
5907082,36,2024-09-02T14:16:05Z,14.733333333333333,81.63333333333334,155.5,17.249,NaN,1,34.882,NaN,1
5907082,36,2024-09-02T14:16:05Z,14.733333333333333,81.63333333333334,165.5,16.814,NaN,1,34.892,NaN,1
5907082,36,2024-09-02T14:16:05Z,14.733333333333333,81.63333333333334,175.4,16.301,NaN,1,34.91,NaN,1
5907082,36,2024-09-02T14:16:05Z,14.733333333333333,81.63333333333334,185.4,15.589,NaN,1,34.937,NaN,1
5907082,36,2024-09-02T14:16:05Z,14.733333333333333,81.63333333333334,195.3,15.006,NaN,1,34.954,NaN,1
5907082,36,2024-09-02T14:16:05Z,14.733333333333333,81.63333333333334,212.6,14.466,NaN,1,34.975,NaN,1
5907082,36,2024-09-02T14:16:05Z,14.733333333333333,81.63333333333334,237.7,13.328,NaN,1,35.001,NaN,1
5907082,36,2024-09-02T14:16:05Z,14.733333333333333,81.63333333333334,262.5,12.755,NaN,1,35.016,NaN,1
5907082,36,2024-09-02T14:16:05Z,14.733333333333333,81.63333333333334,287.5,12.183,NaN,1,35.03,NaN,1
5907082,36,2024-09-02T14:16:05Z,14.733333333333333,81.63333333333334,312.8,11.779,NaN,1,35.036,NaN,1
5907082,36,2024-09-02T14:16:05Z,14.733333333333333,81.63333333333334,337.8,11.494,NaN,1,35.037,NaN,1
5907082,36,2024-09-02T14:16:05Z,14.733333333333333,81.63333333333334,363.3,11.239,NaN,1,35.04,NaN,1
5907082,36,2024-09-02T14:16:05Z,14.733333333333333,81.63333333333334,387.8,11.004,NaN,1,35.043,NaN,1
5907082,36,2024-09-02T14:16:05Z,14.733333333333333,81.63333333333334,412.9,10.763,NaN,1,35.044,NaN,1
5907082,36,2024-09-02T14:16:05Z,14.733333333333333,81.63333333333334,437.9,10.555,NaN,1,35.042,NaN,1
5907082,36,2024-09-02T14:16:05Z,14.733333333333333,81.63333333333334,463.1,10.333,NaN,1,35.039,NaN,1
5907082,36,2024-09-02T14:16:05Z,14.733333333333333,81.63333333333334,487.8,10.136,NaN,1,35.037,NaN,1
5907082,36,2024-09-02T14:16:05Z,14.733333333333333,81.63333333333334,512.8,9.997,NaN,1,35.037,NaN,1
5907082,36,2024-09-02T14:16:05Z,14.733333333333333,81.63333333333334,537.6,9.796,NaN,1,35.035,NaN,1
5907082,36,2024-09-02T14:16:05Z,14.733333333333333,81.63333333333334,562.8,9.692,NaN,1,35.033,NaN,1
5907082,36,2024-09-02T14:16:05Z,14.733333333333333,81.63333333333334,587.7,9.622,NaN,1,35.035,NaN,1
5907082,36,2024-09-02T14:16:05Z,14.733333333333333,81.63333333333334,613.0,9.461,NaN,1,35.026,NaN,1
5907082,36,2024-09-02T14:16:05Z,14.733333333333333,81.63333333333334,638.2,9.298,NaN,1,35.022,NaN,1
5907082,36,2024-09-02T14:16:05Z,14.733333333333333,81.63333333333334,663.1,9.12,NaN,1,35.016,NaN,1
5907082,36,2024-09-02T14:16:05Z,14.733333333333333,81.63333333333334,687.7,8.927,NaN,1,35.01,NaN,1
5907082,36,2024-09-02T14:16:05Z,14.733333333333333,81.63333333333334,712.5,8.742,NaN,1,35.005,NaN,1
5907082,36,2024-09-02T14:16:05Z,14.733333333333333,81.63333333333334,737.7,8.572,NaN,1,35.002,NaN,1
5907082,36,2024-09-02T14:16:05Z,14.733333333333333,81.63333333333334,762.9,8.385,NaN,1,35.0,NaN,1
5907082,36,2024-09-02T14:16:05Z,14.733333333333333,81.63333333333334,788.0,8.223,NaN,1,34.995,NaN,1
5907082,36,2024-09-02T14:16:05Z,14.733333333333333,81.63333333333334,812.8,8.129,NaN,1,34.995,NaN,1
5907082,36,2024-09-02T14:16:05Z,14.733333333333333,81.63333333333334,837.7,8.014,NaN,1,34.99,NaN,1
5907082,36,2024-09-02T14:16:05Z,14.733333333333333,81.63333333333334,863.1,7.793,NaN,1,34.978,NaN,1
5907082,36,2024-09-02T14:16:05Z,14.733333333333333,81.63333333333334,888.2,7.664,NaN,1,34.973,NaN,1
5907082,36,2024-09-02T14:16:05Z,14.733333333333333,81.63333333333334,912.8,7.523,NaN,1,34.968,NaN,1
5907082,36,2024-09-02T14:16:05Z,14.733333333333333,81.63333333333334,938.0,7.343,NaN,1,34.962,NaN,1
5907082,36,2024-09-02T14:16:05Z,14.733333333333333,81.63333333333334,962.6,7.203,NaN,1,34.958,NaN,1
5907082,36,2024-09-02T14:16:05Z,14.733333333333333,81.63333333333334,988.0,7.054,NaN,1,34.952,NaN,1
5907082,36,2024-09-02T14:16:05Z,14.733333333333333,81.63333333333334,1013.2,6.929,NaN,1,34.948,NaN,1
5907082,36,2024-09-02T14:16:05Z,14.733333333333333,81.63333333333334,1038.0,6.815,NaN,1,34.944,NaN,1
5907082,36,2024-09-02T14:16:05Z,14.733333333333333,81.63333333333334,1062.8,6.644,NaN,1,34.938,NaN,1
5907082,36,2024-09-02T14:16:05Z,14.733333333333333,81.63333333333334,1087.7,6.474,NaN,1,34.931,NaN,1
5907082,36,2024-09-02T14:16:05Z,14.733333333333333,81.63333333333334,1112.8,6.344,NaN,1,34.926,NaN,1
5907082,36,2024-09-02T14:16:05Z,14.733333333333333,81.63333333333334,1137.9,6.257,NaN,1,34.923,NaN,1
5907082,36,2024-09-02T14:16:05Z,14.733333333333333,81.63333333333334,1162.9,6.148,NaN,1,34.919,NaN,1
5907082,36,2024-09-02T14:16:05Z,14.733333333333333,81.63333333333334,1188.0,6.009,NaN,1,34.913,NaN,1
5907082,36,2024-09-02T14:16:05Z,14.733333333333333,81.63333333333334,1212.9,5.92,NaN,1,34.91,NaN,1
5907082,36,2024-09-02T14:16:05Z,14.733333333333333,81.63333333333334,1238.5,5.828,NaN,1,34.906,NaN,1
5907082,36,2024-09-02T14:16:05Z,14.733333333333333,81.63333333333334,1262.9,5.732,NaN,1,34.903,NaN,1
5907082,36,2024-09-02T14:16:05Z,14.733333333333333,81.63333333333334,1288.0,5.611,NaN,1,34.898,NaN,1
5907082,36,2024-09-02T14:16:05Z,14.733333333333333,81.63333333333334,1312.8,5.486,NaN,1,34.894,NaN,1
5907082,36,2024-09-02T14:16:05Z,14.733333333333333,81.63333333333334,1337.6,5.398,NaN,1,34.89,NaN,1
5907082,36,2024-09-02T14:16:05Z,14.733333333333333,81.63333333333334,1362.8,5.284,NaN,1,34.886,NaN,1
5907082,36,2024-09-02T14:16:05Z,14.733333333333333,81.63333333333334,1387.9,5.156,NaN,1,34.881,NaN,1
5907082,36,2024-09-02T14:16:05Z,14.733333333333333,81.63333333333334,1412.7,5.008,NaN,1,34.875,NaN,1
5907082,36,2024-09-02T14:16:05Z,14.733333333333333,81.63333333333334,1437.7,4.883,NaN,1,34.871,NaN,1
5907082,36,2024-09-02T14:16:05Z,14.733333333333333,81.63333333333334,1462.7,4.797,NaN,1,34.867,NaN,1
5907082,36,2024-09-02T14:16:05Z,14.733333333333333,81.63333333333334,1487.5,4.709,NaN,1,34.864,NaN,1
5907082,36,2024-09-02T14:16:05Z,14.733333333333333,81.63333333333334,1512.6,4.612,NaN,1,34.86,NaN,1
5907082,36,2024-09-02T14:16:05Z,14.733333333333333,81.63333333333334,1538.0,4.528,NaN,1,34.857,NaN,1
5907082,36,2024-09-02T14:16:05Z,14.733333333333333,81.63333333333334,1563.2,4.422,NaN,1,34.853,NaN,1
5907082,36,2024-09-02T14:16:05Z,14.733333333333333,81.63333333333334,1588.4,4.292,NaN,1,34.848,NaN,1
5907082,36,2024-09-02T14:16:05Z,14.733333333333333,81.63333333333334,1612.9,4.184,NaN,1,34.844,NaN,1
5907082,36,2024-09-02T14:16:05Z,14.733333333333333,81.63333333333334,1637.9,4.08,NaN,1,34.84,NaN,1
5907082,36,2024-09-02T14:16:05Z,14.733333333333333,81.63333333333334,1663.0,3.969,NaN,1,34.835,NaN,1
5907082,36,2024-09-02T14:16:05Z,14.733333333333333,81.63333333333334,1687.9,3.892,NaN,1,34.832,NaN,1
5907082,36,2024-09-02T14:16:05Z,14.733333333333333,81.63333333333334,1712.9,3.805,NaN,1,34.829,NaN,1
5907082,36,2024-09-02T14:16:05Z,14.733333333333333,81.63333333333334,1737.7,3.677,NaN,1,34.823,NaN,1
5907082,36,2024-09-02T14:16:05Z,14.733333333333333,81.63333333333334,1762.6,3.583,NaN,1,34.819,NaN,1
5907082,36,2024-09-02T14:16:05Z,14.733333333333333,81.63333333333334,1787.8,3.522,NaN,1,34.816,NaN,1
5907082,36,2024-09-02T14:16:05Z,14.733333333333333,81.63333333333334,1813.1,3.473,NaN,1,34.815,NaN,1
5907082,36,2024-09-02T14:16:05Z,14.733333333333333,81.63333333333334,1837.8,3.38,NaN,1,34.811,NaN,1
5907082,36,2024-09-02T14:16:05Z,14.733333333333333,81.63333333333334,1863.6,3.281,NaN,1,34.806,NaN,1
5907082,36,2024-09-02T14:16:05Z,14.733333333333333,81.63333333333334,1887.7,3.19,NaN,1,34.803,NaN,1
5907082,36,2024-09-02T14:16:05Z,14.733333333333333,81.63333333333334,1912.5,3.143,NaN,1,34.8,NaN,1
5907082,36,2024-09-02T14:16:05Z,14.733333333333333,81.63333333333334,1937.8,3.083,NaN,1,34.798,NaN,1
5907082,36,2024-09-02T14:16:05Z,14.733333333333333,81.63333333333334,1962.9,3.018,NaN,1,34.795,NaN,1
5907082,36,2024-09-02T14:16:05Z,14.733333333333333,81.63333333333334,1988.0,2.966,NaN,1,34.793,NaN,1
5907082,36,2024-09-02T14:16:05Z,14.733333333333333,81.63333333333334,2006.6,2.938,NaN,1,34.792,NaN,1
5907085,32,2024-09-01T13:56:09Z,9.6,68.26666666666667,0.1,28.919,NaN,1,36.049,NaN,1
5907085,32,2024-09-01T13:56:09Z,9.6,68.26666666666667,0.8,28.918,NaN,1,36.049,NaN,1
5907085,32,2024-09-01T13:56:09Z,9.6,68.26666666666667,1.8,28.921,NaN,1,36.049,NaN,1
5907085,32,2024-09-01T13:56:09Z,9.6,68.26666666666667,2.8,28.923,NaN,1,36.048,NaN,1
5907085,32,2024-09-01T13:56:09Z,9.6,68.26666666666667,4.0,28.923,NaN,1,36.048,NaN,1
5907085,32,2024-09-01T13:56:09Z,9.6,68.26666666666667,4.8,28.923,NaN,1,36.049,NaN,1
5907085,32,2024-09-01T13:56:09Z,9.6,68.26666666666667,6.0,28.923,NaN,1,36.05,NaN,1
5907085,32,2024-09-01T13:56:09Z,9.6,68.26666666666667,7.3,28.925,NaN,1,36.05,NaN,1
5907085,32,2024-09-01T13:56:09Z,9.6,68.26666666666667,8.1,28.925,NaN,1,36.05,NaN,1
5907085,32,2024-09-01T13:56:09Z,9.6,68.26666666666667,9.0,28.925,NaN,1,36.05,NaN,1
5907085,32,2024-09-01T13:56:09Z,9.6,68.26666666666667,10.0,28.924,NaN,1,36.05,NaN,1
5907085,32,2024-09-01T13:56:09Z,9.6,68.26666666666667,15.5,28.903,NaN,1,36.048,NaN,1
5907085,32,2024-09-01T13:56:09Z,9.6,68.26666666666667,25.1,28.66,NaN,1,36.068,NaN,1
5907085,32,2024-09-01T13:56:09Z,9.6,68.26666666666667,35.3,28.411,NaN,1,36.084,NaN,1
5907085,32,2024-09-01T13:56:09Z,9.6,68.26666666666667,45.3,28.305,NaN,1,36.081,NaN,1
5907085,32,2024-09-01T13:56:09Z,9.6,68.26666666666667,55.7,28.324,NaN,1,36.123,NaN,1
5907085,32,2024-09-01T13:56:09Z,9.6,68.26666666666667,65.6,28.347,NaN,1,36.185,NaN,1
5907085,32,2024-09-01T13:56:09Z,9.6,68.26666666666667,75.6,28.414,NaN,1,36.28,NaN,1
5907085,32,2024-09-01T13:56:09Z,9.6,68.26666666666667,85.6,27.9,NaN,1,36.359,NaN,1
5907085,32,2024-09-01T13:56:09Z,9.6,68.26666666666667,95.9,26.397,NaN,1,36.184,NaN,1
5907085,32,2024-09-01T13:56:09Z,9.6,68.26666666666667,105.4,23.575,NaN,1,35.778,NaN,1
5907085,32,2024-09-01T13:56:09Z,9.6,68.26666666666667,115.7,21.417,NaN,1,35.555,NaN,1
5907085,32,2024-09-01T13:56:09Z,9.6,68.26666666666667,125.4,20.432,NaN,1,35.513,NaN,1
5907085,32,2024-09-01T13:56:09Z,9.6,68.26666666666667,135.4,18.844,NaN,1,35.434,NaN,1
5907085,32,2024-09-01T13:56:09Z,9.6,68.26666666666667,145.7,18.058,NaN,1,35.462,NaN,1
5907085,32,2024-09-01T13:56:09Z,9.6,68.26666666666667,155.7,17.137,NaN,1,35.408,NaN,1
5907085,32,2024-09-01T13:56:09Z,9.6,68.26666666666667,165.7,16.534,NaN,1,35.402,NaN,1
5907085,32,2024-09-01T13:56:09Z,9.6,68.26666666666667,175.5,16.028,NaN,1,35.426,NaN,1
5907085,32,2024-09-01T13:56:09Z,9.6,68.26666666666667,185.1,15.3,NaN,1,35.381,NaN,1
5907085,32,2024-09-01T13:56:09Z,9.6,68.26666666666667,195.3,14.867,NaN,1,35.378,NaN,1
5907085,32,2024-09-01T13:56:09Z,9.6,68.26666666666667,213.7,14.194,NaN,1,35.376,NaN,1
5907085,32,2024-09-01T13:56:09Z,9.6,68.26666666666667,237.4,13.638,NaN,1,35.397,NaN,1
5907085,32,2024-09-01T13:56:09Z,9.6,68.26666666666667,263.1,13.211,NaN,1,35.399,NaN,1
5907085,32,2024-09-01T13:56:09Z,9.6,68.26666666666667,288.3,12.633,NaN,1,35.351,NaN,1
5907085,32,2024-09-01T13:56:09Z,9.6,68.26666666666667,313.0,12.367,NaN,1,35.343,NaN,1
5907085,32,2024-09-01T13:56:09Z,9.6,68.26666666666667,338.1,12.085,NaN,1,35.331,NaN,1
5907085,32,2024-09-01T13:56:09Z,9.6,68.26666666666667,363.0,11.911,NaN,1,35.335,NaN,1
5907085,32,2024-09-01T13:56:09Z,9.6,68.26666666666667,387.5,11.702,NaN,1,35.336,NaN,1
5907085,32,2024-09-01T13:56:09Z,9.6,68.26666666666667,412.4,11.535,NaN,1,35.343,NaN,1
5907085,32,2024-09-01T13:56:09Z,9.6,68.26666666666667,437.3,11.454,NaN,1,35.357,NaN,1
5907085,32,2024-09-01T13:56:09Z,9.6,68.26666666666667,462.7,11.325,NaN,1,35.36,NaN,1
5907085,32,2024-09-01T13:56:09Z,9.6,68.26666666666667,488.0,11.238,NaN,1,35.369,NaN,1
5907085,32,2024-09-01T13:56:09Z,9.6,68.26666666666667,512.9,11.013,NaN,1,35.348,NaN,1
5907085,32,2024-09-01T13:56:09Z,9.6,68.26666666666667,537.6,10.755,NaN,1,35.314,NaN,1
5907085,32,2024-09-01T13:56:09Z,9.6,68.26666666666667,562.6,10.628,NaN,1,35.317,NaN,1
5907085,32,2024-09-01T13:56:09Z,9.6,68.26666666666667,587.9,10.496,NaN,1,35.321,NaN,1
5907085,32,2024-09-01T13:56:09Z,9.6,68.26666666666667,612.9,10.255,NaN,1,35.295,NaN,1
5907085,32,2024-09-01T13:56:09Z,9.6,68.26666666666667,638.0,10.079,NaN,1,35.288,NaN,1
5907085,32,2024-09-01T13:56:09Z,9.6,68.26666666666667,662.7,9.931,NaN,1,35.285,NaN,1
5907085,32,2024-09-01T13:56:09Z,9.6,68.26666666666667,687.8,9.711,NaN,1,35.266,NaN,1
5907085,32,2024-09-01T13:56:09Z,9.6,68.26666666666667,713.1,9.502,NaN,1,35.249,NaN,1
5907085,32,2024-09-01T13:56:09Z,9.6,68.26666666666667,738.4,9.244,NaN,1,35.22,NaN,1
5907085,32,2024-09-01T13:56:09Z,9.6,68.26666666666667,763.3,8.984,NaN,1,35.193,NaN,1
5907085,32,2024-09-01T13:56:09Z,9.6,68.26666666666667,787.9,8.859,NaN,1,35.195,NaN,1
5907085,32,2024-09-01T13:56:09Z,9.6,68.26666666666667,812.6,8.779,NaN,1,35.201,NaN,1
5907085,32,2024-09-01T13:56:09Z,9.6,68.26666666666667,837.5,8.604,NaN,1,35.191,NaN,1
5907085,32,2024-09-01T13:56:09Z,9.6,68.26666666666667,862.8,8.452,NaN,1,35.178,NaN,1
5907085,32,2024-09-01T13:56:09Z,9.6,68.26666666666667,887.7,8.333,NaN,1,35.173,NaN,1
5907085,32,2024-09-01T13:56:09Z,9.6,68.26666666666667,912.7,8.164,NaN,1,35.158,NaN,1
5907085,32,2024-09-01T13:56:09Z,9.6,68.26666666666667,938.0,8.037,NaN,1,35.149,NaN,1
5907085,32,2024-09-01T13:56:09Z,9.6,68.26666666666667,963.0,7.857,NaN,1,35.131,NaN,1
5907085,32,2024-09-01T13:56:09Z,9.6,68.26666666666667,988.0,7.691,NaN,1,35.116,NaN,1
5907085,32,2024-09-01T13:56:09Z,9.6,68.26666666666667,1013.3,7.537,NaN,1,35.108,NaN,1
5907085,32,2024-09-01T13:56:09Z,9.6,68.26666666666667,1038.9,7.375,NaN,1,35.097,NaN,1
5907085,32,2024-09-01T13:56:09Z,9.6,68.26666666666667,1062.9,7.189,NaN,1,35.073,NaN,1
5907085,32,2024-09-01T13:56:09Z,9.6,68.26666666666667,1087.5,7.002,NaN,1,35.051,NaN,1
5907085,32,2024-09-01T13:56:09Z,9.6,68.26666666666667,1112.4,6.899,NaN,1,35.048,NaN,1
5907085,32,2024-09-01T13:56:09Z,9.6,68.26666666666667,1137.4,6.839,NaN,1,35.05,NaN,1
5907085,32,2024-09-01T13:56:09Z,9.6,68.26666666666667,1162.8,6.729,NaN,1,35.046,NaN,1
5907085,32,2024-09-01T13:56:09Z,9.6,68.26666666666667,1188.2,6.549,NaN,1,35.034,NaN,1
5907085,32,2024-09-01T13:56:09Z,9.6,68.26666666666667,1212.7,6.411,NaN,1,35.024,NaN,1
5907085,32,2024-09-01T13:56:09Z,9.6,68.26666666666667,1237.7,6.26,NaN,1,35.014,NaN,1
5907085,32,2024-09-01T13:56:09Z,9.6,68.26666666666667,1263.0,6.09,NaN,1,35.003,NaN,1
5907085,32,2024-09-01T13:56:09Z,9.6,68.26666666666667,1288.2,5.972,NaN,1,34.999,NaN,1
5907085,32,2024-09-01T13:56:09Z,9.6,68.26666666666667,1313.0,5.835,NaN,1,34.993,NaN,1
5907085,32,2024-09-01T13:56:09Z,9.6,68.26666666666667,1338.0,5.682,NaN,1,34.98,NaN,1
5907085,32,2024-09-01T13:56:09Z,9.6,68.26666666666667,1363.1,5.485,NaN,1,34.96,NaN,1
5907085,32,2024-09-01T13:56:09Z,9.6,68.26666666666667,1388.4,5.322,NaN,1,34.946,NaN,1
5907085,32,2024-09-01T13:56:09Z,9.6,68.26666666666667,1412.6,5.187,NaN,1,34.939,NaN,1
5907085,32,2024-09-01T13:56:09Z,9.6,68.26666666666667,1437.8,5.074,NaN,1,34.934,NaN,1
5907085,32,2024-09-01T13:56:09Z,9.6,68.26666666666667,1463.6,4.954,NaN,1,34.93,NaN,1
5907085,32,2024-09-01T13:56:09Z,9.6,68.26666666666667,1487.8,4.853,NaN,1,34.924,NaN,1
5907085,32,2024-09-01T13:56:09Z,9.6,68.26666666666667,1512.8,4.759,NaN,1,34.919,NaN,1
5907085,32,2024-09-01T13:56:09Z,9.6,68.26666666666667,1537.7,4.674,NaN,1,34.915,NaN,1
5907085,32,2024-09-01T13:56:09Z,9.6,68.26666666666667,1563.0,4.564,NaN,1,34.906,NaN,1
5907085,32,2024-09-01T13:56:09Z,9.6,68.26666666666667,1588.2,4.45,NaN,1,34.9,NaN,1
5907085,32,2024-09-01T13:56:09Z,9.6,68.26666666666667,1613.0,4.355,NaN,1,34.894,NaN,1
5907085,32,2024-09-01T13:56:09Z,9.6,68.26666666666667,1638.0,4.242,NaN,1,34.887,NaN,1
5907085,32,2024-09-01T13:56:09Z,9.6,68.26666666666667,1663.2,4.11,NaN,1,34.876,NaN,1
5907085,32,2024-09-01T13:56:09Z,9.6,68.26666666666667,1688.0,3.987,NaN,1,34.868,NaN,1
5907085,32,2024-09-01T13:56:09Z,9.6,68.26666666666667,1712.9,3.886,NaN,1,34.862,NaN,1
5907085,32,2024-09-01T13:56:09Z,9.6,68.26666666666667,1738.0,3.779,NaN,1,34.853,NaN,1
5907085,32,2024-09-01T13:56:09Z,9.6,68.26666666666667,1763.8,3.687,NaN,1,34.846,NaN,1
5907085,32,2024-09-01T13:56:09Z,9.6,68.26666666666667,1787.8,3.62,NaN,1,34.841,NaN,1
5907085,32,2024-09-01T13:56:09Z,9.6,68.26666666666667,1813.0,3.557,NaN,1,34.837,NaN,1
5907085,32,2024-09-01T13:56:09Z,9.6,68.26666666666667,1837.9,3.472,NaN,1,34.831,NaN,1
5907085,32,2024-09-01T13:56:09Z,9.6,68.26666666666667,1862.7,3.405,NaN,1,34.828,NaN,1
5907085,32,2024-09-01T13:56:09Z,9.6,68.26666666666667,1887.9,3.332,NaN,1,34.824,NaN,1
5907085,32,2024-09-01T13:56:09Z,9.6,68.26666666666667,1912.9,3.251,NaN,1,34.819,NaN,1
5907085,32,2024-09-01T13:56:09Z,9.6,68.26666666666667,1937.8,3.17,NaN,1,34.815,NaN,1
5907085,32,2024-09-01T13:56:09Z,9.6,68.26666666666667,1963.0,3.1,NaN,1,34.811,NaN,1
5907085,32,2024-09-01T13:56:09Z,9.6,68.26666666666667,1987.8,3.034,NaN,1,34.806,NaN,1
5907085,32,2024-09-01T13:56:09Z,9.6,68.26666666666667,2007.8,2.99,NaN,1,34.804,NaN,1
7901128,34,2024-09-04T13:58:42Z,18.116666666666667,66.46666666666667,0.2,27.841,NaN,1,36.606,NaN,1
7901128,34,2024-09-04T13:58:42Z,18.116666666666667,66.46666666666667,0.9,27.846,NaN,1,36.601,NaN,1
7901128,34,2024-09-04T13:58:42Z,18.116666666666667,66.46666666666667,1.9,27.846,NaN,1,36.601,NaN,1
7901128,34,2024-09-04T13:58:42Z,18.116666666666667,66.46666666666667,3.0,27.841,NaN,1,36.605,NaN,1
7901128,34,2024-09-04T13:58:42Z,18.116666666666667,66.46666666666667,4.1,27.842,NaN,1,36.605,NaN,1
7901128,34,2024-09-04T13:58:42Z,18.116666666666667,66.46666666666667,5.3,27.839,NaN,1,36.605,NaN,1
7901128,34,2024-09-04T13:58:42Z,18.116666666666667,66.46666666666667,5.9,27.842,NaN,1,36.605,NaN,1
7901128,34,2024-09-04T13:58:42Z,18.116666666666667,66.46666666666667,6.8,27.844,NaN,1,36.605,NaN,1
7901128,34,2024-09-04T13:58:42Z,18.116666666666667,66.46666666666667,8.1,27.845,NaN,1,36.605,NaN,1
7901128,34,2024-09-04T13:58:42Z,18.116666666666667,66.46666666666667,9.2,27.845,NaN,1,36.605,NaN,1
7901128,34,2024-09-04T13:58:42Z,18.116666666666667,66.46666666666667,9.9,27.845,NaN,1,36.606,NaN,1
7901128,34,2024-09-04T13:58:42Z,18.116666666666667,66.46666666666667,15.2,27.841,NaN,1,36.605,NaN,1
7901128,34,2024-09-04T13:58:42Z,18.116666666666667,66.46666666666667,25.4,27.812,NaN,1,36.606,NaN,1
7901128,34,2024-09-04T13:58:42Z,18.116666666666667,66.46666666666667,35.6,27.747,NaN,1,36.607,NaN,1
7901128,34,2024-09-04T13:58:42Z,18.116666666666667,66.46666666666667,45.6,27.725,NaN,1,36.606,NaN,1
7901128,34,2024-09-04T13:58:42Z,18.116666666666667,66.46666666666667,55.6,27.226,NaN,1,36.571,NaN,1
7901128,34,2024-09-04T13:58:42Z,18.116666666666667,66.46666666666667,65.4,25.131,NaN,1,36.511,NaN,1
7901128,34,2024-09-04T13:58:42Z,18.116666666666667,66.46666666666667,75.9,24.779,NaN,1,36.604,NaN,1
7901128,34,2024-09-04T13:58:42Z,18.116666666666667,66.46666666666667,85.5,24.467,NaN,1,36.549,NaN,1
7901128,34,2024-09-04T13:58:42Z,18.116666666666667,66.46666666666667,95.3,24.077,NaN,1,36.492,NaN,1
7901128,34,2024-09-04T13:58:42Z,18.116666666666667,66.46666666666667,105.1,23.503,NaN,1,36.427,NaN,1
7901128,34,2024-09-04T13:58:42Z,18.116666666666667,66.46666666666667,115.3,22.676,NaN,1,36.322,NaN,1
7901128,34,2024-09-04T13:58:42Z,18.116666666666667,66.46666666666667,125.7,21.968,NaN,1,36.254,NaN,1
7901128,34,2024-09-04T13:58:42Z,18.116666666666667,66.46666666666667,135.6,21.251,NaN,1,36.202,NaN,1
7901128,34,2024-09-04T13:58:42Z,18.116666666666667,66.46666666666667,145.5,20.644,NaN,1,36.179,NaN,1
7901128,34,2024-09-04T13:58:42Z,18.116666666666667,66.46666666666667,155.2,20.036,NaN,1,36.153,NaN,1
7901128,34,2024-09-04T13:58:42Z,18.116666666666667,66.46666666666667,165.2,19.486,NaN,1,36.126,NaN,1
7901128,34,2024-09-04T13:58:42Z,18.116666666666667,66.46666666666667,175.1,19.233,NaN,1,36.173,NaN,1
7901128,34,2024-09-04T13:58:42Z,18.116666666666667,66.46666666666667,185.2,18.957,NaN,1,36.243,NaN,1
7901128,34,2024-09-04T13:58:42Z,18.116666666666667,66.46666666666667,195.6,18.354,NaN,1,36.215,NaN,1
7901128,34,2024-09-04T13:58:42Z,18.116666666666667,66.46666666666667,212.5,17.634,NaN,1,36.222,NaN,1
7901128,34,2024-09-04T13:58:42Z,18.116666666666667,66.46666666666667,238.1,16.67,NaN,1,36.163,NaN,1
7901128,34,2024-09-04T13:58:42Z,18.116666666666667,66.46666666666667,262.1,15.34,NaN,1,35.943,NaN,1
7901128,34,2024-09-04T13:58:42Z,18.116666666666667,66.46666666666667,287.4,15.028,NaN,1,35.977,NaN,1
7901128,34,2024-09-04T13:58:42Z,18.116666666666667,66.46666666666667,312.9,14.542,NaN,1,35.923,NaN,1
7901128,34,2024-09-04T13:58:42Z,18.116666666666667,66.46666666666667,338.2,14.135,NaN,1,35.868,NaN,1
7901128,34,2024-09-04T13:58:42Z,18.116666666666667,66.46666666666667,363.3,13.856,NaN,1,35.839,NaN,1
7901128,34,2024-09-04T13:58:42Z,18.116666666666667,66.46666666666667,388.2,13.516,NaN,1,35.803,NaN,1
7901128,34,2024-09-04T13:58:42Z,18.116666666666667,66.46666666666667,413.8,13.25,NaN,1,35.779,NaN,1
7901128,34,2024-09-04T13:58:42Z,18.116666666666667,66.46666666666667,438.0,12.993,NaN,1,35.752,NaN,1
7901128,34,2024-09-04T13:58:42Z,18.116666666666667,66.46666666666667,463.0,12.834,NaN,1,35.752,NaN,1
7901128,34,2024-09-04T13:58:42Z,18.116666666666667,66.46666666666667,487.9,12.631,NaN,1,35.739,NaN,1
7901128,34,2024-09-04T13:58:42Z,18.116666666666667,66.46666666666667,513.0,12.413,NaN,1,35.717,NaN,1
7901128,34,2024-09-04T13:58:42Z,18.116666666666667,66.46666666666667,537.8,12.172,NaN,1,35.691,NaN,1
7901128,34,2024-09-04T13:58:42Z,18.116666666666667,66.46666666666667,562.5,11.972,NaN,1,35.67,NaN,1
7901128,34,2024-09-04T13:58:42Z,18.116666666666667,66.46666666666667,587.6,11.798,NaN,1,35.654,NaN,1
7901128,34,2024-09-04T13:58:42Z,18.116666666666667,66.46666666666667,613.0,11.617,NaN,1,35.638,NaN,1
7901128,34,2024-09-04T13:58:42Z,18.116666666666667,66.46666666666667,638.2,11.431,NaN,1,35.621,NaN,1
7901128,34,2024-09-04T13:58:42Z,18.116666666666667,66.46666666666667,663.3,11.241,NaN,1,35.607,NaN,1
7901128,34,2024-09-04T13:58:42Z,18.116666666666667,66.46666666666667,688.3,10.995,NaN,1,35.581,NaN,1
7901128,34,2024-09-04T13:58:42Z,18.116666666666667,66.46666666666667,712.8,10.776,NaN,1,35.555,NaN,1
7901128,34,2024-09-04T13:58:42Z,18.116666666666667,66.46666666666667,737.8,10.596,NaN,1,35.54,NaN,1
7901128,34,2024-09-04T13:58:42Z,18.116666666666667,66.46666666666667,763.2,10.382,NaN,1,35.522,NaN,1
7901128,34,2024-09-04T13:58:42Z,18.116666666666667,66.46666666666667,787.8,10.172,NaN,1,35.507,NaN,1
7901128,34,2024-09-04T13:58:42Z,18.116666666666667,66.46666666666667,813.2,9.989,NaN,1,35.493,NaN,1
7901128,34,2024-09-04T13:58:42Z,18.116666666666667,66.46666666666667,838.1,9.801,NaN,1,35.473,NaN,1
7901128,34,2024-09-04T13:58:42Z,18.116666666666667,66.46666666666667,862.6,9.558,NaN,1,35.444,NaN,1
7901128,34,2024-09-04T13:58:42Z,18.116666666666667,66.46666666666667,887.2,9.345,NaN,1,35.424,NaN,1
7901128,34,2024-09-04T13:58:42Z,18.116666666666667,66.46666666666667,912.7,9.115,NaN,1,35.399,NaN,1
7901128,34,2024-09-04T13:58:42Z,18.116666666666667,66.46666666666667,937.9,8.927,NaN,1,35.38,NaN,1
7901128,34,2024-09-04T13:58:42Z,18.116666666666667,66.46666666666667,962.7,8.704,NaN,1,35.356,NaN,1
7901128,34,2024-09-04T13:58:42Z,18.116666666666667,66.46666666666667,987.7,8.559,NaN,1,35.346,NaN,1
7901128,34,2024-09-04T13:58:42Z,18.116666666666667,66.46666666666667,1013.0,8.414,NaN,1,35.332,NaN,1
7901128,34,2024-09-04T13:58:42Z,18.116666666666667,66.46666666666667,1038.2,8.301,NaN,1,35.325,NaN,1
7901128,34,2024-09-04T13:58:42Z,18.116666666666667,66.46666666666667,1062.9,8.122,NaN,1,35.305,NaN,1
7901128,34,2024-09-04T13:58:42Z,18.116666666666667,66.46666666666667,1087.8,7.948,NaN,1,35.289,NaN,1
7901128,34,2024-09-04T13:58:42Z,18.116666666666667,66.46666666666667,1113.0,7.726,NaN,1,35.264,NaN,1
7901128,34,2024-09-04T13:58:42Z,18.116666666666667,66.46666666666667,1138.3,7.517,NaN,1,35.243,NaN,1
7901128,34,2024-09-04T13:58:42Z,18.116666666666667,66.46666666666667,1162.9,7.326,NaN,1,35.222,NaN,1
7901128,34,2024-09-04T13:58:42Z,18.116666666666667,66.46666666666667,1188.1,7.155,NaN,1,35.204,NaN,1
7901128,34,2024-09-04T13:58:42Z,18.116666666666667,66.46666666666667,1213.1,7.006,NaN,1,35.188,NaN,1
7901128,34,2024-09-04T13:58:42Z,18.116666666666667,66.46666666666667,1237.9,6.87,NaN,1,35.178,NaN,1
7901128,34,2024-09-04T13:58:42Z,18.116666666666667,66.46666666666667,1263.0,6.716,NaN,1,35.162,NaN,1
7901128,34,2024-09-04T13:58:42Z,18.116666666666667,66.46666666666667,1287.8,6.585,NaN,1,35.149,NaN,1
7901128,34,2024-09-04T13:58:42Z,18.116666666666667,66.46666666666667,1312.8,6.444,NaN,1,35.136,NaN,1
7901128,34,2024-09-04T13:58:42Z,18.116666666666667,66.46666666666667,1338.2,6.301,NaN,1,35.124,NaN,1
7901128,34,2024-09-04T13:58:42Z,18.116666666666667,66.46666666666667,1363.1,6.14,NaN,1,35.108,NaN,1
7901128,34,2024-09-04T13:58:42Z,18.116666666666667,66.46666666666667,1387.9,6.012,NaN,1,35.095,NaN,1
7901128,34,2024-09-04T13:58:42Z,18.116666666666667,66.46666666666667,1413.0,5.871,NaN,1,35.081,NaN,1
7901128,34,2024-09-04T13:58:42Z,18.116666666666667,66.46666666666667,1437.8,5.718,NaN,1,35.067,NaN,1
7901128,34,2024-09-04T13:58:42Z,18.116666666666667,66.46666666666667,1462.8,5.569,NaN,1,35.053,NaN,1
7901128,34,2024-09-04T13:58:42Z,18.116666666666667,66.46666666666667,1488.2,5.406,NaN,1,35.038,NaN,1
7901128,34,2024-09-04T13:58:42Z,18.116666666666667,66.46666666666667,1512.9,5.235,NaN,1,35.022,NaN,1
7901128,34,2024-09-04T13:58:42Z,18.116666666666667,66.46666666666667,1537.5,5.09,NaN,1,35.008,NaN,1
7901128,34,2024-09-04T13:58:42Z,18.116666666666667,66.46666666666667,1563.0,4.948,NaN,1,34.995,NaN,1
7901128,34,2024-09-04T13:58:42Z,18.116666666666667,66.46666666666667,1587.6,4.803,NaN,1,34.982,NaN,1
7901128,34,2024-09-04T13:58:42Z,18.116666666666667,66.46666666666667,1612.9,4.643,NaN,1,34.969,NaN,1
7901128,34,2024-09-04T13:58:42Z,18.116666666666667,66.46666666666667,1638.1,4.523,NaN,1,34.959,NaN,1
7901128,34,2024-09-04T13:58:42Z,18.116666666666667,66.46666666666667,1663.3,4.435,NaN,1,34.953,NaN,1
7901128,34,2024-09-04T13:58:42Z,18.116666666666667,66.46666666666667,1688.1,4.282,NaN,1,34.939,NaN,1
7901128,34,2024-09-04T13:58:42Z,18.116666666666667,66.46666666666667,1713.1,4.15,NaN,1,34.928,NaN,1
7901128,34,2024-09-04T13:58:42Z,18.116666666666667,66.46666666666667,1738.2,4.053,NaN,1,34.92,NaN,1
7901128,34,2024-09-04T13:58:42Z,18.116666666666667,66.46666666666667,1763.0,3.937,NaN,1,34.91,NaN,1
7901128,34,2024-09-04T13:58:42Z,18.116666666666667,66.46666666666667,1788.2,3.817,NaN,1,34.899,NaN,1
7901128,34,2024-09-04T13:58:42Z,18.116666666666667,66.46666666666667,1813.2,3.72,NaN,1,34.89,NaN,1
7901128,34,2024-09-04T13:58:42Z,18.116666666666667,66.46666666666667,1837.9,3.639,NaN,1,34.883,NaN,1
7901128,34,2024-09-04T13:58:42Z,18.116666666666667,66.46666666666667,1863.4,3.537,NaN,1,34.874,NaN,1
7901128,34,2024-09-04T13:58:42Z,18.116666666666667,66.46666666666667,1888.2,3.45,NaN,1,34.867,NaN,1
7901128,34,2024-09-04T13:58:42Z,18.116666666666667,66.46666666666667,1913.0,3.352,NaN,1,34.858,NaN,1
7901128,34,2024-09-04T13:58:42Z,18.116666666666667,66.46666666666667,1938.0,3.28,NaN,1,34.853,NaN,1
7901128,34,2024-09-04T13:58:42Z,18.116666666666667,66.46666666666667,1963.1,3.202,NaN,1,34.847,NaN,1
7901128,34,2024-09-04T13:58:42Z,18.116666666666667,66.46666666666667,1988.2,3.149,NaN,1,34.843,NaN,1
7901128,34,2024-09-04T13:58:42Z,18.116666666666667,66.46666666666667,2004.4,3.099,NaN,1,34.838,NaN,1
7901136,47,2024-09-08T13:18:00Z,15.518388333333334,67.80346166666666,2.5,28.016,NaN,1,36.524,NaN,1
7901136,47,2024-09-08T13:18:00Z,15.518388333333334,67.80346166666666,3.6,28.018,NaN,1,36.525,NaN,1
7901136,47,2024-09-08T13:18:00Z,15.518388333333334,67.80346166666666,4.5,28.018,NaN,1,36.524,NaN,1
7901136,47,2024-09-08T13:18:00Z,15.518388333333334,67.80346166666666,5.5,28.016,NaN,1,36.525,NaN,1
7901136,47,2024-09-08T13:18:00Z,15.518388333333334,67.80346166666666,6.6,28.014,NaN,1,36.525,NaN,1
7901136,47,2024-09-08T13:18:00Z,15.518388333333334,67.80346166666666,7.5,28.014,NaN,1,36.524,NaN,1
7901136,47,2024-09-08T13:18:00Z,15.518388333333334,67.80346166666666,8.5,28.012,NaN,1,36.525,NaN,1
7901136,47,2024-09-08T13:18:00Z,15.518388333333334,67.80346166666666,9.4,28.014,NaN,1,36.524,NaN,1
7901136,47,2024-09-08T13:18:00Z,15.518388333333334,67.80346166666666,10.5,28.017,NaN,1,36.525,NaN,1
7901136,47,2024-09-08T13:18:00Z,15.518388333333334,67.80346166666666,11.5,28.019,NaN,1,36.525,NaN,1
7901136,47,2024-09-08T13:18:00Z,15.518388333333334,67.80346166666666,12.5,28.017,NaN,1,36.524,NaN,1
7901136,47,2024-09-08T13:18:00Z,15.518388333333334,67.80346166666666,13.5,28.018,NaN,1,36.524,NaN,1
7901136,47,2024-09-08T13:18:00Z,15.518388333333334,67.80346166666666,14.5,28.018,NaN,1,36.525,NaN,1
7901136,47,2024-09-08T13:18:00Z,15.518388333333334,67.80346166666666,15.5,28.017,NaN,1,36.525,NaN,1
7901136,47,2024-09-08T13:18:00Z,15.518388333333334,67.80346166666666,16.5,28.02,NaN,1,36.525,NaN,1
7901136,47,2024-09-08T13:18:00Z,15.518388333333334,67.80346166666666,17.6,28.018,NaN,1,36.525,NaN,1
7901136,47,2024-09-08T13:18:00Z,15.518388333333334,67.80346166666666,18.5,28.005,NaN,1,36.532,NaN,1
7901136,47,2024-09-08T13:18:00Z,15.518388333333334,67.80346166666666,19.5,27.997,NaN,1,36.535,NaN,1
7901136,47,2024-09-08T13:18:00Z,15.518388333333334,67.80346166666666,24.8,27.978,NaN,1,36.545,NaN,1
7901136,47,2024-09-08T13:18:00Z,15.518388333333334,67.80346166666666,35.1,27.966,NaN,1,36.554,NaN,1
7901136,47,2024-09-08T13:18:00Z,15.518388333333334,67.80346166666666,45.2,27.951,NaN,1,36.567,NaN,1
7901136,47,2024-09-08T13:18:00Z,15.518388333333334,67.80346166666666,55.3,27.9,NaN,1,36.615,NaN,1
7901136,47,2024-09-08T13:18:00Z,15.518388333333334,67.80346166666666,65.4,27.439,NaN,1,36.582,NaN,1
7901136,47,2024-09-08T13:18:00Z,15.518388333333334,67.80346166666666,74.8,24.772,NaN,1,36.445,NaN,1
7901136,47,2024-09-08T13:18:00Z,15.518388333333334,67.80346166666666,85.1,23.753,NaN,1,36.299,NaN,1
7901136,47,2024-09-08T13:18:00Z,15.518388333333334,67.80346166666666,95.2,23.144,NaN,1,36.235,NaN,1
7901136,47,2024-09-08T13:18:00Z,15.518388333333334,67.80346166666666,105.3,22.701,NaN,1,36.265,NaN,1
7901136,47,2024-09-08T13:18:00Z,15.518388333333334,67.80346166666666,115.1,21.813,NaN,1,36.152,NaN,1
7901136,47,2024-09-08T13:18:00Z,15.518388333333334,67.80346166666666,125.0,21.088,NaN,1,36.075,NaN,1
7901136,47,2024-09-08T13:18:00Z,15.518388333333334,67.80346166666666,135.0,20.285,NaN,1,36.005,NaN,1
7901136,47,2024-09-08T13:18:00Z,15.518388333333334,67.80346166666666,144.8,19.674,NaN,1,35.947,NaN,1
7901136,47,2024-09-08T13:18:00Z,15.518388333333334,67.80346166666666,155.0,19.277,NaN,1,35.949,NaN,1
7901136,47,2024-09-08T13:18:00Z,15.518388333333334,67.80346166666666,165.0,18.792,NaN,1,35.955,NaN,1
7901136,47,2024-09-08T13:18:00Z,15.518388333333334,67.80346166666666,175.1,18.151,NaN,1,35.939,NaN,1
7901136,47,2024-09-08T13:18:00Z,15.518388333333334,67.80346166666666,185.2,17.344,NaN,1,35.826,NaN,1
7901136,47,2024-09-08T13:18:00Z,15.518388333333334,67.80346166666666,194.9,17.034,NaN,1,35.811,NaN,1
7901136,47,2024-09-08T13:18:00Z,15.518388333333334,67.80346166666666,209.7,16.391,NaN,1,35.772,NaN,1
7901136,47,2024-09-08T13:18:00Z,15.518388333333334,67.80346166666666,230.2,15.831,NaN,1,35.811,NaN,1
7901136,47,2024-09-08T13:18:00Z,15.518388333333334,67.80346166666666,250.3,15.535,NaN,1,35.861,NaN,1
7901136,47,2024-09-08T13:18:00Z,15.518388333333334,67.80346166666666,270.0,15.083,NaN,1,35.833,NaN,1
7901136,47,2024-09-08T13:18:00Z,15.518388333333334,67.80346166666666,290.2,14.508,NaN,1,35.772,NaN,1
7901136,47,2024-09-08T13:18:00Z,15.518388333333334,67.80346166666666,310.3,14.155,NaN,1,35.734,NaN,1
7901136,47,2024-09-08T13:18:00Z,15.518388333333334,67.80346166666666,330.0,13.846,NaN,1,35.711,NaN,1
7901136,47,2024-09-08T13:18:00Z,15.518388333333334,67.80346166666666,350.0,13.648,NaN,1,35.724,NaN,1
7901136,47,2024-09-08T13:18:00Z,15.518388333333334,67.80346166666666,370.0,13.516,NaN,1,35.741,NaN,1
7901136,47,2024-09-08T13:18:00Z,15.518388333333334,67.80346166666666,390.3,13.365,NaN,1,35.749,NaN,1
7901136,47,2024-09-08T13:18:00Z,15.518388333333334,67.80346166666666,410.1,13.21,NaN,1,35.743,NaN,1
7901136,47,2024-09-08T13:18:00Z,15.518388333333334,67.80346166666666,430.0,13.086,NaN,1,35.737,NaN,1
7901136,47,2024-09-08T13:18:00Z,15.518388333333334,67.80346166666666,450.1,12.849,NaN,1,35.708,NaN,1
7901136,47,2024-09-08T13:18:00Z,15.518388333333334,67.80346166666666,470.0,12.717,NaN,1,35.709,NaN,1
7901136,47,2024-09-08T13:18:00Z,15.518388333333334,67.80346166666666,490.1,12.55,NaN,1,35.697,NaN,1
7901136,47,2024-09-08T13:18:00Z,15.518388333333334,67.80346166666666,512.8,12.3,NaN,1,35.666,NaN,1
7901136,47,2024-09-08T13:18:00Z,15.518388333333334,67.80346166666666,537.2,12.149,NaN,1,35.656,NaN,1
7901136,47,2024-09-08T13:18:00Z,15.518388333333334,67.80346166666666,562.3,11.976,NaN,1,35.648,NaN,1
7901136,47,2024-09-08T13:18:00Z,15.518388333333334,67.80346166666666,587.3,11.725,NaN,1,35.623,NaN,1
7901136,47,2024-09-08T13:18:00Z,15.518388333333334,67.80346166666666,612.7,11.435,NaN,1,35.588,NaN,1
7901136,47,2024-09-08T13:18:00Z,15.518388333333334,67.80346166666666,637.7,11.188,NaN,1,35.558,NaN,1
7901136,47,2024-09-08T13:18:00Z,15.518388333333334,67.80346166666666,662.7,10.981,NaN,1,35.54,NaN,1
7901136,47,2024-09-08T13:18:00Z,15.518388333333334,67.80346166666666,687.4,10.746,NaN,1,35.511,NaN,1
7901136,47,2024-09-08T13:18:00Z,15.518388333333334,67.80346166666666,712.5,10.503,NaN,1,35.485,NaN,1
7901136,47,2024-09-08T13:18:00Z,15.518388333333334,67.80346166666666,737.6,10.354,NaN,1,35.479,NaN,1
7901136,47,2024-09-08T13:18:00Z,15.518388333333334,67.80346166666666,762.9,10.097,NaN,1,35.453,NaN,1
7901136,47,2024-09-08T13:18:00Z,15.518388333333334,67.80346166666666,787.6,9.898,NaN,1,35.434,NaN,1
7901136,47,2024-09-08T13:18:00Z,15.518388333333334,67.80346166666666,812.8,9.709,NaN,1,35.417,NaN,1
7901136,47,2024-09-08T13:18:00Z,15.518388333333334,67.80346166666666,837.7,9.552,NaN,1,35.407,NaN,1
7901136,47,2024-09-08T13:18:00Z,15.518388333333334,67.80346166666666,862.8,9.423,NaN,1,35.403,NaN,1
7901136,47,2024-09-08T13:18:00Z,15.518388333333334,67.80346166666666,887.8,9.232,NaN,1,35.39,NaN,1
7901136,47,2024-09-08T13:18:00Z,15.518388333333334,67.80346166666666,912.8,9.047,NaN,1,35.372,NaN,1
7901136,47,2024-09-08T13:18:00Z,15.518388333333334,67.80346166666666,937.6,8.852,NaN,1,35.351,NaN,1
7901136,47,2024-09-08T13:18:00Z,15.518388333333334,67.80346166666666,962.7,8.676,NaN,1,35.332,NaN,1
7901136,47,2024-09-08T13:18:00Z,15.518388333333334,67.80346166666666,987.5,8.526,NaN,1,35.316,NaN,1
7901136,47,2024-09-08T13:18:00Z,15.518388333333334,67.80346166666666,1025.2,8.247,NaN,1,35.289,NaN,1
7901136,47,2024-09-08T13:18:00Z,15.518388333333334,67.80346166666666,1075.3,7.927,NaN,1,35.261,NaN,1
7901136,47,2024-09-08T13:18:00Z,15.518388333333334,67.80346166666666,1124.6,7.604,NaN,1,35.229,NaN,1
7901136,47,2024-09-08T13:18:00Z,15.518388333333334,67.80346166666666,1175.1,7.32,NaN,1,35.203,NaN,1
7901136,47,2024-09-08T13:18:00Z,15.518388333333334,67.80346166666666,1225.3,7.046,NaN,1,35.177,NaN,1
7901136,47,2024-09-08T13:18:00Z,15.518388333333334,67.80346166666666,1275.2,6.791,NaN,1,35.157,NaN,1
7901136,47,2024-09-08T13:18:00Z,15.518388333333334,67.80346166666666,1325.0,6.5,NaN,1,35.132,NaN,1
7901136,47,2024-09-08T13:18:00Z,15.518388333333334,67.80346166666666,1374.6,6.216,NaN,1,35.105,NaN,1
7901136,47,2024-09-08T13:18:00Z,15.518388333333334,67.80346166666666,1425.3,5.934,NaN,1,35.083,NaN,1
7901136,47,2024-09-08T13:18:00Z,15.518388333333334,67.80346166666666,1475.3,5.621,NaN,1,35.053,NaN,1
7901136,47,2024-09-08T13:18:00Z,15.518388333333334,67.80346166666666,1524.9,5.269,NaN,1,35.022,NaN,1
7901136,47,2024-09-08T13:18:00Z,15.518388333333334,67.80346166666666,1574.9,4.962,NaN,1,34.996,NaN,1
7901136,47,2024-09-08T13:18:00Z,15.518388333333334,67.80346166666666,1625.4,4.639,NaN,1,34.967,NaN,1
7901136,47,2024-09-08T13:18:00Z,15.518388333333334,67.80346166666666,1674.7,4.357,NaN,1,34.941,NaN,1
7901136,47,2024-09-08T13:18:00Z,15.518388333333334,67.80346166666666,1724.8,4.103,NaN,1,34.919,NaN,1
7901136,47,2024-09-08T13:18:00Z,15.518388333333334,67.80346166666666,1775.1,3.89,NaN,1,34.901,NaN,1
7901136,47,2024-09-08T13:18:00Z,15.518388333333334,67.80346166666666,1825.5,3.701,NaN,1,34.885,NaN,1
7901136,47,2024-09-08T13:18:00Z,15.518388333333334,67.80346166666666,1874.7,3.502,NaN,1,34.867,NaN,1
7901136,47,2024-09-08T13:18:00Z,15.518388333333334,67.80346166666666,1925.4,3.332,NaN,1,34.853,NaN,1
7901136,47,2024-09-08T13:18:00Z,15.518388333333334,67.80346166666666,1968.1,3.202,NaN,1,34.844,NaN,1
7902200,4,2024-09-09T08:27:13Z,8.072699,66.402084,4.28,28.924,28.924,1,36.4715,36.47143,1
7902200,4,2024-09-09T08:27:13Z,8.072699,66.402084,5.99,28.9154,28.9154,1,36.4714,36.47133,1
7902200,4,2024-09-09T08:27:13Z,8.072699,66.402084,7.98,28.9063,28.9063,1,36.4711,36.47103,1
7902200,4,2024-09-09T08:27:13Z,8.072699,66.402084,9.98,28.8969,28.8969,1,36.4701,36.47003,1
7902200,4,2024-09-09T08:27:13Z,8.072699,66.402084,12.02,28.8947,28.8947,1,36.4704,36.47033,1
7902200,4,2024-09-09T08:27:13Z,8.072699,66.402084,14.04,28.8887,28.8887,1,36.4704,36.47033,1
7902200,4,2024-09-09T08:27:13Z,8.072699,66.402084,16.03,28.8838,28.8838,1,36.4712,36.47113,1
7902200,4,2024-09-09T08:27:13Z,8.072699,66.402084,18.0,28.8811,28.8811,1,36.4715,36.47143,1
7902200,4,2024-09-09T08:27:13Z,8.072699,66.402084,19.96,28.8769,28.8769,1,36.4734,36.47333,1
7902200,4,2024-09-09T08:27:13Z,8.072699,66.402084,21.98,28.8769,28.8769,1,36.4743,36.47423,1
7902200,4,2024-09-09T08:27:13Z,8.072699,66.402084,24.0,28.8771,28.8771,1,36.4763,36.47623,1
7902200,4,2024-09-09T08:27:13Z,8.072699,66.402084,25.99,28.877,28.877,1,36.4783,36.47823,1
7902200,4,2024-09-09T08:27:13Z,8.072699,66.402084,27.99,28.8762,28.8762,1,36.4812,36.48113,1
7902200,4,2024-09-09T08:27:13Z,8.072699,66.402084,29.99,28.875,28.875,1,36.4847,36.48463,1
7902200,4,2024-09-09T08:27:13Z,8.072699,66.402084,32.01,28.8748,28.8748,1,36.4855,36.48543,1
7902200,4,2024-09-09T08:27:13Z,8.072699,66.402084,34.02,28.8725,28.8725,1,36.4889,36.48883,1
7902200,4,2024-09-09T08:27:13Z,8.072699,66.402084,35.99,28.8663,28.8663,1,36.5005,36.50043,1
7902200,4,2024-09-09T08:27:13Z,8.072699,66.402084,37.99,28.8611,28.8611,1,36.5073,36.50723,1
7902200,4,2024-09-09T08:27:13Z,8.072699,66.402084,39.99,28.8579,28.8579,1,36.5095,36.50943,1
7902200,4,2024-09-09T08:27:13Z,8.072699,66.402084,41.97,28.8519,28.8519,1,36.5122,36.51213,1
7902200,4,2024-09-09T08:27:13Z,8.072699,66.402084,43.98,28.8413,28.8413,1,36.5215,36.52143,1
7902200,4,2024-09-09T08:27:13Z,8.072699,66.402084,45.98,28.8258,28.8258,1,36.5277,36.52763,1
7902200,4,2024-09-09T08:27:13Z,8.072699,66.402084,47.97,28.8173,28.8173,1,36.533,36.53293,1
7902200,4,2024-09-09T08:27:13Z,8.072699,66.402084,49.98,28.7969,28.7969,1,36.532,36.53193,1
7902200,4,2024-09-09T08:27:13Z,8.072699,66.402084,51.98,28.7921,28.7921,1,36.54,36.53993,1
7902200,4,2024-09-09T08:27:13Z,8.072699,66.402084,53.97,28.6972,28.6972,1,36.5094,36.50933,1
7902200,4,2024-09-09T08:27:13Z,8.072699,66.402084,56.01,28.5467,28.5467,1,36.4653,36.46523,1
7902200,4,2024-09-09T08:27:13Z,8.072699,66.402084,58.03,28.5518,28.5518,1,36.4913,36.49123,1
7902200,4,2024-09-09T08:27:13Z,8.072699,66.402084,59.98,28.6049,28.6049,1,36.5373,36.53723,1
7902200,4,2024-09-09T08:27:13Z,8.072699,66.402084,61.97,28.6145,28.6145,1,36.5631,36.56303,1
7902200,4,2024-09-09T08:27:13Z,8.072699,66.402084,63.96,28.5551,28.5551,1,36.5665,36.56643,1
7902200,4,2024-09-09T08:27:13Z,8.072699,66.402084,65.97,28.5201,28.5201,1,36.5676,36.56753,1
7902200,4,2024-09-09T08:27:13Z,8.072699,66.402084,68.02,28.5106,28.5106,1,36.5739,36.57383,1
7902200,4,2024-09-09T08:27:13Z,8.072699,66.402084,70.05,28.4376,28.4376,1,36.5654,36.56533,1
7902200,4,2024-09-09T08:27:13Z,8.072699,66.402084,72.02,28.4077,28.4077,1,36.5624,36.56233,1
7902200,4,2024-09-09T08:27:13Z,8.072699,66.402084,73.98,28.3518,28.3518,1,36.56,36.55993,1
7902200,4,2024-09-09T08:27:13Z,8.072699,66.402084,76.0,28.1291,28.1291,1,36.5181,36.51803,1
7902200,4,2024-09-09T08:27:13Z,8.072699,66.402084,77.97,27.8725,27.8725,1,36.4727,36.47263,1
7902200,4,2024-09-09T08:27:13Z,8.072699,66.402084,79.96,27.407,27.407,1,36.3997,36.39963,1
7902200,4,2024-09-09T08:27:13Z,8.072699,66.402084,82.03,26.9539,26.9539,1,36.3307,36.33063,1
7902200,4,2024-09-09T08:27:13Z,8.072699,66.402084,83.97,26.6218,26.6218,1,36.2697,36.26963,1
7902200,4,2024-09-09T08:27:13Z,8.072699,66.402084,85.95,25.9054,25.9054,1,36.1535,36.15343,1
7902200,4,2024-09-09T08:27:13Z,8.072699,66.402084,88.06,24.9832,24.9832,1,36.022,36.02193,1
7902200,4,2024-09-09T08:27:13Z,8.072699,66.402084,90.02,24.5579,24.5579,1,35.955,35.95493,1
7902200,4,2024-09-09T08:27:13Z,8.072699,66.402084,92.0,23.8558,23.8558,1,35.8737,35.87362,1
7902200,4,2024-09-09T08:27:13Z,8.072699,66.402084,93.95,23.4854,23.4854,1,35.8466,35.84662,1
7902200,4,2024-09-09T08:27:13Z,8.072699,66.402084,95.92,23.014,23.014,1,35.8592,35.85922,1
7902200,4,2024-09-09T08:27:13Z,8.072699,66.402084,98.01,22.3661,22.3661,1,35.8771,35.87702,1
7902200,4,2024-09-09T08:27:13Z,8.072699,66.402084,100.02,22.1064,22.1064,1,35.8511,35.85112,1
7902200,4,2024-09-09T08:27:13Z,8.072699,66.402084,102.26,21.7643,21.7643,1,35.7892,35.7892,1
7902200,4,2024-09-09T08:27:13Z,8.072699,66.402084,103.46,21.4164,21.4164,1,35.7411,35.74109,1
7902200,4,2024-09-09T08:27:13Z,8.072699,66.402084,105.93,20.7348,20.7348,1,35.6456,35.64557,1
7902200,4,2024-09-09T08:27:13Z,8.072699,66.402084,107.95,20.2692,20.2692,1,35.5712,35.57116,1
7902200,4,2024-09-09T08:27:13Z,8.072699,66.402084,109.95,19.8058,19.8058,1,35.5198,35.51975,1
7902200,4,2024-09-09T08:27:13Z,8.072699,66.402084,111.96,19.4132,19.4132,1,35.5089,35.50885,1
7902200,4,2024-09-09T08:27:13Z,8.072699,66.402084,113.99,19.2451,19.2451,1,35.5082,35.50815,1
7902200,4,2024-09-09T08:27:13Z,8.072699,66.402084,116.01,19.1633,19.1633,1,35.5208,35.52075,1
7902200,4,2024-09-09T08:27:13Z,8.072699,66.402084,117.98,18.9923,18.9923,1,35.5087,35.50865,1
7902200,4,2024-09-09T08:27:13Z,8.072699,66.402084,119.97,18.8301,18.8301,1,35.4903,35.49025,1
7902200,4,2024-09-09T08:27:13Z,8.072699,66.402084,121.97,18.6263,18.6263,1,35.458,35.45794,1
7902200,4,2024-09-09T08:27:13Z,8.072699,66.402084,124.0,18.4652,18.4652,1,35.4321,35.43204,1
7902200,4,2024-09-09T08:27:13Z,8.072699,66.402084,126.01,18.3381,18.3381,1,35.4229,35.42284,1
7902200,4,2024-09-09T08:27:13Z,8.072699,66.402084,128.01,18.2904,18.2904,1,35.4242,35.42414,1
7902200,4,2024-09-09T08:27:13Z,8.072699,66.402084,129.99,18.1986,18.1986,1,35.42,35.41994,1
7902200,4,2024-09-09T08:27:13Z,8.072699,66.402084,132.02,18.1379,18.1379,1,35.4162,35.41613,1
7902200,4,2024-09-09T08:27:13Z,8.072699,66.402084,134.01,18.0942,18.0942,1,35.412,35.41193,1
7902200,4,2024-09-09T08:27:13Z,8.072699,66.402084,135.97,18.0071,18.0071,1,35.4072,35.40714,1
7902200,4,2024-09-09T08:27:13Z,8.072699,66.402084,137.97,17.9245,17.9245,1,35.4049,35.40483,1
7902200,4,2024-09-09T08:27:13Z,8.072699,66.402084,139.99,17.7441,17.7441,1,35.4021,35.40203,1
7902200,4,2024-09-09T08:27:13Z,8.072699,66.402084,142.02,17.5416,17.5416,1,35.3934,35.39333,1
7902200,4,2024-09-09T08:27:13Z,8.072699,66.402084,144.02,17.3172,17.3172,1,35.3784,35.37833,1
7902200,4,2024-09-09T08:27:13Z,8.072699,66.402084,146.0,17.0819,17.0819,1,35.3634,35.36333,1
7902200,4,2024-09-09T08:27:13Z,8.072699,66.402084,147.97,16.9755,16.9755,1,35.3542,35.35413,1
7902200,4,2024-09-09T08:27:13Z,8.072699,66.402084,150.0,16.8859,16.8859,1,35.3485,35.34843,1
7902200,4,2024-09-09T08:27:13Z,8.072699,66.402084,152.02,16.7708,16.7708,1,35.3518,35.35173,1
7902200,4,2024-09-09T08:27:13Z,8.072699,66.402084,154.02,16.6776,16.6776,1,35.3456,35.34552,1
7902200,4,2024-09-09T08:27:13Z,8.072699,66.402084,156.03,16.6291,16.6291,1,35.3364,35.33632,1
7902200,4,2024-09-09T08:27:13Z,8.072699,66.402084,158.0,16.5454,16.5454,1,35.3274,35.32732,1
7902200,4,2024-09-09T08:27:13Z,8.072699,66.402084,159.99,16.2924,16.2924,1,35.3105,35.31042,1
7902200,4,2024-09-09T08:27:13Z,8.072699,66.402084,162.01,16.181,16.181,1,35.298,35.29792,1
7902200,4,2024-09-09T08:27:13Z,8.072699,66.402084,164.02,15.9917,15.9917,1,35.2839,35.28382,1
7902200,4,2024-09-09T08:27:13Z,8.072699,66.402084,166.03,15.9434,15.9434,1,35.2824,35.28232,1
7902200,4,2024-09-09T08:27:13Z,8.072699,66.402084,168.03,15.8309,15.8309,1,35.291,35.29092,1
7902200,4,2024-09-09T08:27:13Z,8.072699,66.402084,170.01,15.7184,15.7184,1,35.2968,35.29672,1
7902200,4,2024-09-09T08:27:13Z,8.072699,66.402084,172.01,15.7024,15.7024,1,35.2996,35.29952,1
7902200,4,2024-09-09T08:27:13Z,8.072699,66.402084,174.02,15.6951,15.6951,1,35.301,35.30092,1
7902200,4,2024-09-09T08:27:13Z,8.072699,66.402084,176.02,15.7032,15.7032,1,35.3038,35.30372,1
7902200,4,2024-09-09T08:27:13Z,8.072699,66.402084,178.0,15.7142,15.7142,1,35.3065,35.30642,1
7902200,4,2024-09-09T08:27:13Z,8.072699,66.402084,180.0,15.698,15.698,1,35.3104,35.31032,1
7902200,4,2024-09-09T08:27:13Z,8.072699,66.402084,181.99,15.6003,15.6003,1,35.3085,35.30842,1
7902200,4,2024-09-09T08:27:13Z,8.072699,66.402084,183.98,15.4935,15.4935,1,35.3045,35.30442,1
7902200,4,2024-09-09T08:27:13Z,8.072699,66.402084,186.02,15.4085,15.4085,1,35.301,35.30092,1
7902200,4,2024-09-09T08:27:13Z,8.072699,66.402084,188.04,15.342,15.342,1,35.2975,35.29742,1
7902200,4,2024-09-09T08:27:13Z,8.072699,66.402084,190.03,15.1715,15.1715,1,35.2961,35.29602,1
7902200,4,2024-09-09T08:27:13Z,8.072699,66.402084,191.99,15.0881,15.0881,1,35.2968,35.29672,1
7902200,4,2024-09-09T08:27:13Z,8.072699,66.402084,193.97,15.0494,15.0494,1,35.2999,35.29982,1
7902200,4,2024-09-09T08:27:13Z,8.072699,66.402084,195.98,15.0122,15.0122,1,35.3071,35.30702,1
7902200,4,2024-09-09T08:27:13Z,8.072699,66.402084,198.0,14.9286,14.9286,1,35.3115,35.31142,1
7902200,4,2024-09-09T08:27:13Z,8.072699,66.402084,200.04,14.8607,14.8607,1,35.3103,35.31022,1
7902200,4,2024-09-09T08:27:13Z,8.072699,66.402084,202.0,14.8274,14.8274,1,35.3089,35.30882,1
7902200,4,2024-09-09T08:27:13Z,8.072699,66.402084,203.98,14.7367,14.7367,1,35.3106,35.31052,1
7902200,4,2024-09-09T08:27:13Z,8.072699,66.402084,205.99,14.6391,14.6391,1,35.3094,35.30932,1
7902200,4,2024-09-09T08:27:13Z,8.072699,66.402084,208.01,14.5827,14.5827,1,35.3094,35.30932,1
7902200,4,2024-09-09T08:27:13Z,8.072699,66.402084,210.04,14.5426,14.5426,1,35.3097,35.30962,1
7902200,4,2024-09-09T08:27:13Z,8.072699,66.402084,212.03,14.5293,14.5293,1,35.3107,35.31062,1
7902200,4,2024-09-09T08:27:13Z,8.072699,66.402084,213.98,14.5007,14.5007,1,35.3109,35.31082,1
7902200,4,2024-09-09T08:27:13Z,8.072699,66.402084,216.0,14.4748,14.4748,1,35.3115,35.31142,1
7902200,4,2024-09-09T08:27:13Z,8.072699,66.402084,218.01,14.4497,14.4497,1,35.3113,35.31122,1
7902200,4,2024-09-09T08:27:13Z,8.072699,66.402084,219.98,14.4127,14.4127,1,35.3096,35.30952,1
7902200,4,2024-09-09T08:27:13Z,8.072699,66.402084,221.99,14.3761,14.3761,1,35.3081,35.30802,1
7902200,4,2024-09-09T08:27:13Z,8.072699,66.402084,224.0,14.2904,14.2904,1,35.3063,35.30622,1
7902200,4,2024-09-09T08:27:13Z,8.072699,66.402084,225.96,14.1676,14.1676,1,35.3028,35.30272,1
7902200,4,2024-09-09T08:27:13Z,8.072699,66.402084,228.0,14.1065,14.1065,1,35.3003,35.30022,1
7902200,4,2024-09-09T08:27:13Z,8.072699,66.402084,230.01,14.0695,14.0695,1,35.2999,35.29982,1
7902200,4,2024-09-09T08:27:13Z,8.072699,66.402084,232.0,14.0093,14.0093,1,35.3011,35.30101,1
7902200,4,2024-09-09T08:27:13Z,8.072699,66.402084,233.96,13.9689,13.9689,1,35.3002,35.30011,1
7902200,4,2024-09-09T08:27:13Z,8.072699,66.402084,235.92,13.8949,13.8949,1,35.3023,35.30222,1
7902200,4,2024-09-09T08:27:13Z,8.072699,66.402084,237.94,13.8359,13.8359,1,35.3073,35.30722,1
7902200,4,2024-09-09T08:27:13Z,8.072699,66.402084,239.96,13.7998,13.7998,1,35.3111,35.31102,1
7902200,4,2024-09-09T08:27:13Z,8.072699,66.402084,241.97,13.7008,13.7008,1,35.3094,35.30931,1
7902200,4,2024-09-09T08:27:13Z,8.072699,66.402084,244.01,13.6419,13.6419,1,35.3029,35.30281,1
7902200,4,2024-09-09T08:27:13Z,8.072699,66.402084,246.02,13.5696,13.5696,1,35.2991,35.29902,1
7902200,4,2024-09-09T08:27:13Z,8.072699,66.402084,248.01,13.4664,13.4664,1,35.2956,35.29551,1
7902200,4,2024-09-09T08:27:13Z,8.072699,66.402084,249.97,13.4263,13.4263,1,35.2947,35.29461,1
7902200,4,2024-09-09T08:27:13Z,8.072699,66.402084,252.0,13.3728,13.3728,1,35.2983,35.29821,1
7902200,4,2024-09-09T08:27:13Z,8.072699,66.402084,254.02,13.3457,13.3457,1,35.3017,35.30161,1
7902200,4,2024-09-09T08:27:13Z,8.072699,66.402084,255.98,13.2886,13.2886,1,35.2981,35.29801,1
7902200,4,2024-09-09T08:27:13Z,8.072699,66.402084,258.0,13.2498,13.2498,1,35.2939,35.29381,1
7902200,4,2024-09-09T08:27:13Z,8.072699,66.402084,260.05,13.2403,13.2403,1,35.2927,35.29261,1
7902200,4,2024-09-09T08:27:13Z,8.072699,66.402084,262.03,13.208,13.208,1,35.2914,35.29131,1
7902200,4,2024-09-09T08:27:13Z,8.072699,66.402084,264.04,13.1676,13.1676,1,35.2951,35.29501,1
7902200,4,2024-09-09T08:27:13Z,8.072699,66.402084,265.98,13.1092,13.1092,1,35.2924,35.29231,1
7902200,4,2024-09-09T08:27:13Z,8.072699,66.402084,267.95,13.0781,13.0781,1,35.29,35.28991,1
7902200,4,2024-09-09T08:27:13Z,8.072699,66.402084,269.98,13.0425,13.0425,1,35.2877,35.28761,1
7902200,4,2024-09-09T08:27:13Z,8.072699,66.402084,272.03,13.0241,13.0241,1,35.2851,35.28501,1
7902200,4,2024-09-09T08:27:13Z,8.072699,66.402084,274.02,12.976,12.976,1,35.282,35.28191,1
7902200,4,2024-09-09T08:27:13Z,8.072699,66.402084,275.99,12.9325,12.9325,1,35.2811,35.28101,1
7902200,4,2024-09-09T08:27:13Z,8.072699,66.402084,277.96,12.8965,12.8965,1,35.2926,35.29251,1
7902200,4,2024-09-09T08:27:13Z,8.072699,66.402084,279.95,12.8737,12.8737,1,35.2934,35.29331,1
7902200,4,2024-09-09T08:27:13Z,8.072699,66.402084,282.0,12.8578,12.8578,1,35.292,35.29191,1
7902200,4,2024-09-09T08:27:13Z,8.072699,66.402084,283.99,12.8313,12.8313,1,35.2895,35.28941,1
7902200,4,2024-09-09T08:27:13Z,8.072699,66.402084,285.94,12.814,12.814,1,35.2867,35.28661,1
7902200,4,2024-09-09T08:27:13Z,8.072699,66.402084,287.96,12.7331,12.7331,1,35.2827,35.28261,1
7902200,4,2024-09-09T08:27:13Z,8.072699,66.402084,290.0,12.6677,12.6677,1,35.2752,35.27511,1
7902200,4,2024-09-09T08:27:13Z,8.072699,66.402084,292.04,12.6468,12.6468,1,35.2741,35.27401,1
7902200,4,2024-09-09T08:27:13Z,8.072699,66.402084,294.01,12.6319,12.6319,1,35.2736,35.27351,1
7902200,4,2024-09-09T08:27:13Z,8.072699,66.402084,296.01,12.6252,12.6252,1,35.273,35.27291,1
7902200,4,2024-09-09T08:27:13Z,8.072699,66.402084,298.06,12.6176,12.6176,1,35.2719,35.27181,1
7902200,4,2024-09-09T08:27:13Z,8.072699,66.402084,300.06,12.5654,12.5654,1,35.2729,35.27281,1
7902200,4,2024-09-09T08:27:13Z,8.072699,66.402084,302.0,12.5274,12.5274,1,35.275,35.27491,1
7902200,4,2024-09-09T08:27:13Z,8.072699,66.402084,303.95,12.4971,12.4971,1,35.2738,35.27371,1
7902200,4,2024-09-09T08:27:13Z,8.072699,66.402084,305.98,12.4776,12.4776,1,35.2723,35.27221,1
7902200,4,2024-09-09T08:27:13Z,8.072699,66.402084,308.03,12.4504,12.4504,1,35.272,35.27191,1
7902200,4,2024-09-09T08:27:13Z,8.072699,66.402084,310.02,12.4382,12.4382,1,35.2726,35.27251,1
7902200,4,2024-09-09T08:27:13Z,8.072699,66.402084,312.02,12.416,12.416,1,35.2733,35.27321,1
7902200,4,2024-09-09T08:27:13Z,8.072699,66.402084,313.99,12.3955,12.3955,1,35.2737,35.27361,1
7902200,4,2024-09-09T08:27:13Z,8.072699,66.402084,316.0,12.3735,12.3735,1,35.2731,35.27301,1
7902200,4,2024-09-09T08:27:13Z,8.072699,66.402084,318.02,12.3495,12.3495,1,35.2727,35.27261,1
7902200,4,2024-09-09T08:27:13Z,8.072699,66.402084,319.96,12.3342,12.3342,1,35.2717,35.27161,1
7902200,4,2024-09-09T08:27:13Z,8.072699,66.402084,321.95,12.3208,12.3208,1,35.271,35.27091,1
7902200,4,2024-09-09T08:27:13Z,8.072699,66.402084,323.97,12.3109,12.3109,1,35.2704,35.27031,1
7902200,4,2024-09-09T08:27:13Z,8.072699,66.402084,325.97,12.2902,12.2902,1,35.2686,35.26851,1
7902200,4,2024-09-09T08:27:13Z,8.072699,66.402084,328.01,12.2634,12.2634,1,35.2669,35.26681,1
7902200,4,2024-09-09T08:27:13Z,8.072699,66.402084,330.04,12.2403,12.2403,1,35.2654,35.26531,1
7902200,4,2024-09-09T08:27:13Z,8.072699,66.402084,331.99,12.2012,12.2012,1,35.2628,35.26271,1
7902200,4,2024-09-09T08:27:13Z,8.072699,66.402084,334.0,12.1491,12.1491,1,35.2577,35.25761,1
7902200,4,2024-09-09T08:27:13Z,8.072699,66.402084,336.05,12.1147,12.1147,1,35.2545,35.25441,1
7902200,4,2024-09-09T08:27:13Z,8.072699,66.402084,338.0,12.096,12.096,1,35.2514,35.25131,1
7902200,4,2024-09-09T08:27:13Z,8.072699,66.402084,339.94,12.0813,12.0813,1,35.25,35.24991,1
7902200,4,2024-09-09T08:27:13Z,8.072699,66.402084,341.97,12.0784,12.0784,1,35.2505,35.25041,1
7902200,4,2024-09-09T08:27:13Z,8.072699,66.402084,344.01,12.0823,12.0823,1,35.2513,35.25121,1
7902200,4,2024-09-09T08:27:13Z,8.072699,66.402084,346.0,12.0802,12.0802,1,35.2536,35.25351,1
7902200,4,2024-09-09T08:27:13Z,8.072699,66.402084,348.0,12.0217,12.0217,1,35.2474,35.24731,1
7902200,4,2024-09-09T08:27:13Z,8.072699,66.402084,350.04,11.9993,11.9993,1,35.2454,35.24531,1
7902200,4,2024-09-09T08:27:13Z,8.072699,66.402084,352.01,11.9473,11.9473,1,35.241,35.24091,1
7902200,4,2024-09-09T08:27:13Z,8.072699,66.402084,354.02,11.9218,11.9218,1,35.2398,35.23971,1
7902200,4,2024-09-09T08:27:13Z,8.072699,66.402084,356.03,11.897,11.897,1,35.2397,35.23961,1
7902200,4,2024-09-09T08:27:13Z,8.072699,66.402084,358.02,11.8633,11.8633,1,35.2348,35.23471,1
7902200,4,2024-09-09T08:27:13Z,8.072699,66.402084,360.03,11.8222,11.8222,1,35.2282,35.22811,1
7902200,4,2024-09-09T08:27:13Z,8.072699,66.402084,362.02,11.801,11.801,1,35.2244,35.2243,1
7902200,4,2024-09-09T08:27:13Z,8.072699,66.402084,363.99,11.7654,11.7654,1,35.2216,35.2215,1
7902200,4,2024-09-09T08:27:13Z,8.072699,66.402084,365.98,11.7464,11.7464,1,35.2214,35.22131,1
7902200,4,2024-09-09T08:27:13Z,8.072699,66.402084,368.03,11.7304,11.7304,1,35.2214,35.22131,1
7902200,4,2024-09-09T08:27:13Z,8.072699,66.402084,370.0,11.7382,11.7382,1,35.2265,35.22641,1
7902200,4,2024-09-09T08:27:13Z,8.072699,66.402084,371.97,11.7482,11.7482,1,35.2313,35.2312,1
7902200,4,2024-09-09T08:27:13Z,8.072699,66.402084,374.02,11.742,11.742,1,35.2316,35.23151,1
7902200,4,2024-09-09T08:27:13Z,8.072699,66.402084,376.04,11.7557,11.7557,1,35.2416,35.24151,1
7902200,4,2024-09-09T08:27:13Z,8.072699,66.402084,378.01,11.7469,11.7469,1,35.245,35.24491,1
7902200,4,2024-09-09T08:27:13Z,8.072699,66.402084,380.04,11.6776,11.6776,1,35.2378,35.23771,1
7902200,4,2024-09-09T08:27:13Z,8.072699,66.402084,382.05,11.6211,11.6211,1,35.2314,35.2313,1
7902200,4,2024-09-09T08:27:13Z,8.072699,66.402084,384.0,11.6349,11.6349,1,35.2415,35.24141,1
7902200,4,2024-09-09T08:27:13Z,8.072699,66.402084,385.96,11.633,11.633,1,35.25,35.24991,1
7902200,4,2024-09-09T08:27:13Z,8.072699,66.402084,387.98,11.6251,11.6251,1,35.2556,35.25551,1
7902200,4,2024-09-09T08:27:13Z,8.072699,66.402084,389.99,11.6066,11.6066,1,35.2557,35.25561,1
7902200,4,2024-09-09T08:27:13Z,8.072699,66.402084,391.99,11.5509,11.5509,1,35.2452,35.24511,1
7902200,4,2024-09-09T08:27:13Z,8.072699,66.402084,394.0,11.5405,11.5405,1,35.2452,35.24511,1
7902200,4,2024-09-09T08:27:13Z,8.072699,66.402084,395.95,11.5507,11.5507,1,35.2527,35.25261,1
7902200,4,2024-09-09T08:27:13Z,8.072699,66.402084,397.97,11.5559,11.5559,1,35.2585,35.25841,1
7902200,4,2024-09-09T08:27:13Z,8.072699,66.402084,399.98,11.5496,11.5496,1,35.2597,35.25961,1
7902200,4,2024-09-09T08:27:13Z,8.072699,66.402084,401.95,11.5368,11.5368,1,35.2588,35.25871,1
7902200,4,2024-09-09T08:27:13Z,8.072699,66.402084,403.98,11.5283,11.5283,1,35.2581,35.25801,1
7902200,4,2024-09-09T08:27:13Z,8.072699,66.402084,406.0,11.5063,11.5063,1,35.2607,35.26061,1
7902200,4,2024-09-09T08:27:13Z,8.072699,66.402084,408.01,11.5042,11.5042,1,35.262,35.26191,1
7902200,4,2024-09-09T08:27:13Z,8.072699,66.402084,410.02,11.5031,11.5031,1,35.2633,35.26321,1
7902200,4,2024-09-09T08:27:13Z,8.072699,66.402084,412.04,11.4935,11.4935,1,35.2666,35.26651,1
7902200,4,2024-09-09T08:27:13Z,8.072699,66.402084,414.05,11.4849,11.4849,1,35.2681,35.26801,1
7902200,4,2024-09-09T08:27:13Z,8.072699,66.402084,416.01,11.4706,11.4706,1,35.2667,35.26661,1
7902200,4,2024-09-09T08:27:13Z,8.072699,66.402084,418.01,11.4625,11.4625,1,35.266,35.26591,1
7902200,4,2024-09-09T08:27:13Z,8.072699,66.402084,419.99,11.4547,11.4547,1,35.2663,35.26621,1
7902200,4,2024-09-09T08:27:13Z,8.072699,66.402084,421.96,11.4442,11.4442,1,35.267,35.26691,1
7902200,4,2024-09-09T08:27:13Z,8.072699,66.402084,423.99,11.4351,11.4351,1,35.2697,35.26961,1
7902200,4,2024-09-09T08:27:13Z,8.072699,66.402084,426.02,11.4212,11.4212,1,35.2689,35.26881,1
7902200,4,2024-09-09T08:27:13Z,8.072699,66.402084,428.02,11.4035,11.4035,1,35.2688,35.26871,1
7902200,4,2024-09-09T08:27:13Z,8.072699,66.402084,429.99,11.3913,11.3913,1,35.2689,35.26881,1
7902200,4,2024-09-09T08:27:13Z,8.072699,66.402084,431.95,11.3703,11.3703,1,35.27,35.26991,1
7902200,4,2024-09-09T08:27:13Z,8.072699,66.402084,433.95,11.3523,11.3523,1,35.272,35.27191,1
7902200,4,2024-09-09T08:27:13Z,8.072699,66.402084,435.95,11.3448,11.3448,1,35.2711,35.27101,1
7902200,4,2024-09-09T08:27:13Z,8.072699,66.402084,437.98,11.3399,11.3399,1,35.2712,35.27111,1
7902200,4,2024-09-09T08:27:13Z,8.072699,66.402084,440.01,11.3336,11.3336,1,35.272,35.27191,1
7902200,4,2024-09-09T08:27:13Z,8.072699,66.402084,442.0,11.3281,11.3281,1,35.2725,35.27241,1
7902200,4,2024-09-09T08:27:13Z,8.072699,66.402084,444.03,11.309,11.309,1,35.2721,35.27201,1
7902200,4,2024-09-09T08:27:13Z,8.072699,66.402084,446.04,11.3048,11.3048,1,35.2732,35.27311,1
7902200,4,2024-09-09T08:27:13Z,8.072699,66.402084,448.04,11.2985,11.2985,1,35.2726,35.27251,1
7902200,4,2024-09-09T08:27:13Z,8.072699,66.402084,450.02,11.278,11.278,1,35.2715,35.27141,1
7902200,4,2024-09-09T08:27:13Z,8.072699,66.402084,451.96,11.2274,11.2274,1,35.2648,35.26471,1
7902200,4,2024-09-09T08:27:13Z,8.072699,66.402084,453.95,11.2001,11.2001,1,35.262,35.26191,1
7902200,4,2024-09-09T08:27:13Z,8.072699,66.402084,455.97,11.1892,11.1892,1,35.2626,35.26251,1
7902200,4,2024-09-09T08:27:13Z,8.072699,66.402084,457.98,11.1904,11.1904,1,35.2658,35.26571,1
7902200,4,2024-09-09T08:27:13Z,8.072699,66.402084,460.0,11.1956,11.1956,1,35.2695,35.26941,1
7902200,4,2024-09-09T08:27:13Z,8.072699,66.402084,462.0,11.2018,11.2018,1,35.2742,35.27411,1
7902200,4,2024-09-09T08:27:13Z,8.072699,66.402084,464.0,11.1656,11.1656,1,35.2691,35.26901,1
7902200,4,2024-09-09T08:27:13Z,8.072699,66.402084,466.0,11.1,11.1,1,35.2633,35.26321,1
7902200,4,2024-09-09T08:27:13Z,8.072699,66.402084,468.02,11.0874,11.0874,1,35.2623,35.26221,1
7902200,4,2024-09-09T08:27:13Z,8.072699,66.402084,470.03,11.0619,11.0619,1,35.2582,35.25811,1
7902200,4,2024-09-09T08:27:13Z,8.072699,66.402084,472.0,10.9909,10.9909,1,35.2541,35.25401,1
7902200,4,2024-09-09T08:27:13Z,8.072699,66.402084,473.98,10.9852,10.9852,1,35.2553,35.25521,1
7902200,4,2024-09-09T08:27:13Z,8.072699,66.402084,475.98,10.9813,10.9813,1,35.2571,35.25701,1
7902200,4,2024-09-09T08:27:13Z,8.072699,66.402084,477.96,10.9838,10.9838,1,35.2584,35.2583,1
7902200,4,2024-09-09T08:27:13Z,8.072699,66.402084,479.98,10.9708,10.9708,1,35.2568,35.25671,1
7902200,4,2024-09-09T08:27:13Z,8.072699,66.402084,481.96,10.9622,10.9622,1,35.2554,35.25531,1
7902200,4,2024-09-09T08:27:13Z,8.072699,66.402084,483.95,10.9519,10.9519,1,35.2569,35.25681,1
7902200,4,2024-09-09T08:27:13Z,8.072699,66.402084,485.98,10.9528,10.9528,1,35.2603,35.26021,1
7902200,4,2024-09-09T08:27:13Z,8.072699,66.402084,487.98,10.9533,10.9533,1,35.2648,35.26471,1
7902200,4,2024-09-09T08:27:13Z,8.072699,66.402084,489.96,10.947,10.947,1,35.2691,35.26901,1
7902200,4,2024-09-09T08:27:13Z,8.072699,66.402084,491.99,10.9305,10.9305,1,35.2692,35.26911,1
7902200,4,2024-09-09T08:27:13Z,8.072699,66.402084,494.02,10.8947,10.8947,1,35.2664,35.26631,1
7902200,4,2024-09-09T08:27:13Z,8.072699,66.402084,496.02,10.8677,10.8677,1,35.2636,35.26351,1
7902200,4,2024-09-09T08:27:13Z,8.072699,66.402084,498.03,10.8888,10.8888,1,35.2738,35.27371,1
7902200,4,2024-09-09T08:27:13Z,8.072699,66.402084,500.03,10.8787,10.8787,1,35.2748,35.27471,1
7902200,4,2024-09-09T08:27:13Z,8.072699,66.402084,502.02,10.8735,10.8735,1,35.2758,35.27571,1
7902200,4,2024-09-09T08:27:13Z,8.072699,66.402084,504.02,10.8695,10.8695,1,35.2771,35.27701,1
7902200,4,2024-09-09T08:27:13Z,8.072699,66.402084,506.03,10.8663,10.8663,1,35.2778,35.27771,1
7902200,4,2024-09-09T08:27:13Z,8.072699,66.402084,508.03,10.8646,10.8646,1,35.2778,35.27771,1
7902200,4,2024-09-09T08:27:13Z,8.072699,66.402084,510.0,10.8633,10.8633,1,35.2777,35.27761,1
7902200,4,2024-09-09T08:27:13Z,8.072699,66.402084,512.03,10.8591,10.8591,1,35.278,35.27791,1
7902200,4,2024-09-09T08:27:13Z,8.072699,66.402084,514.01,10.8536,10.8536,1,35.2789,35.27881,1
7902200,4,2024-09-09T08:27:13Z,8.072699,66.402084,515.98,10.8513,10.8513,1,35.2803,35.28021,1
7902200,4,2024-09-09T08:27:13Z,8.072699,66.402084,518.0,10.8477,10.8477,1,35.2803,35.28021,1
7902200,4,2024-09-09T08:27:13Z,8.072699,66.402084,520.02,10.835,10.835,1,35.2792,35.27911,1
7902200,4,2024-09-09T08:27:13Z,8.072699,66.402084,522.03,10.8172,10.8172,1,35.2776,35.27751,1
7902200,4,2024-09-09T08:27:13Z,8.072699,66.402084,524.02,10.8125,10.8125,1,35.2783,35.27821,1
7902200,4,2024-09-09T08:27:13Z,8.072699,66.402084,526.01,10.8061,10.8061,1,35.2784,35.27831,1
7902200,4,2024-09-09T08:27:13Z,8.072699,66.402084,527.99,10.7931,10.7931,1,35.277,35.27691,1
7902200,4,2024-09-09T08:27:13Z,8.072699,66.402084,529.96,10.7824,10.7824,1,35.2758,35.27571,1
7902200,4,2024-09-09T08:27:13Z,8.072699,66.402084,531.98,10.7476,10.7476,1,35.2734,35.27331,1
7902200,4,2024-09-09T08:27:13Z,8.072699,66.402084,534.0,10.7076,10.7076,1,35.2707,35.27061,1
7902200,4,2024-09-09T08:27:13Z,8.072699,66.402084,535.98,10.6972,10.6972,1,35.2699,35.26981,1
7902200,4,2024-09-09T08:27:13Z,8.072699,66.402084,538.0,10.6841,10.6841,1,35.2706,35.27051,1
7902200,4,2024-09-09T08:27:13Z,8.072699,66.402084,540.02,10.6691,10.6691,1,35.2697,35.26961,1
7902200,4,2024-09-09T08:27:13Z,8.072699,66.402084,541.97,10.6559,10.6559,1,35.2686,35.26851,1
7902200,4,2024-09-09T08:27:13Z,8.072699,66.402084,544.0,10.6411,10.6411,1,35.2683,35.26821,1
7902200,4,2024-09-09T08:27:13Z,8.072699,66.402084,545.99,10.6182,10.6182,1,35.2697,35.26961,1
7902200,4,2024-09-09T08:27:13Z,8.072699,66.402084,547.96,10.6061,10.6061,1,35.2733,35.2732,1
7902200,4,2024-09-09T08:27:13Z,8.072699,66.402084,549.96,10.6078,10.6078,1,35.275,35.27491,1
7902200,4,2024-09-09T08:27:13Z,8.072699,66.402084,551.95,10.6133,10.6133,1,35.2771,35.27701,1
7902200,4,2024-09-09T08:27:13Z,8.072699,66.402084,553.98,10.6232,10.6232,1,35.2825,35.28241,1
7902200,4,2024-09-09T08:27:13Z,8.072699,66.402084,555.98,10.6162,10.6162,1,35.2846,35.28451,1
7902200,4,2024-09-09T08:27:13Z,8.072699,66.402084,557.97,10.6161,10.6161,1,35.2851,35.28501,1
7902200,4,2024-09-09T08:27:13Z,8.072699,66.402084,560.01,10.6052,10.6052,1,35.2845,35.28441,1
7902200,4,2024-09-09T08:27:13Z,8.072699,66.402084,562.02,10.5826,10.5826,1,35.2822,35.28211,1
7902200,4,2024-09-09T08:27:13Z,8.072699,66.402084,564.01,10.5798,10.5798,1,35.2836,35.28351,1
7902200,4,2024-09-09T08:27:13Z,8.072699,66.402084,566.01,10.5739,10.5739,1,35.2852,35.28511,1
7902200,4,2024-09-09T08:27:13Z,8.072699,66.402084,567.99,10.5622,10.5622,1,35.2856,35.28551,1
7902200,4,2024-09-09T08:27:13Z,8.072699,66.402084,569.99,10.5405,10.5405,1,35.2873,35.28721,1
7902200,4,2024-09-09T08:27:13Z,8.072699,66.402084,571.99,10.5248,10.5248,1,35.2874,35.28731,1
7902200,4,2024-09-09T08:27:13Z,8.072699,66.402084,573.96,10.5222,10.5222,1,35.2869,35.28681,1
7902200,4,2024-09-09T08:27:13Z,8.072699,66.402084,575.97,10.5149,10.5149,1,35.287,35.28691,1
7902200,4,2024-09-09T08:27:13Z,8.072699,66.402084,577.99,10.5043,10.5043,1,35.2865,35.28641,1
7902200,4,2024-09-09T08:27:13Z,8.072699,66.402084,580.03,10.4897,10.4897,1,35.2861,35.28601,1
7902200,4,2024-09-09T08:27:13Z,8.072699,66.402084,582.02,10.4656,10.4656,1,35.2853,35.28521,1
7902200,4,2024-09-09T08:27:13Z,8.072699,66.402084,584.0,10.4536,10.4536,1,35.285,35.28491,1
7902200,4,2024-09-09T08:27:13Z,8.072699,66.402084,585.99,10.4418,10.4418,1,35.2852,35.28511,1
7902200,4,2024-09-09T08:27:13Z,8.072699,66.402084,587.96,10.4321,10.4321,1,35.2858,35.28571,1
7902200,4,2024-09-09T08:27:13Z,8.072699,66.402084,589.96,10.4274,10.4274,1,35.2847,35.28461,1
7902200,4,2024-09-09T08:27:13Z,8.072699,66.402084,591.97,10.4205,10.4205,1,35.2834,35.28331,1
7902200,4,2024-09-09T08:27:13Z,8.072699,66.402084,593.98,10.4026,10.4026,1,35.282,35.28191,1
7902200,4,2024-09-09T08:27:13Z,8.072699,66.402084,596.0,10.3811,10.3811,1,35.2808,35.28071,1
7902200,4,2024-09-09T08:27:13Z,8.072699,66.402084,598.0,10.363,10.363,1,35.2813,35.28121,1
7902200,4,2024-09-09T08:27:13Z,8.072699,66.402084,600.0,10.3397,10.3397,1,35.2802,35.28011,1
7902200,4,2024-09-09T08:27:13Z,8.072699,66.402084,602.01,10.3335,10.3335,1,35.281,35.28091,1
7902200,4,2024-09-09T08:27:13Z,8.072699,66.402084,604.01,10.3304,10.3304,1,35.2798,35.27971,1
7902200,4,2024-09-09T08:27:13Z,8.072699,66.402084,606.03,10.3222,10.3222,1,35.28,35.27991,1
7902200,4,2024-09-09T08:27:13Z,8.072699,66.402084,608.03,10.3103,10.3103,1,35.2775,35.2774,1
7902200,4,2024-09-09T08:27:13Z,8.072699,66.402084,610.03,10.2837,10.2837,1,35.2761,35.276,1
7902200,4,2024-09-09T08:27:13Z,8.072699,66.402084,612.02,10.2724,10.2724,1,35.2755,35.27541,1
7902200,4,2024-09-09T08:27:13Z,8.072699,66.402084,614.05,10.2628,10.2628,1,35.275,35.27491,1
7902200,4,2024-09-09T08:27:13Z,8.072699,66.402084,616.0,10.2552,10.2552,1,35.2739,35.27381,1
7902200,4,2024-09-09T08:27:13Z,8.072699,66.402084,617.99,10.2351,10.2351,1,35.2725,35.27241,1
7902200,4,2024-09-09T08:27:13Z,8.072699,66.402084,620.01,10.204,10.204,1,35.2709,35.27081,1
7902200,4,2024-09-09T08:27:13Z,8.072699,66.402084,622.02,10.1905,10.1905,1,35.2697,35.26961,1
7902200,4,2024-09-09T08:27:13Z,8.072699,66.402084,624.01,10.1773,10.1773,1,35.2691,35.269,1
7902200,4,2024-09-09T08:27:13Z,8.072699,66.402084,626.0,10.1577,10.1577,1,35.2672,35.26711,1
7902200,4,2024-09-09T08:27:13Z,8.072699,66.402084,628.05,10.1366,10.1366,1,35.2663,35.2662,1
7902200,4,2024-09-09T08:27:13Z,8.072699,66.402084,630.01,10.1154,10.1154,1,35.2643,35.26421,1
7902200,4,2024-09-09T08:27:13Z,8.072699,66.402084,631.97,10.1112,10.1112,1,35.2645,35.2644,1
7902200,4,2024-09-09T08:27:13Z,8.072699,66.402084,634.0,10.1102,10.1102,1,35.2642,35.26411,1
7902200,4,2024-09-09T08:27:13Z,8.072699,66.402084,636.0,10.1075,10.1075,1,35.2636,35.2635,1
7902200,4,2024-09-09T08:27:13Z,8.072699,66.402084,638.01,10.0994,10.0994,1,35.2631,35.263,1
7902200,4,2024-09-09T08:27:13Z,8.072699,66.402084,640.05,10.0982,10.0982,1,35.2666,35.26651,1
7902200,4,2024-09-09T08:27:13Z,8.072699,66.402084,642.04,10.0805,10.0805,1,35.2657,35.26561,1
7902200,4,2024-09-09T08:27:13Z,8.072699,66.402084,644.0,10.0685,10.0685,1,35.2644,35.26431,1
7902200,4,2024-09-09T08:27:13Z,8.072699,66.402084,646.0,10.0617,10.0617,1,35.2645,35.2644,1
7902200,4,2024-09-09T08:27:13Z,8.072699,66.402084,648.03,10.0544,10.0544,1,35.264,35.2639,1
7902200,4,2024-09-09T08:27:13Z,8.072699,66.402084,650.02,10.0222,10.0222,1,35.2612,35.2611,1
7902200,4,2024-09-09T08:27:13Z,8.072699,66.402084,652.03,9.9938,9.9938,1,35.2601,35.26001,1
7902200,4,2024-09-09T08:27:13Z,8.072699,66.402084,654.0,9.9833,9.9833,1,35.2595,35.2594,1
7902200,4,2024-09-09T08:27:13Z,8.072699,66.402084,655.96,9.9757,9.9757,1,35.2581,35.258,1
7902200,4,2024-09-09T08:27:13Z,8.072699,66.402084,657.98,9.9456,9.9456,1,35.2563,35.25621,1
7902200,4,2024-09-09T08:27:13Z,8.072699,66.402084,660.02,9.9148,9.9148,1,35.2546,35.25451,1
7902200,4,2024-09-09T08:27:13Z,8.072699,66.402084,662.02,9.8897,9.8897,1,35.2528,35.2527,1
7902200,4,2024-09-09T08:27:13Z,8.072699,66.402084,664.02,9.8707,9.8707,1,35.2512,35.2511,1
7902200,4,2024-09-09T08:27:13Z,8.072699,66.402084,666.03,9.8632,9.8632,1,35.2505,35.2504,1
7902200,4,2024-09-09T08:27:13Z,8.072699,66.402084,668.04,9.8567,9.8567,1,35.2493,35.2492,1
7902200,4,2024-09-09T08:27:13Z,8.072699,66.402084,670.04,9.8053,9.8053,1,35.246,35.2459,1
7902200,4,2024-09-09T08:27:13Z,8.072699,66.402084,672.02,9.7731,9.7731,1,35.2421,35.242,1
7902200,4,2024-09-09T08:27:13Z,8.072699,66.402084,674.0,9.7472,9.7472,1,35.24,35.2399,1
7902200,4,2024-09-09T08:27:13Z,8.072699,66.402084,676.0,9.7175,9.7175,1,35.2401,35.24,1
7902200,4,2024-09-09T08:27:13Z,8.072699,66.402084,677.99,9.6948,9.6948,1,35.2386,35.2385,1
7902200,4,2024-09-09T08:27:13Z,8.072699,66.402084,680.0,9.664,9.664,1,35.2364,35.2363,1
7902200,4,2024-09-09T08:27:13Z,8.072699,66.402084,682.0,9.6324,9.6324,1,35.233,35.2329,1
7902200,4,2024-09-09T08:27:13Z,8.072699,66.402084,684.0,9.6182,9.6182,1,35.2314,35.2313,1
7902200,4,2024-09-09T08:27:13Z,8.072699,66.402084,686.0,9.6058,9.6058,1,35.2304,35.2303,1
7902200,4,2024-09-09T08:27:13Z,8.072699,66.402084,688.0,9.594,9.594,1,35.2295,35.2294,1
7902200,4,2024-09-09T08:27:13Z,8.072699,66.402084,690.0,9.5866,9.5866,1,35.2283,35.2282,1
7902200,4,2024-09-09T08:27:13Z,8.072699,66.402084,692.01,9.568,9.568,1,35.2275,35.2274,1
7902200,4,2024-09-09T08:27:13Z,8.072699,66.402084,694.0,9.537,9.537,1,35.2255,35.2254,1
7902200,4,2024-09-09T08:27:13Z,8.072699,66.402084,695.98,9.5159,9.5159,1,35.2234,35.2233,1
7902200,4,2024-09-09T08:27:13Z,8.072699,66.402084,697.97,9.4776,9.4776,1,35.2213,35.2212,1
7902200,4,2024-09-09T08:27:13Z,8.072699,66.402084,700.0,9.437,9.437,1,35.2178,35.2177,1
7902200,4,2024-09-09T08:27:13Z,8.072699,66.402084,702.03,9.3875,9.3875,1,35.2143,35.2142,1
7902200,4,2024-09-09T08:27:13Z,8.072699,66.402084,704.0,9.3767,9.3767,1,35.2139,35.2138,1
7902200,4,2024-09-09T08:27:13Z,8.072699,66.402084,705.95,9.3588,9.3588,1,35.2145,35.2144,1
7902200,4,2024-09-09T08:27:13Z,8.072699,66.402084,707.97,9.3299,9.3299,1,35.2159,35.2158,1
7902200,4,2024-09-09T08:27:13Z,8.072699,66.402084,709.98,9.2985,9.2985,1,35.2153,35.2152,1
7902200,4,2024-09-09T08:27:13Z,8.072699,66.402084,712.0,9.2864,9.2864,1,35.2147,35.2146,1
7902200,4,2024-09-09T08:27:13Z,8.072699,66.402084,714.02,9.2751,9.2751,1,35.2137,35.2136,1
7902200,4,2024-09-09T08:27:13Z,8.072699,66.402084,716.01,9.2541,9.2541,1,35.2121,35.212,1
7902200,4,2024-09-09T08:27:13Z,8.072699,66.402084,718.01,9.2464,9.2464,1,35.2122,35.2121,1
7902200,4,2024-09-09T08:27:13Z,8.072699,66.402084,720.02,9.2397,9.2397,1,35.2121,35.212,1
7902200,4,2024-09-09T08:27:13Z,8.072699,66.402084,722.0,9.2284,9.2284,1,35.2126,35.2125,1
7902200,4,2024-09-09T08:27:13Z,8.072699,66.402084,724.01,9.2276,9.2276,1,35.2126,35.2125,1
7902200,4,2024-09-09T08:27:13Z,8.072699,66.402084,726.04,9.2272,9.2272,1,35.2129,35.2128,1
7902200,4,2024-09-09T08:27:13Z,8.072699,66.402084,728.02,9.2266,9.2266,1,35.2127,35.2126,1
7902200,4,2024-09-09T08:27:13Z,8.072699,66.402084,730.0,9.2187,9.2187,1,35.2117,35.2116,1
7902200,4,2024-09-09T08:27:13Z,8.072699,66.402084,731.99,9.1962,9.1962,1,35.2105,35.2104,1
7902200,4,2024-09-09T08:27:13Z,8.072699,66.402084,733.98,9.1739,9.1739,1,35.2091,35.209,1
7902200,4,2024-09-09T08:27:13Z,8.072699,66.402084,736.02,9.1568,9.1568,1,35.2079,35.2078,1
7902200,4,2024-09-09T08:27:13Z,8.072699,66.402084,737.99,9.1435,9.1435,1,35.2066,35.2065,1
7902200,4,2024-09-09T08:27:13Z,8.072699,66.402084,739.95,9.1228,9.1228,1,35.2051,35.205,1
7902200,4,2024-09-09T08:27:13Z,8.072699,66.402084,741.98,9.1025,9.1025,1,35.2044,35.2043,1
7902200,4,2024-09-09T08:27:13Z,8.072699,66.402084,744.01,9.0895,9.0895,1,35.204,35.2039,1
7902200,4,2024-09-09T08:27:13Z,8.072699,66.402084,745.98,9.0787,9.0787,1,35.2029,35.2028,1
7902200,4,2024-09-09T08:27:13Z,8.072699,66.402084,748.01,9.0729,9.0729,1,35.2024,35.2023,1
7902200,4,2024-09-09T08:27:13Z,8.072699,66.402084,750.04,9.0644,9.0644,1,35.2012,35.2011,1
7902200,4,2024-09-09T08:27:13Z,8.072699,66.402084,751.99,9.0501,9.0501,1,35.2003,35.2002,1
7902200,4,2024-09-09T08:27:13Z,8.072699,66.402084,753.97,9.0265,9.0265,1,35.1984,35.1983,1
7902200,4,2024-09-09T08:27:13Z,8.072699,66.402084,755.95,9.0126,9.0126,1,35.1975,35.1974,1
7902200,4,2024-09-09T08:27:13Z,8.072699,66.402084,757.98,9.003,9.003,1,35.196,35.1959,1
7902200,4,2024-09-09T08:27:13Z,8.072699,66.402084,760.01,8.9889,8.9889,1,35.1947,35.1946,1
7902200,4,2024-09-09T08:27:13Z,8.072699,66.402084,762.03,8.9818,8.9818,1,35.1939,35.1938,1
7902200,4,2024-09-09T08:27:13Z,8.072699,66.402084,764.01,8.9708,8.9708,1,35.1926,35.1925,1
7902200,4,2024-09-09T08:27:13Z,8.072699,66.402084,765.99,8.948,8.948,1,35.1908,35.1907,1
7902200,4,2024-09-09T08:27:13Z,8.072699,66.402084,768.02,8.9342,8.9342,1,35.1894,35.1893,1
7902200,4,2024-09-09T08:27:13Z,8.072699,66.402084,770.05,8.9191,8.9191,1,35.188,35.1879,1
7902200,4,2024-09-09T08:27:13Z,8.072699,66.402084,772.03,8.8848,8.8848,1,35.1851,35.185,1
7902200,4,2024-09-09T08:27:13Z,8.072699,66.402084,774.02,8.8718,8.8718,1,35.1837,35.1836,1
7902200,4,2024-09-09T08:27:13Z,8.072699,66.402084,776.02,8.8661,8.8661,1,35.1833,35.1832,1
7902200,4,2024-09-09T08:27:13Z,8.072699,66.402084,777.97,8.8626,8.8626,1,35.1828,35.1827,1
7902200,4,2024-09-09T08:27:13Z,8.072699,66.402084,779.98,8.8602,8.8602,1,35.1824,35.1823,1
7902200,4,2024-09-09T08:27:13Z,8.072699,66.402084,781.99,8.8541,8.8541,1,35.1811,35.181,1
7902200,4,2024-09-09T08:27:13Z,8.072699,66.402084,784.02,8.8339,8.8339,1,35.1798,35.1797,1
7902200,4,2024-09-09T08:27:13Z,8.072699,66.402084,786.05,8.8176,8.8176,1,35.1782,35.1781,1
7902200,4,2024-09-09T08:27:13Z,8.072699,66.402084,788.02,8.8065,8.8065,1,35.177,35.1769,1
7902200,4,2024-09-09T08:27:13Z,8.072699,66.402084,789.99,8.7967,8.7967,1,35.1765,35.1764,1
7902200,4,2024-09-09T08:27:13Z,8.072699,66.402084,791.98,8.7869,8.7869,1,35.1748,35.1747,1
7902200,4,2024-09-09T08:27:13Z,8.072699,66.402084,794.03,8.7759,8.7759,1,35.174,35.1739,1
7902200,4,2024-09-09T08:27:13Z,8.072699,66.402084,796.05,8.7541,8.7541,1,35.1726,35.1725,1
7902200,4,2024-09-09T08:27:13Z,8.072699,66.402084,798.02,8.7342,8.7342,1,35.1706,35.1705,1
7902200,4,2024-09-09T08:27:13Z,8.072699,66.402084,800.02,8.7185,8.7185,1,35.1693,35.1692,1
7902200,4,2024-09-09T08:27:13Z,8.072699,66.402084,802.03,8.693,8.693,1,35.1668,35.1667,1
7902200,4,2024-09-09T08:27:13Z,8.072699,66.402084,804.0,8.672,8.672,1,35.1647,35.1646,1
7902200,4,2024-09-09T08:27:13Z,8.072699,66.402084,806.0,8.662,8.662,1,35.1635,35.1634,1
7902200,4,2024-09-09T08:27:13Z,8.072699,66.402084,808.01,8.6546,8.6546,1,35.1628,35.1627,1
7902200,4,2024-09-09T08:27:13Z,8.072699,66.402084,810.0,8.6435,8.6435,1,35.1619,35.1618,1
7902200,4,2024-09-09T08:27:13Z,8.072699,66.402084,812.05,8.6315,8.6315,1,35.1603,35.1602,1
7902200,4,2024-09-09T08:27:13Z,8.072699,66.402084,814.03,8.6232,8.6232,1,35.1598,35.1597,1
7902200,4,2024-09-09T08:27:13Z,8.072699,66.402084,815.97,8.6217,8.6217,1,35.1599,35.1598,1
7902200,4,2024-09-09T08:27:13Z,8.072699,66.402084,817.97,8.6182,8.6182,1,35.1591,35.159,1
7902200,4,2024-09-09T08:27:13Z,8.072699,66.402084,820.01,8.6092,8.6092,1,35.1584,35.1583,1
7902200,4,2024-09-09T08:27:13Z,8.072699,66.402084,821.99,8.5947,8.5947,1,35.1566,35.1565,1
7902200,4,2024-09-09T08:27:13Z,8.072699,66.402084,824.0,8.5835,8.5835,1,35.1549,35.1548,1
7902200,4,2024-09-09T08:27:13Z,8.072699,66.402084,826.02,8.572,8.572,1,35.1539,35.1538,1
7902200,4,2024-09-09T08:27:13Z,8.072699,66.402084,827.99,8.5589,8.5589,1,35.153,35.1529,1
7902200,4,2024-09-09T08:27:13Z,8.072699,66.402084,830.0,8.5431,8.5431,1,35.1519,35.1518,1
7902200,4,2024-09-09T08:27:13Z,8.072699,66.402084,832.0,8.522,8.522,1,35.1513,35.1512,1
7902200,4,2024-09-09T08:27:13Z,8.072699,66.402084,833.98,8.5144,8.5144,1,35.1507,35.1506,1
7902200,4,2024-09-09T08:27:13Z,8.072699,66.402084,835.99,8.505,8.505,1,35.1512,35.1511,1
7902200,4,2024-09-09T08:27:13Z,8.072699,66.402084,838.01,8.4892,8.4892,1,35.1507,35.1506,1
7902200,4,2024-09-09T08:27:13Z,8.072699,66.402084,840.03,8.4828,8.4828,1,35.1502,35.1501,1
7902200,4,2024-09-09T08:27:13Z,8.072699,66.402084,842.0,8.4829,8.4829,1,35.1503,35.1502,1
7902200,4,2024-09-09T08:27:13Z,8.072699,66.402084,843.96,8.4753,8.4753,1,35.1493,35.1492,1
7902200,4,2024-09-09T08:27:13Z,8.072699,66.402084,845.98,8.4619,8.4619,1,35.1499,35.1498,1
7902200,4,2024-09-09T08:27:13Z,8.072699,66.402084,848.01,8.4544,8.4544,1,35.1492,35.1491,1
7902200,4,2024-09-09T08:27:13Z,8.072699,66.402084,849.97,8.4487,8.4487,1,35.1492,35.1491,1
7902200,4,2024-09-09T08:27:13Z,8.072699,66.402084,851.96,8.4448,8.4448,1,35.1487,35.1486,1
7902200,4,2024-09-09T08:27:13Z,8.072699,66.402084,853.99,8.4404,8.4404,1,35.1486,35.1485,1
7902200,4,2024-09-09T08:27:13Z,8.072699,66.402084,856.0,8.4394,8.4394,1,35.1483,35.1482,1
7902200,4,2024-09-09T08:27:13Z,8.072699,66.402084,858.01,8.4324,8.4324,1,35.1482,35.1481,1
7902200,4,2024-09-09T08:27:13Z,8.072699,66.402084,860.02,8.4129,8.4129,1,35.148,35.1479,1
7902200,4,2024-09-09T08:27:13Z,8.072699,66.402084,862.01,8.4051,8.4051,1,35.1479,35.1478,1
7902200,4,2024-09-09T08:27:13Z,8.072699,66.402084,864.0,8.3974,8.3974,1,35.147,35.1469,1
7902200,4,2024-09-09T08:27:13Z,8.072699,66.402084,865.97,8.3814,8.3814,1,35.1454,35.1453,1
7902200,4,2024-09-09T08:27:13Z,8.072699,66.402084,867.99,8.3542,8.3542,1,35.1431,35.143,1
7902200,4,2024-09-09T08:27:13Z,8.072699,66.402084,870.02,8.3251,8.3251,1,35.1403,35.1402,1
7902200,4,2024-09-09T08:27:13Z,8.072699,66.402084,871.97,8.295,8.295,1,35.1376,35.1375,1
7902200,4,2024-09-09T08:27:13Z,8.072699,66.402084,874.0,8.2628,8.2628,1,35.1353,35.1352,1
7902200,4,2024-09-09T08:27:13Z,8.072699,66.402084,876.03,8.2393,8.2393,1,35.1327,35.1326,1
7902200,4,2024-09-09T08:27:13Z,8.072699,66.402084,878.03,8.219,8.219,1,35.1307,35.1306,1
7902200,4,2024-09-09T08:27:13Z,8.072699,66.402084,880.0,8.2094,8.2094,1,35.1293,35.1292,1
7902200,4,2024-09-09T08:27:13Z,8.072699,66.402084,882.02,8.1976,8.1976,1,35.1281,35.12799,1
7902200,4,2024-09-09T08:27:13Z,8.072699,66.402084,884.01,8.1925,8.1925,1,35.1274,35.1273,1
7902200,4,2024-09-09T08:27:13Z,8.072699,66.402084,885.96,8.1872,8.1872,1,35.1265,35.1264,1
7902200,4,2024-09-09T08:27:13Z,8.072699,66.402084,887.99,8.1835,8.1835,1,35.1258,35.12569,1
7902200,4,2024-09-09T08:27:13Z,8.072699,66.402084,890.05,8.1748,8.1748,1,35.1247,35.1246,1
7902200,4,2024-09-09T08:27:13Z,8.072699,66.402084,892.03,8.1547,8.1547,1,35.1228,35.1227,1
7902200,4,2024-09-09T08:27:13Z,8.072699,66.402084,893.97,8.1241,8.1241,1,35.1202,35.12009,1
7902200,4,2024-09-09T08:27:13Z,8.072699,66.402084,895.97,8.103,8.103,1,35.1177,35.1176,1
7902200,4,2024-09-09T08:27:13Z,8.072699,66.402084,898.02,8.071,8.071,1,35.1151,35.11499,1
7902200,4,2024-09-09T08:27:13Z,8.072699,66.402084,900.03,8.0417,8.0417,1,35.1131,35.113,1
7902200,4,2024-09-09T08:27:13Z,8.072699,66.402084,902.01,8.0286,8.0286,1,35.1124,35.1123,1
7902200,4,2024-09-09T08:27:13Z,8.072699,66.402084,903.99,8.0172,8.0172,1,35.1115,35.1114,1
7902200,4,2024-09-09T08:27:13Z,8.072699,66.402084,905.97,8.0113,8.0113,1,35.1106,35.1105,1
7902200,4,2024-09-09T08:27:13Z,8.072699,66.402084,907.99,7.996,7.996,1,35.1095,35.10939,1
7902200,4,2024-09-09T08:27:13Z,8.072699,66.402084,910.0,7.9897,7.9897,1,35.1084,35.1083,1
7902200,4,2024-09-09T08:27:13Z,8.072699,66.402084,911.98,7.9827,7.9827,1,35.108,35.10789,1
7902200,4,2024-09-09T08:27:13Z,8.072699,66.402084,914.01,7.9604,7.9604,1,35.1076,35.10749,1
7902200,4,2024-09-09T08:27:13Z,8.072699,66.402084,916.0,7.947,7.947,1,35.1075,35.1074,1
7902200,4,2024-09-09T08:27:13Z,8.072699,66.402084,917.96,7.9376,7.9376,1,35.1094,35.10929,1
7902200,4,2024-09-09T08:27:13Z,8.072699,66.402084,920.0,7.926,7.926,1,35.1088,35.1087,1
7902200,4,2024-09-09T08:27:13Z,8.072699,66.402084,922.04,7.9158,7.9158,1,35.1083,35.1082,1
7902200,4,2024-09-09T08:27:13Z,8.072699,66.402084,923.99,7.9081,7.9081,1,35.1077,35.10759,1
7902200,4,2024-09-09T08:27:13Z,8.072699,66.402084,926.0,7.9004,7.9004,1,35.1073,35.1072,1
7902200,4,2024-09-09T08:27:13Z,8.072699,66.402084,928.04,7.8957,7.8957,1,35.106,35.1059,1
7902200,4,2024-09-09T08:27:13Z,8.072699,66.402084,930.04,7.8887,7.8887,1,35.1057,35.10559,1
7902200,4,2024-09-09T08:27:13Z,8.072699,66.402084,932.04,7.8797,7.8797,1,35.1052,35.10509,1
7902200,4,2024-09-09T08:27:13Z,8.072699,66.402084,934.04,7.8727,7.8727,1,35.1046,35.1045,1
7902200,4,2024-09-09T08:27:13Z,8.072699,66.402084,936.0,7.8549,7.8549,1,35.1034,35.10329,1
7902200,4,2024-09-09T08:27:13Z,8.072699,66.402084,937.94,7.8383,7.8383,1,35.1017,35.1016,1
7902200,4,2024-09-09T08:27:13Z,8.072699,66.402084,939.98,7.8171,7.8171,1,35.1008,35.1007,1
7902200,4,2024-09-09T08:27:13Z,8.072699,66.402084,942.02,7.8064,7.8064,1,35.1006,35.10049,1
7902200,4,2024-09-09T08:27:13Z,8.072699,66.402084,944.01,7.7986,7.7986,1,35.1003,35.1002,1
7902200,4,2024-09-09T08:27:13Z,8.072699,66.402084,945.98,7.7978,7.7978,1,35.1008,35.1007,1
7902200,4,2024-09-09T08:27:13Z,8.072699,66.402084,947.99,7.7969,7.7969,1,35.1026,35.10249,1
7902200,4,2024-09-09T08:27:13Z,8.072699,66.402084,950.03,7.8025,7.8025,1,35.1062,35.10609,1
7902200,4,2024-09-09T08:27:13Z,8.072699,66.402084,952.02,7.8054,7.8054,1,35.1089,35.1088,1
7902200,4,2024-09-09T08:27:13Z,8.072699,66.402084,954.01,7.8069,7.8069,1,35.1097,35.1096,1
7902200,4,2024-09-09T08:27:13Z,8.072699,66.402084,956.0,7.809,7.809,1,35.1107,35.1106,1
7902200,4,2024-09-09T08:27:13Z,8.072699,66.402084,957.98,7.8115,7.8115,1,35.1111,35.111,1
7902200,4,2024-09-09T08:27:13Z,8.072699,66.402084,960.0,7.8078,7.8078,1,35.1108,35.11069,1
7902200,4,2024-09-09T08:27:13Z,8.072699,66.402084,962.02,7.771,7.771,1,35.1084,35.1083,1
7902200,4,2024-09-09T08:27:13Z,8.072699,66.402084,964.01,7.7506,7.7506,1,35.1055,35.1054,1
7902200,4,2024-09-09T08:27:13Z,8.072699,66.402084,965.99,7.7245,7.7245,1,35.1022,35.1021,1
7902200,4,2024-09-09T08:27:13Z,8.072699,66.402084,968.04,7.6945,7.6945,1,35.0996,35.09949,1
7902200,4,2024-09-09T08:27:13Z,8.072699,66.402084,970.04,7.6558,7.6558,1,35.0963,35.0962,1
7902200,4,2024-09-09T08:27:13Z,8.072699,66.402084,971.99,7.6331,7.6331,1,35.0942,35.09409,1
7902200,4,2024-09-09T08:27:13Z,8.072699,66.402084,974.03,7.6247,7.6247,1,35.0933,35.09319,1
7902200,4,2024-09-09T08:27:13Z,8.072699,66.402084,976.07,7.6061,7.6061,1,35.0916,35.0915,1
7902200,4,2024-09-09T08:27:13Z,8.072699,66.402084,978.0,7.5936,7.5936,1,35.0903,35.09019,1
7902200,4,2024-09-09T08:27:13Z,8.072699,66.402084,980.0,7.5831,7.5831,1,35.0889,35.08879,1
7902200,4,2024-09-09T08:27:13Z,8.072699,66.402084,982.05,7.563,7.563,1,35.0877,35.08759,1
7902200,4,2024-09-09T08:27:13Z,8.072699,66.402084,984.04,7.528,7.528,1,35.0842,35.0841,1
7902200,4,2024-09-09T08:27:13Z,8.072699,66.402084,985.99,7.5051,7.5051,1,35.0821,35.08199,1
7902200,4,2024-09-09T08:27:13Z,8.072699,66.402084,987.97,7.4847,7.4847,1,35.0807,35.08059,1
7902200,4,2024-09-09T08:27:13Z,8.072699,66.402084,989.97,7.4774,7.4774,1,35.0803,35.08019,1
7902200,4,2024-09-09T08:27:13Z,8.072699,66.402084,991.97,7.472,7.472,1,35.08,35.0799,1
7902200,4,2024-09-09T08:27:13Z,8.072699,66.402084,993.96,7.4641,7.4641,1,35.0791,35.07899,1
7902200,4,2024-09-09T08:27:13Z,8.072699,66.402084,995.99,7.4468,7.4468,1,35.0776,35.0775,1
7902200,4,2024-09-09T08:27:13Z,8.072699,66.402084,998.0,7.4094,7.4094,1,35.0743,35.07419,1
7902200,4,2024-09-09T08:27:13Z,8.072699,66.402084,999.97,7.3791,7.3791,1,35.0709,35.07079,1
7902200,4,2024-09-09T08:27:13Z,8.072699,66.402084,1001.99,7.3759,7.3759,1,35.0705,35.07039,1
7902200,4,2024-09-09T08:27:13Z,8.072699,66.402084,1003.99,7.3706,7.3706,1,35.0699,35.06979,1
7902200,4,2024-09-09T08:27:13Z,8.072699,66.402084,1005.97,7.3645,7.3645,1,35.0691,35.06899,1
7902200,4,2024-09-09T08:27:13Z,8.072699,66.402084,1008.0,7.3553,7.3553,1,35.0679,35.06779,1
7902200,4,2024-09-09T08:27:13Z,8.072699,66.402084,1010.01,7.3392,7.3392,1,35.0659,35.06579,1
7902200,4,2024-09-09T08:27:13Z,8.072699,66.402084,1012.0,7.3085,7.3085,1,35.0638,35.06369,1
7902200,4,2024-09-09T08:27:13Z,8.072699,66.402084,1013.98,7.3013,7.3013,1,35.0642,35.06409,1
7902200,4,2024-09-09T08:27:13Z,8.072699,66.402084,1016.0,7.2908,7.2908,1,35.0633,35.06319,1
7902200,4,2024-09-09T08:27:13Z,8.072699,66.402084,1018.02,7.2489,7.2489,1,35.0587,35.05859,1
7902200,4,2024-09-09T08:27:13Z,8.072699,66.402084,1020.01,7.2247,7.2247,1,35.0554,35.05529,1
7902200,4,2024-09-09T08:27:13Z,8.072699,66.402084,1022.03,7.2095,7.2095,1,35.0539,35.05379,1
7902200,4,2024-09-09T08:27:13Z,8.072699,66.402084,1024.02,7.1911,7.1911,1,35.0524,35.05229,1
7902200,4,2024-09-09T08:27:13Z,8.072699,66.402084,1026.03,7.1815,7.1815,1,35.0522,35.05209,1
7902200,4,2024-09-09T08:27:13Z,8.072699,66.402084,1028.02,7.1592,7.1592,1,35.0496,35.04949,1
7902200,4,2024-09-09T08:27:13Z,8.072699,66.402084,1030.01,7.1346,7.1346,1,35.0471,35.04699,1
7902200,4,2024-09-09T08:27:13Z,8.072699,66.402084,1032.0,7.117,7.117,1,35.0453,35.04519,1
7902200,4,2024-09-09T08:27:13Z,8.072699,66.402084,1034.0,7.1059,7.1059,1,35.0444,35.04429,1
7902200,4,2024-09-09T08:27:13Z,8.072699,66.402084,1036.03,7.1002,7.1002,1,35.0438,35.04369,1
7902200,4,2024-09-09T08:27:13Z,8.072699,66.402084,1038.02,7.093,7.093,1,35.0429,35.04279,1
7902200,4,2024-09-09T08:27:13Z,8.072699,66.402084,1040.01,7.0688,7.0688,1,35.0419,35.04179,1
7902200,4,2024-09-09T08:27:13Z,8.072699,66.402084,1042.0,7.0486,7.0486,1,35.0408,35.04069,1
7902200,4,2024-09-09T08:27:13Z,8.072699,66.402084,1043.99,7.0355,7.0355,1,35.0409,35.04079,1
7902200,4,2024-09-09T08:27:13Z,8.072699,66.402084,1046.02,7.0315,7.0315,1,35.0413,35.04119,1
7902200,4,2024-09-09T08:27:13Z,8.072699,66.402084,1047.99,7.0194,7.0194,1,35.0401,35.03999,1
7902200,4,2024-09-09T08:27:13Z,8.072699,66.402084,1049.99,7.0044,7.0044,1,35.0393,35.03919,1
7902200,4,2024-09-09T08:27:13Z,8.072699,66.402084,1052.05,6.9729,6.9729,1,35.0375,35.03739,1
7902200,4,2024-09-09T08:27:13Z,8.072699,66.402084,1054.01,6.9556,6.9556,1,35.036,35.03589,1
7902200,4,2024-09-09T08:27:13Z,8.072699,66.402084,1055.98,6.9476,6.9476,1,35.0358,35.03569,1
7902200,4,2024-09-09T08:27:13Z,8.072699,66.402084,1057.98,6.9415,6.9415,1,35.0354,35.03529,1
7902200,4,2024-09-09T08:27:13Z,8.072699,66.402084,1059.99,6.9325,6.9325,1,35.035,35.03489,1
7902200,4,2024-09-09T08:27:13Z,8.072699,66.402084,1061.99,6.9186,6.9186,1,35.0336,35.03349,1
7902200,4,2024-09-09T08:27:13Z,8.072699,66.402084,1064.0,6.9091,6.9091,1,35.0329,35.03279,1
7902200,4,2024-09-09T08:27:13Z,8.072699,66.402084,1065.98,6.8921,6.8921,1,35.0311,35.03099,1
7902200,4,2024-09-09T08:27:13Z,8.072699,66.402084,1068.0,6.8756,6.8756,1,35.0297,35.02959,1
7902200,4,2024-09-09T08:27:13Z,8.072699,66.402084,1070.02,6.8715,6.8715,1,35.029,35.02889,1
7902200,4,2024-09-09T08:27:13Z,8.072699,66.402084,1072.02,6.8602,6.8602,1,35.028,35.02789,1
7902200,4,2024-09-09T08:27:13Z,8.072699,66.402084,1074.01,6.8428,6.8428,1,35.0266,35.02649,1
7902200,4,2024-09-09T08:27:13Z,8.072699,66.402084,1075.97,6.8271,6.8271,1,35.0255,35.02539,1
7902200,4,2024-09-09T08:27:13Z,8.072699,66.402084,1077.97,6.8007,6.8007,1,35.0237,35.02359,1
7902200,4,2024-09-09T08:27:13Z,8.072699,66.402084,1080.0,6.796,6.796,1,35.0244,35.02429,1
7902200,4,2024-09-09T08:27:13Z,8.072699,66.402084,1082.0,6.799,6.799,1,35.0267,35.02659,1
7902200,4,2024-09-09T08:27:13Z,8.072699,66.402084,1084.0,6.794,6.794,1,35.027,35.02689,1
7902200,4,2024-09-09T08:27:13Z,8.072699,66.402084,1086.0,6.7884,6.7884,1,35.0266,35.02649,1
7902200,4,2024-09-09T08:27:13Z,8.072699,66.402084,1087.96,6.788,6.788,1,35.0267,35.02659,1
7902200,4,2024-09-09T08:27:13Z,8.072699,66.402084,1089.97,6.7805,6.7805,1,35.0266,35.02649,1
7902200,4,2024-09-09T08:27:13Z,8.072699,66.402084,1092.0,6.768,6.768,1,35.0258,35.02569,1
7902200,4,2024-09-09T08:27:13Z,8.072699,66.402084,1093.99,6.7608,6.7608,1,35.025,35.02489,1
7902200,4,2024-09-09T08:27:13Z,8.072699,66.402084,1096.01,6.7574,6.7574,1,35.0253,35.02519,1
7902200,4,2024-09-09T08:27:13Z,8.072699,66.402084,1098.02,6.7425,6.7425,1,35.0251,35.02499,1
7902200,4,2024-09-09T08:27:13Z,8.072699,66.402084,1099.98,6.7298,6.7298,1,35.0242,35.02409,1
7902200,4,2024-09-09T08:27:13Z,8.072699,66.402084,1101.99,6.7112,6.7112,1,35.0223,35.02219,1
7902200,4,2024-09-09T08:27:13Z,8.072699,66.402084,1104.03,6.6824,6.6824,1,35.0201,35.01999,1
7902200,4,2024-09-09T08:27:13Z,8.072699,66.402084,1106.01,6.6761,6.6761,1,35.0192,35.01909,1
7902200,4,2024-09-09T08:27:13Z,8.072699,66.402084,1108.0,6.6724,6.6724,1,35.0189,35.01879,1
7902200,4,2024-09-09T08:27:13Z,8.072699,66.402084,1110.03,6.6662,6.6662,1,35.0194,35.01929,1
7902200,4,2024-09-09T08:27:13Z,8.072699,66.402084,1112.01,6.6597,6.6597,1,35.019,35.01889,1
7902200,4,2024-09-09T08:27:13Z,8.072699,66.402084,1114.01,6.6534,6.6534,1,35.019,35.01889,1
7902200,4,2024-09-09T08:27:13Z,8.072699,66.402084,1116.02,6.6446,6.6446,1,35.0185,35.01839,1
7902200,4,2024-09-09T08:27:13Z,8.072699,66.402084,1118.03,6.6357,6.6357,1,35.0182,35.01809,1
7902200,4,2024-09-09T08:27:13Z,8.072699,66.402084,1120.04,6.6205,6.6205,1,35.0175,35.01739,1
7902200,4,2024-09-09T08:27:13Z,8.072699,66.402084,1122.0,6.6103,6.6103,1,35.0174,35.01729,1
7902200,4,2024-09-09T08:27:13Z,8.072699,66.402084,1123.99,6.6088,6.6088,1,35.0186,35.01849,1
7902200,4,2024-09-09T08:27:13Z,8.072699,66.402084,1126.02,6.6024,6.6024,1,35.0185,35.01839,1
7902200,4,2024-09-09T08:27:13Z,8.072699,66.402084,1127.99,6.5962,6.5962,1,35.0171,35.01699,1
7902200,4,2024-09-09T08:27:13Z,8.072699,66.402084,1129.99,6.5836,6.5836,1,35.0157,35.01559,1
7902200,4,2024-09-09T08:27:13Z,8.072699,66.402084,1132.0,6.5817,6.5817,1,35.0156,35.01549,1
7902200,4,2024-09-09T08:27:13Z,8.072699,66.402084,1134.01,6.5835,6.5835,1,35.0157,35.01559,1
7902200,4,2024-09-09T08:27:13Z,8.072699,66.402084,1136.0,6.5796,6.5796,1,35.0156,35.01549,1
7902200,4,2024-09-09T08:27:13Z,8.072699,66.402084,1137.97,6.573,6.573,1,35.0154,35.01529,1
7902200,4,2024-09-09T08:27:13Z,8.072699,66.402084,1140.0,6.567,6.567,1,35.0152,35.01509,1
7902200,4,2024-09-09T08:27:13Z,8.072699,66.402084,1142.02,6.5571,6.5571,1,35.0151,35.01499,1
7902200,4,2024-09-09T08:27:13Z,8.072699,66.402084,1144.0,6.5505,6.5505,1,35.0145,35.01439,1
7902200,4,2024-09-09T08:27:13Z,8.072699,66.402084,1146.0,6.541,6.541,1,35.0142,35.01409,1
7902200,4,2024-09-09T08:27:13Z,8.072699,66.402084,1148.01,6.5304,6.5304,1,35.0137,35.01359,1
7902200,4,2024-09-09T08:27:13Z,8.072699,66.402084,1149.98,6.5243,6.5243,1,35.0132,35.01309,1
7902200,4,2024-09-09T08:27:13Z,8.072699,66.402084,1152.0,6.5086,6.5086,1,35.0123,35.01219,1
7902200,4,2024-09-09T08:27:13Z,8.072699,66.402084,1154.02,6.4956,6.4956,1,35.0123,35.01219,1
7902200,4,2024-09-09T08:27:13Z,8.072699,66.402084,1156.02,6.4868,6.4868,1,35.0119,35.01179,1
7902200,4,2024-09-09T08:27:13Z,8.072699,66.402084,1158.01,6.4866,6.4866,1,35.0128,35.01269,1
7902200,4,2024-09-09T08:27:13Z,8.072699,66.402084,1159.98,6.4771,6.4771,1,35.0119,35.01179,1
7902200,4,2024-09-09T08:27:13Z,8.072699,66.402084,1161.97,6.4676,6.4676,1,35.0122,35.01209,1
7902200,4,2024-09-09T08:27:13Z,8.072699,66.402084,1163.96,6.4503,6.4503,1,35.0112,35.01109,1
7902200,4,2024-09-09T08:27:13Z,8.072699,66.402084,1165.97,6.4443,6.4443,1,35.0111,35.01099,1
7902200,4,2024-09-09T08:27:13Z,8.072699,66.402084,1168.0,6.438,6.438,1,35.011,35.01089,1
7902200,4,2024-09-09T08:27:13Z,8.072699,66.402084,1169.99,6.4329,6.4329,1,35.011,35.01089,1
7902200,4,2024-09-09T08:27:13Z,8.072699,66.402084,1172.0,6.4273,6.4273,1,35.011,35.01089,1
7902200,4,2024-09-09T08:27:13Z,8.072699,66.402084,1173.98,6.4221,6.4221,1,35.0107,35.01059,1
7902200,4,2024-09-09T08:27:13Z,8.072699,66.402084,1175.97,6.4158,6.4158,1,35.0105,35.01039,1
7902200,4,2024-09-09T08:27:13Z,8.072699,66.402084,1178.0,6.4125,6.4125,1,35.0109,35.01079,1
7902200,4,2024-09-09T08:27:13Z,8.072699,66.402084,1180.03,6.4067,6.4067,1,35.01,35.00989,1
7902200,4,2024-09-09T08:27:13Z,8.072699,66.402084,1182.03,6.3938,6.3938,1,35.0087,35.00859,1
7902200,4,2024-09-09T08:27:13Z,8.072699,66.402084,1183.99,6.3724,6.3724,1,35.0075,35.00739,1
7902200,4,2024-09-09T08:27:13Z,8.072699,66.402084,1185.98,6.3498,6.3498,1,35.0074,35.00729,1
7902200,4,2024-09-09T08:27:13Z,8.072699,66.402084,1187.97,6.3356,6.3356,1,35.0065,35.00639,1
7902200,4,2024-09-09T08:27:13Z,8.072699,66.402084,1190.0,6.3266,6.3266,1,35.0058,35.00569,1
7902200,4,2024-09-09T08:27:13Z,8.072699,66.402084,1192.05,6.32,6.32,1,35.0054,35.00529,1
7902200,4,2024-09-09T08:27:13Z,8.072699,66.402084,1194.04,6.3058,6.3058,1,35.004,35.00389,1
7902200,4,2024-09-09T08:27:13Z,8.072699,66.402084,1196.0,6.2991,6.2991,1,35.0028,35.00269,1
7902200,4,2024-09-09T08:27:13Z,8.072699,66.402084,1197.98,6.2935,6.2935,1,35.0015,35.00139,1
7902200,4,2024-09-09T08:27:13Z,8.072699,66.402084,1200.0,6.2637,6.2637,1,34.9996,34.99949,1
7902200,4,2024-09-09T08:27:13Z,8.072699,66.402084,1202.0,6.2477,6.2477,1,34.9986,34.99849,1
7902200,4,2024-09-09T08:27:13Z,8.072699,66.402084,1204.0,6.2436,6.2436,1,34.9987,34.99859,1
7902200,4,2024-09-09T08:27:13Z,8.072699,66.402084,1206.02,6.2397,6.2397,1,34.9989,34.99879,1
7902200,4,2024-09-09T08:27:13Z,8.072699,66.402084,1207.99,6.2373,6.2373,1,34.9991,34.99899,1
7902200,4,2024-09-09T08:27:13Z,8.072699,66.402084,1210.0,6.2346,6.2346,1,34.9991,34.99899,1
7902200,4,2024-09-09T08:27:13Z,8.072699,66.402084,1212.03,6.2305,6.2305,1,35.0005,35.00039,1
7902200,4,2024-09-09T08:27:13Z,8.072699,66.402084,1214.01,6.2293,6.2293,1,35.0014,35.00129,1
7902200,4,2024-09-09T08:27:13Z,8.072699,66.402084,1216.0,6.2251,6.2251,1,35.0023,35.00219,1
7902200,4,2024-09-09T08:27:13Z,8.072699,66.402084,1218.01,6.2134,6.2134,1,35.0012,35.00109,1
7902200,4,2024-09-09T08:27:13Z,8.072699,66.402084,1220.02,6.199,6.199,1,35.0004,35.00029,1
7902200,4,2024-09-09T08:27:13Z,8.072699,66.402084,1222.02,6.1935,6.1935,1,34.9998,34.99969,1
7902200,4,2024-09-09T08:27:13Z,8.072699,66.402084,1224.0,6.191,6.191,1,35.0,34.99989,1
7902200,4,2024-09-09T08:27:13Z,8.072699,66.402084,1225.96,6.1855,6.1855,1,34.9994,34.99929,1
7902200,4,2024-09-09T08:27:13Z,8.072699,66.402084,1227.96,6.1825,6.1825,1,34.9988,34.99869,1
7902200,4,2024-09-09T08:27:13Z,8.072699,66.402084,1229.97,6.1709,6.1709,1,34.9996,34.99949,1
7902200,4,2024-09-09T08:27:13Z,8.072699,66.402084,1231.96,6.1671,6.1671,1,34.9995,34.99939,1
7902200,4,2024-09-09T08:27:13Z,8.072699,66.402084,1233.97,6.1667,6.1667,1,34.9999,34.99979,1
7902200,4,2024-09-09T08:27:13Z,8.072699,66.402084,1236.01,6.1573,6.1573,1,34.9989,34.99879,1
7902200,4,2024-09-09T08:27:13Z,8.072699,66.402084,1237.99,6.138,6.138,1,34.9972,34.99709,1
7902200,4,2024-09-09T08:27:13Z,8.072699,66.402084,1240.01,6.1268,6.1268,1,34.9962,34.99609,1
7902200,4,2024-09-09T08:27:13Z,8.072699,66.402084,1242.03,6.125,6.125,1,34.9978,34.99769,1
7902200,4,2024-09-09T08:27:13Z,8.072699,66.402084,1244.01,6.1107,6.1107,1,34.9977,34.99759,1
7902200,4,2024-09-09T08:27:13Z,8.072699,66.402084,1246.0,6.0979,6.0979,1,34.9969,34.99679,1
7902200,4,2024-09-09T08:27:13Z,8.072699,66.402084,1247.98,6.0904,6.0904,1,34.9966,34.99649,1
7902200,4,2024-09-09T08:27:13Z,8.072699,66.402084,1249.97,6.0871,6.0871,1,34.9964,34.99629,1
7902200,4,2024-09-09T08:27:13Z,8.072699,66.402084,1252.0,6.0839,6.0839,1,34.9965,34.99639,1
7902200,4,2024-09-09T08:27:13Z,8.072699,66.402084,1254.04,6.0802,6.0802,1,34.9959,34.99579,1
7902200,4,2024-09-09T08:27:13Z,8.072699,66.402084,1256.04,6.0745,6.0745,1,34.996,34.99589,1
7902200,4,2024-09-09T08:27:13Z,8.072699,66.402084,1258.01,6.0502,6.0502,1,34.9955,34.99539,1
7902200,4,2024-09-09T08:27:13Z,8.072699,66.402084,1260.01,6.0387,6.0387,1,34.995,34.99489,1
7902200,4,2024-09-09T08:27:13Z,8.072699,66.402084,1262.01,6.0306,6.0306,1,34.9944,34.99429,1
7902200,4,2024-09-09T08:27:13Z,8.072699,66.402084,1264.01,6.0209,6.0209,1,34.9936,34.99349,1
7902200,4,2024-09-09T08:27:13Z,8.072699,66.402084,1266.01,5.9986,5.9986,1,34.9931,34.99299,1
7902200,4,2024-09-09T08:27:13Z,8.072699,66.402084,1267.99,5.9867,5.9867,1,34.9925,34.99239,1
7902200,4,2024-09-09T08:27:13Z,8.072699,66.402084,1269.98,5.9821,5.9821,1,34.992,34.99189,1
7902200,4,2024-09-09T08:27:13Z,8.072699,66.402084,1271.99,5.9754,5.9754,1,34.9914,34.99129,1
7902200,4,2024-09-09T08:27:13Z,8.072699,66.402084,1274.03,5.9639,5.9639,1,34.9909,34.99079,1
7902200,4,2024-09-09T08:27:13Z,8.072699,66.402084,1276.03,5.9577,5.9577,1,34.99,34.98989,1
7902200,4,2024-09-09T08:27:13Z,8.072699,66.402084,1278.0,5.9511,5.9511,1,34.9894,34.98929,1
7902200,4,2024-09-09T08:27:13Z,8.072699,66.402084,1279.99,5.942,5.942,1,34.989,34.98889,1
7902200,4,2024-09-09T08:27:13Z,8.072699,66.402084,1281.98,5.9287,5.9287,1,34.9878,34.98769,1
7902200,4,2024-09-09T08:27:13Z,8.072699,66.402084,1283.98,5.9125,5.9125,1,34.9866,34.98649,1
7902200,4,2024-09-09T08:27:13Z,8.072699,66.402084,1285.98,5.8944,5.8944,1,34.9857,34.98559,1
7902200,4,2024-09-09T08:27:13Z,8.072699,66.402084,1287.96,5.889,5.889,1,34.9851,34.98499,1
7902200,4,2024-09-09T08:27:13Z,8.072699,66.402084,1289.97,5.8832,5.8832,1,34.9849,34.98479,1
7902200,4,2024-09-09T08:27:13Z,8.072699,66.402084,1291.99,5.8777,5.8777,1,34.9845,34.98439,1
7902200,4,2024-09-09T08:27:13Z,8.072699,66.402084,1294.01,5.8709,5.8709,1,34.984,34.98389,1
7902200,4,2024-09-09T08:27:13Z,8.072699,66.402084,1296.02,5.8678,5.8678,1,34.984,34.98389,1
7902200,4,2024-09-09T08:27:13Z,8.072699,66.402084,1298.02,5.8653,5.8653,1,34.9839,34.98379,1
7902200,4,2024-09-09T08:27:13Z,8.072699,66.402084,1300.02,5.8641,5.8641,1,34.9837,34.98359,1
7902200,4,2024-09-09T08:27:13Z,8.072699,66.402084,1302.03,5.8621,5.8621,1,34.9838,34.98369,1
7902200,4,2024-09-09T08:27:13Z,8.072699,66.402084,1304.01,5.8576,5.8576,1,34.9838,34.98369,1
7902200,4,2024-09-09T08:27:13Z,8.072699,66.402084,1306.0,5.8568,5.8568,1,34.9833,34.98319,1
7902200,4,2024-09-09T08:27:13Z,8.072699,66.402084,1308.0,5.8481,5.8481,1,34.9828,34.98269,1
7902200,4,2024-09-09T08:27:13Z,8.072699,66.402084,1309.96,5.8383,5.8383,1,34.9821,34.98199,1
7902200,4,2024-09-09T08:27:13Z,8.072699,66.402084,1311.95,5.8266,5.8266,1,34.9818,34.98169,1
7902200,4,2024-09-09T08:27:13Z,8.072699,66.402084,1313.97,5.8214,5.8214,1,34.9814,34.98129,1
7902200,4,2024-09-09T08:27:13Z,8.072699,66.402084,1315.97,5.8111,5.8111,1,34.9811,34.98099,1
7902200,4,2024-09-09T08:27:13Z,8.072699,66.402084,1317.98,5.8094,5.8094,1,34.9809,34.98079,1
7902200,4,2024-09-09T08:27:13Z,8.072699,66.402084,1319.98,5.8086,5.8086,1,34.9808,34.98069,1
7902200,4,2024-09-09T08:27:13Z,8.072699,66.402084,1322.0,5.8057,5.8057,1,34.9803,34.98019,1
7902200,4,2024-09-09T08:27:13Z,8.072699,66.402084,1324.01,5.7942,5.7942,1,34.9797,34.97959,1
7902200,4,2024-09-09T08:27:13Z,8.072699,66.402084,1325.99,5.7823,5.7823,1,34.9793,34.97919,1
7902200,4,2024-09-09T08:27:13Z,8.072699,66.402084,1327.98,5.7843,5.7843,1,34.9805,34.98039,1
7902200,4,2024-09-09T08:27:13Z,8.072699,66.402084,1330.01,5.7929,5.7929,1,34.984,34.98389,1
7902200,4,2024-09-09T08:27:13Z,8.072699,66.402084,1331.98,5.7889,5.7889,1,34.9836,34.98349,1
7902200,4,2024-09-09T08:27:13Z,8.072699,66.402084,1333.98,5.7746,5.7746,1,34.9829,34.98279,1
7902200,4,2024-09-09T08:27:13Z,8.072699,66.402084,1335.99,5.7665,5.7665,1,34.9824,34.98229,1
7902200,4,2024-09-09T08:27:13Z,8.072699,66.402084,1337.96,5.7601,5.7601,1,34.9817,34.98159,1
7902200,4,2024-09-09T08:27:13Z,8.072699,66.402084,1339.96,5.7512,5.7512,1,34.981,34.98089,1
7902200,4,2024-09-09T08:27:13Z,8.072699,66.402084,1341.98,5.7433,5.7433,1,34.9807,34.98059,1
7902200,4,2024-09-09T08:27:13Z,8.072699,66.402084,1344.02,5.7327,5.7327,1,34.9798,34.97969,1
7902200,4,2024-09-09T08:27:13Z,8.072699,66.402084,1346.03,5.7242,5.7242,1,34.9792,34.97909,1
7902200,4,2024-09-09T08:27:13Z,8.072699,66.402084,1348.01,5.7228,5.7228,1,34.9794,34.97929,1
7902200,4,2024-09-09T08:27:13Z,8.072699,66.402084,1349.98,5.7211,5.7211,1,34.9793,34.97919,1
7902200,4,2024-09-09T08:27:13Z,8.072699,66.402084,1351.96,5.7201,5.7201,1,34.979,34.97889,1
7902200,4,2024-09-09T08:27:13Z,8.072699,66.402084,1353.98,5.7156,5.7156,1,34.9788,34.97869,1
7902200,4,2024-09-09T08:27:13Z,8.072699,66.402084,1356.01,5.708,5.708,1,34.9781,34.97799,1
7902200,4,2024-09-09T08:27:13Z,8.072699,66.402084,1358.01,5.6999,5.6999,1,34.9771,34.97699,1
7902200,4,2024-09-09T08:27:13Z,8.072699,66.402084,1360.0,5.6955,5.6955,1,34.977,34.97689,1
7902200,4,2024-09-09T08:27:13Z,8.072699,66.402084,1361.99,5.6932,5.6932,1,34.9774,34.97729,1
7902200,4,2024-09-09T08:27:13Z,8.072699,66.402084,1364.0,5.6868,5.6868,1,34.9775,34.97739,1
7902200,4,2024-09-09T08:27:13Z,8.072699,66.402084,1366.01,5.6796,5.6796,1,34.9771,34.97699,1
7902200,4,2024-09-09T08:27:13Z,8.072699,66.402084,1368.02,5.6682,5.6682,1,34.977,34.97689,1
7902200,4,2024-09-09T08:27:13Z,8.072699,66.402084,1369.98,5.6424,5.6424,1,34.9752,34.97509,1
7902200,4,2024-09-09T08:27:13Z,8.072699,66.402084,1371.98,5.6304,5.6304,1,34.9745,34.97439,1
7902200,4,2024-09-09T08:27:13Z,8.072699,66.402084,1373.98,5.6262,5.6262,1,34.976,34.97589,1
7902200,4,2024-09-09T08:27:13Z,8.072699,66.402084,1376.01,5.6272,5.6272,1,34.9766,34.97649,1
7902200,4,2024-09-09T08:27:13Z,8.072699,66.402084,1378.02,5.6284,5.6284,1,34.977,34.97689,1
7902200,4,2024-09-09T08:27:13Z,8.072699,66.402084,1379.97,5.6261,5.6261,1,34.977,34.97689,1
7902200,4,2024-09-09T08:27:13Z,8.072699,66.402084,1381.97,5.6171,5.6171,1,34.9768,34.97669,1
7902200,4,2024-09-09T08:27:13Z,8.072699,66.402084,1384.01,5.6071,5.6071,1,34.9766,34.97649,1
7902200,4,2024-09-09T08:27:13Z,8.072699,66.402084,1386.0,5.6031,5.6031,1,34.9761,34.97599,1
7902200,4,2024-09-09T08:27:13Z,8.072699,66.402084,1387.99,5.6027,5.6027,1,34.9762,34.97609,1
7902200,4,2024-09-09T08:27:13Z,8.072699,66.402084,1389.99,5.5946,5.5946,1,34.9773,34.97719,1
7902200,4,2024-09-09T08:27:13Z,8.072699,66.402084,1391.99,5.5964,5.5964,1,34.9788,34.97869,1
7902200,4,2024-09-09T08:27:13Z,8.072699,66.402084,1394.01,5.5928,5.5928,1,34.9789,34.97879,1
7902200,4,2024-09-09T08:27:13Z,8.072699,66.402084,1396.02,5.5894,5.5894,1,34.9783,34.97819,1
7902200,4,2024-09-09T08:27:13Z,8.072699,66.402084,1398.0,5.5837,5.5837,1,34.978,34.97789,1
7902200,4,2024-09-09T08:27:13Z,8.072699,66.402084,1399.99,5.5773,5.5773,1,34.9774,34.97729,1
7902200,4,2024-09-09T08:27:13Z,8.072699,66.402084,1402.02,5.5632,5.5632,1,34.9763,34.97619,1
7902200,4,2024-09-09T08:27:13Z,8.072699,66.402084,1404.03,5.5435,5.5435,1,34.9753,34.97519,1
7902200,4,2024-09-09T08:27:13Z,8.072699,66.402084,1406.0,5.5269,5.5269,1,34.9741,34.97399,1
7902200,4,2024-09-09T08:27:13Z,8.072699,66.402084,1408.0,5.5188,5.5188,1,34.9733,34.97319,1
7902200,4,2024-09-09T08:27:13Z,8.072699,66.402084,1409.99,5.5189,5.5189,1,34.9733,34.97319,1
7902200,4,2024-09-09T08:27:13Z,8.072699,66.402084,1411.99,5.5124,5.5124,1,34.9731,34.97299,1
7902200,4,2024-09-09T08:27:13Z,8.072699,66.402084,1414.03,5.5027,5.5027,1,34.9722,34.97209,1
7902200,4,2024-09-09T08:27:13Z,8.072699,66.402084,1416.02,5.4909,5.4909,1,34.9716,34.97149,1
7902200,4,2024-09-09T08:27:13Z,8.072699,66.402084,1418.0,5.4766,5.4766,1,34.9706,34.97049,1
7902200,4,2024-09-09T08:27:13Z,8.072699,66.402084,1420.03,5.4673,5.4673,1,34.97,34.96989,1
7902200,4,2024-09-09T08:27:13Z,8.072699,66.402084,1422.05,5.4586,5.4586,1,34.9695,34.96939,1
7902200,4,2024-09-09T08:27:13Z,8.072699,66.402084,1424.02,5.443,5.443,1,34.9687,34.96859,1
7902200,4,2024-09-09T08:27:13Z,8.072699,66.402084,1426.0,5.4361,5.4361,1,34.9683,34.96819,1
7902200,4,2024-09-09T08:27:13Z,8.072699,66.402084,1428.03,5.4339,5.4339,1,34.9684,34.96829,1
7902200,4,2024-09-09T08:27:13Z,8.072699,66.402084,1430.02,5.4281,5.4281,1,34.9677,34.96759,1
7902200,4,2024-09-09T08:27:13Z,8.072699,66.402084,1432.02,5.4188,5.4188,1,34.9671,34.96699,1
7902200,4,2024-09-09T08:27:13Z,8.072699,66.402084,1434.05,5.4088,5.4088,1,34.9663,34.96619,1
7902200,4,2024-09-09T08:27:13Z,8.072699,66.402084,1436.04,5.399,5.399,1,34.9653,34.96519,1
7902200,4,2024-09-09T08:27:13Z,8.072699,66.402084,1438.03,5.3893,5.3893,1,34.9647,34.96459,1
7902200,4,2024-09-09T08:27:13Z,8.072699,66.402084,1440.02,5.3831,5.3831,1,34.964,34.96389,1
7902200,4,2024-09-09T08:27:13Z,8.072699,66.402084,1442.01,5.375,5.375,1,34.9634,34.96329,1
7902200,4,2024-09-09T08:27:13Z,8.072699,66.402084,1444.0,5.3608,5.3608,1,34.9623,34.96219,1
7902200,4,2024-09-09T08:27:13Z,8.072699,66.402084,1445.99,5.3493,5.3493,1,34.9619,34.96179,1
7902200,4,2024-09-09T08:27:13Z,8.072699,66.402084,1448.01,5.3447,5.3447,1,34.9612,34.96109,1
7902200,4,2024-09-09T08:27:13Z,8.072699,66.402084,1450.0,5.3426,5.3426,1,34.961,34.96089,1
7902200,4,2024-09-09T08:27:13Z,8.072699,66.402084,1452.0,5.3374,5.3374,1,34.9604,34.96029,1
7902200,4,2024-09-09T08:27:13Z,8.072699,66.402084,1454.0,5.3208,5.3208,1,34.9594,34.95929,1
7902200,4,2024-09-09T08:27:13Z,8.072699,66.402084,1456.0,5.3054,5.3054,1,34.9584,34.95829,1
7902200,4,2024-09-09T08:27:13Z,8.072699,66.402084,1458.01,5.2894,5.2894,1,34.9574,34.95729,1
7902200,4,2024-09-09T08:27:13Z,8.072699,66.402084,1459.98,5.2743,5.2743,1,34.9562,34.95609,1
7902200,4,2024-09-09T08:27:13Z,8.072699,66.402084,1462.0,5.2551,5.2551,1,34.9554,34.95529,1
7902200,4,2024-09-09T08:27:13Z,8.072699,66.402084,1464.01,5.2503,5.2503,1,34.9548,34.95469,1
7902200,4,2024-09-09T08:27:13Z,8.072699,66.402084,1465.99,5.246,5.246,1,34.9545,34.95439,1
7902200,4,2024-09-09T08:27:13Z,8.072699,66.402084,1467.98,5.2425,5.2425,1,34.9544,34.95429,1
7902200,4,2024-09-09T08:27:13Z,8.072699,66.402084,1469.97,5.2378,5.2378,1,34.954,34.95389,1
7902200,4,2024-09-09T08:27:13Z,8.072699,66.402084,1471.95,5.2312,5.2312,1,34.9537,34.95359,1
7902200,4,2024-09-09T08:27:13Z,8.072699,66.402084,1473.98,5.2257,5.2257,1,34.9534,34.95329,1
7902200,4,2024-09-09T08:27:13Z,8.072699,66.402084,1476.0,5.224,5.224,1,34.9533,34.95319,1
7902200,4,2024-09-09T08:27:13Z,8.072699,66.402084,1477.99,5.2196,5.2196,1,34.9529,34.95279,1
7902200,4,2024-09-09T08:27:13Z,8.072699,66.402084,1480.03,5.2139,5.2139,1,34.9522,34.95209,1
7902200,4,2024-09-09T08:27:13Z,8.072699,66.402084,1482.06,5.208,5.208,1,34.9519,34.95179,1
7902200,4,2024-09-09T08:27:13Z,8.072699,66.402084,1484.05,5.1993,5.1993,1,34.9511,34.95099,1
7902200,4,2024-09-09T08:27:13Z,8.072699,66.402084,1486.04,5.1856,5.1856,1,34.9504,34.95029,1
7902200,4,2024-09-09T08:27:13Z,8.072699,66.402084,1488.04,5.1759,5.1759,1,34.9497,34.94959,1
7902200,4,2024-09-09T08:27:13Z,8.072699,66.402084,1490.04,5.1648,5.1648,1,34.9494,34.94929,1
7902200,4,2024-09-09T08:27:13Z,8.072699,66.402084,1492.03,5.1537,5.1537,1,34.9486,34.94849,1
7902200,4,2024-09-09T08:27:13Z,8.072699,66.402084,1493.99,5.1444,5.1444,1,34.9477,34.94759,1
7902200,4,2024-09-09T08:27:13Z,8.072699,66.402084,1495.99,5.1267,5.1267,1,34.9468,34.94669,1
7902200,4,2024-09-09T08:27:13Z,8.072699,66.402084,1498.03,5.1131,5.1131,1,34.9456,34.94549,1
7902200,4,2024-09-09T08:27:13Z,8.072699,66.402084,1500.04,5.0941,5.0941,1,34.9443,34.94419,1
7902200,4,2024-09-09T08:27:13Z,8.072699,66.402084,1502.0,5.0833,5.0833,1,34.9433,34.94319,1
7902200,4,2024-09-09T08:27:13Z,8.072699,66.402084,1504.01,5.0653,5.0653,1,34.9425,34.94239,1
7902200,4,2024-09-09T08:27:13Z,8.072699,66.402084,1506.01,5.0493,5.0493,1,34.9412,34.94109,1
7902200,4,2024-09-09T08:27:13Z,8.072699,66.402084,1507.97,5.0368,5.0368,1,34.9406,34.94049,1
7902200,4,2024-09-09T08:27:13Z,8.072699,66.402084,1509.99,5.0224,5.0224,1,34.9399,34.93979,1
7902200,4,2024-09-09T08:27:13Z,8.072699,66.402084,1512.0,5.0136,5.0136,1,34.9389,34.93879,1
7902200,4,2024-09-09T08:27:13Z,8.072699,66.402084,1514.03,5.0013,5.0013,1,34.9378,34.93769,1
7902200,4,2024-09-09T08:27:13Z,8.072699,66.402084,1516.02,4.9912,4.9912,1,34.9374,34.93729,1
7902200,4,2024-09-09T08:27:13Z,8.072699,66.402084,1518.0,4.9818,4.9818,1,34.9364,34.93629,1
7902200,4,2024-09-09T08:27:13Z,8.072699,66.402084,1520.01,4.9732,4.9732,1,34.9356,34.93549,1
7902200,4,2024-09-09T08:27:13Z,8.072699,66.402084,1521.99,4.96,4.96,1,34.9345,34.93439,1
7902200,4,2024-09-09T08:27:13Z,8.072699,66.402084,1523.97,4.9459,4.9459,1,34.9335,34.93339,1
7902200,4,2024-09-09T08:27:13Z,8.072699,66.402084,1526.0,4.9411,4.9411,1,34.9331,34.93299,1
7902200,4,2024-09-09T08:27:13Z,8.072699,66.402084,1528.0,4.9377,4.9377,1,34.9328,34.93269,1
7902200,4,2024-09-09T08:27:13Z,8.072699,66.402084,1530.01,4.9312,4.9312,1,34.9321,34.93199,1
7902200,4,2024-09-09T08:27:13Z,8.072699,66.402084,1532.03,4.9159,4.9159,1,34.931,34.93089,1
7902200,4,2024-09-09T08:27:13Z,8.072699,66.402084,1534.01,4.9021,4.9021,1,34.9309,34.93079,1
7902200,4,2024-09-09T08:27:13Z,8.072699,66.402084,1536.0,4.8987,4.8987,1,34.9309,34.93079,1
7902200,4,2024-09-09T08:27:13Z,8.072699,66.402084,1537.97,4.8931,4.8931,1,34.93,34.92989,1
7902200,4,2024-09-09T08:27:13Z,8.072699,66.402084,1539.96,4.879,4.879,1,34.9294,34.92929,1
7902200,4,2024-09-09T08:27:13Z,8.072699,66.402084,1541.97,4.8649,4.8649,1,34.9282,34.92809,1
7902200,4,2024-09-09T08:27:13Z,8.072699,66.402084,1543.96,4.8452,4.8452,1,34.927,34.92689,1
7902200,4,2024-09-09T08:27:13Z,8.072699,66.402084,1546.0,4.8285,4.8285,1,34.9259,34.92579,1
7902200,4,2024-09-09T08:27:13Z,8.072699,66.402084,1547.99,4.8183,4.8183,1,34.9251,34.92499,1
7902200,4,2024-09-09T08:27:13Z,8.072699,66.402084,1549.98,4.8083,4.8083,1,34.9242,34.92409,1
7902200,4,2024-09-09T08:27:13Z,8.072699,66.402084,1552.01,4.797,4.797,1,34.9234,34.92329,1
7902200,4,2024-09-09T08:27:13Z,8.072699,66.402084,1554.02,4.7835,4.7835,1,34.9226,34.92249,1
7902200,4,2024-09-09T08:27:13Z,8.072699,66.402084,1556.01,4.7749,4.7749,1,34.9219,34.92179,1
7902200,4,2024-09-09T08:27:13Z,8.072699,66.402084,1558.01,4.7691,4.7691,1,34.9213,34.92119,1
7902200,4,2024-09-09T08:27:13Z,8.072699,66.402084,1560.01,4.763,4.763,1,34.9207,34.92059,1
7902200,4,2024-09-09T08:27:13Z,8.072699,66.402084,1562.0,4.7571,4.7571,1,34.9202,34.92009,1
7902200,4,2024-09-09T08:27:13Z,8.072699,66.402084,1564.0,4.7437,4.7437,1,34.9189,34.91879,1
7902200,4,2024-09-09T08:27:13Z,8.072699,66.402084,1565.99,4.7282,4.7282,1,34.9179,34.91779,1
7902200,4,2024-09-09T08:27:13Z,8.072699,66.402084,1568.02,4.7108,4.7108,1,34.917,34.91689,1
7902200,4,2024-09-09T08:27:13Z,8.072699,66.402084,1570.04,4.6905,4.6905,1,34.9154,34.91529,1
7902200,4,2024-09-09T08:27:13Z,8.072699,66.402084,1572.01,4.6854,4.6854,1,34.9151,34.91499,1
7902200,4,2024-09-09T08:27:13Z,8.072699,66.402084,1573.98,4.6802,4.6802,1,34.9145,34.91439,1
7902200,4,2024-09-09T08:27:13Z,8.072699,66.402084,1575.95,4.6768,4.6768,1,34.9142,34.91409,1
7902200,4,2024-09-09T08:27:13Z,8.072699,66.402084,1577.97,4.6714,4.6714,1,34.9134,34.91329,1
7902200,4,2024-09-09T08:27:13Z,8.072699,66.402084,1580.02,4.6615,4.6615,1,34.9126,34.91249,1
7902200,4,2024-09-09T08:27:13Z,8.072699,66.402084,1582.0,4.6397,4.6397,1,34.911,34.91089,1
7902200,4,2024-09-09T08:27:13Z,8.072699,66.402084,1583.96,4.621,4.621,1,34.9095,34.90939,1
7902200,4,2024-09-09T08:27:13Z,8.072699,66.402084,1586.02,4.597,4.597,1,34.9075,34.90739,1
7902200,4,2024-09-09T08:27:13Z,8.072699,66.402084,1588.02,4.5732,4.5732,1,34.9052,34.90509,1
7902200,4,2024-09-09T08:27:13Z,8.072699,66.402084,1589.97,4.5604,4.5604,1,34.904,34.90389,1
7902200,4,2024-09-09T08:27:13Z,8.072699,66.402084,1591.97,4.5542,4.5542,1,34.9034,34.90329,1
7902200,4,2024-09-09T08:27:13Z,8.072699,66.402084,1594.0,4.5403,4.5403,1,34.9024,34.90229,1
7902200,4,2024-09-09T08:27:13Z,8.072699,66.402084,1596.0,4.5281,4.5281,1,34.901,34.90089,1
7902200,4,2024-09-09T08:27:13Z,8.072699,66.402084,1598.01,4.5113,4.5113,1,34.9002,34.90009,1
7902200,4,2024-09-09T08:27:13Z,8.072699,66.402084,1600.01,4.5018,4.5018,1,34.8992,34.89909,1
7902200,4,2024-09-09T08:27:13Z,8.072699,66.402084,1601.97,4.482,4.482,1,34.898,34.89789,1
7902200,4,2024-09-09T08:27:13Z,8.072699,66.402084,1603.96,4.4729,4.4729,1,34.8973,34.89719,1
7902200,4,2024-09-09T08:27:13Z,8.072699,66.402084,1605.97,4.4717,4.4717,1,34.8974,34.89729,1
7902200,4,2024-09-09T08:27:13Z,8.072699,66.402084,1607.99,4.471,4.471,1,34.8971,34.89699,1
7902200,4,2024-09-09T08:27:13Z,8.072699,66.402084,1610.0,4.4576,4.4576,1,34.8964,34.89629,1
7902200,4,2024-09-09T08:27:13Z,8.072699,66.402084,1612.01,4.4426,4.4426,1,34.8954,34.89529,1
7902200,4,2024-09-09T08:27:13Z,8.072699,66.402084,1614.03,4.4305,4.4305,1,34.8949,34.89479,1
7902200,4,2024-09-09T08:27:13Z,8.072699,66.402084,1616.01,4.4188,4.4188,1,34.8942,34.89409,1
7902200,4,2024-09-09T08:27:13Z,8.072699,66.402084,1618.0,4.4101,4.4101,1,34.893,34.89289,1
7902200,4,2024-09-09T08:27:13Z,8.072699,66.402084,1620.0,4.3845,4.3845,1,34.8918,34.89169,1
7902200,4,2024-09-09T08:27:13Z,8.072699,66.402084,1621.98,4.3755,4.3755,1,34.8907,34.89059,1
7902200,4,2024-09-09T08:27:13Z,8.072699,66.402084,1624.0,4.3513,4.3513,1,34.889,34.88889,1
7902200,4,2024-09-09T08:27:13Z,8.072699,66.402084,1625.97,4.3394,4.3394,1,34.8881,34.88799,1
7902200,4,2024-09-09T08:27:13Z,8.072699,66.402084,1627.97,4.3238,4.3238,1,34.8869,34.88679,1
7902200,4,2024-09-09T08:27:13Z,8.072699,66.402084,1629.98,4.314,4.314,1,34.8859,34.88579,1
7902200,4,2024-09-09T08:27:13Z,8.072699,66.402084,1631.98,4.3042,4.3042,1,34.8851,34.88499,1
7902200,4,2024-09-09T08:27:13Z,8.072699,66.402084,1634.03,4.2835,4.2835,1,34.8837,34.88359,1
7902200,4,2024-09-09T08:27:13Z,8.072699,66.402084,1636.04,4.2646,4.2646,1,34.8829,34.88279,1
7902200,4,2024-09-09T08:27:13Z,8.072699,66.402084,1638.0,4.2547,4.2547,1,34.8821,34.88199,1
7902200,4,2024-09-09T08:27:13Z,8.072699,66.402084,1640.02,4.2504,4.2504,1,34.882,34.88189,1
7902200,4,2024-09-09T08:27:13Z,8.072699,66.402084,1642.08,4.2464,4.2464,1,34.8814,34.88129,1
7902200,4,2024-09-09T08:27:13Z,8.072699,66.402084,1644.08,4.2359,4.2359,1,34.8806,34.88049,1
7902200,4,2024-09-09T08:27:13Z,8.072699,66.402084,1646.03,4.2172,4.2172,1,34.8793,34.87919,1
7902200,4,2024-09-09T08:27:13Z,8.072699,66.402084,1647.98,4.1968,4.1968,1,34.8775,34.87739,1
7902200,4,2024-09-09T08:27:13Z,8.072699,66.402084,1649.97,4.1669,4.1669,1,34.8758,34.87569,1
7902200,4,2024-09-09T08:27:13Z,8.072699,66.402084,1651.99,4.1552,4.1552,1,34.8745,34.87439,1
7902200,4,2024-09-09T08:27:13Z,8.072699,66.402084,1653.98,4.1471,4.1471,1,34.8738,34.87369,1
7902200,4,2024-09-09T08:27:13Z,8.072699,66.402084,1655.99,4.1337,4.1337,1,34.8727,34.87259,1
7902200,4,2024-09-09T08:27:13Z,8.072699,66.402084,1658.01,4.1161,4.1161,1,34.8714,34.87129,1
7902200,4,2024-09-09T08:27:13Z,8.072699,66.402084,1660.02,4.1031,4.1031,1,34.8704,34.87029,1
7902200,4,2024-09-09T08:27:13Z,8.072699,66.402084,1662.01,4.0898,4.0898,1,34.8694,34.86929,1
7902200,4,2024-09-09T08:27:13Z,8.072699,66.402084,1664.0,4.0712,4.0712,1,34.8682,34.86809,1
7902200,4,2024-09-09T08:27:13Z,8.072699,66.402084,1665.99,4.0477,4.0477,1,34.8665,34.86639,1
7902200,4,2024-09-09T08:27:13Z,8.072699,66.402084,1667.97,4.0213,4.0213,1,34.8649,34.86479,1
7902200,4,2024-09-09T08:27:13Z,8.072699,66.402084,1670.01,4.0065,4.0065,1,34.8639,34.86379,1
7902200,4,2024-09-09T08:27:13Z,8.072699,66.402084,1672.03,3.9918,3.9918,1,34.8632,34.86309,1
7902200,4,2024-09-09T08:27:13Z,8.072699,66.402084,1674.01,3.9805,3.9805,1,34.8624,34.86229,1
7902200,4,2024-09-09T08:27:13Z,8.072699,66.402084,1676.01,3.9748,3.9748,1,34.8619,34.86179,1
7902200,4,2024-09-09T08:27:13Z,8.072699,66.402084,1678.04,3.9663,3.9663,1,34.8611,34.86099,1
7902200,4,2024-09-09T08:27:13Z,8.072699,66.402084,1679.99,3.9514,3.9514,1,34.8601,34.85999,1
7902200,4,2024-09-09T08:27:13Z,8.072699,66.402084,1681.98,3.9435,3.9435,1,34.8598,34.85969,1
7902200,4,2024-09-09T08:27:13Z,8.072699,66.402084,1683.98,3.9363,3.9363,1,34.8593,34.85919,1
7902200,4,2024-09-09T08:27:13Z,8.072699,66.402084,1685.98,3.9286,3.9286,1,34.8587,34.85859,1
7902200,4,2024-09-09T08:27:13Z,8.072699,66.402084,1688.0,3.9228,3.9228,1,34.8584,34.85829,1
7902200,4,2024-09-09T08:27:13Z,8.072699,66.402084,1689.98,3.9175,3.9175,1,34.858,34.85789,1
7902200,4,2024-09-09T08:27:13Z,8.072699,66.402084,1691.99,3.9138,3.9138,1,34.8577,34.85759,1
7902200,4,2024-09-09T08:27:13Z,8.072699,66.402084,1694.0,3.9008,3.9008,1,34.8572,34.85709,1
7902200,4,2024-09-09T08:27:13Z,8.072699,66.402084,1695.99,3.8912,3.8912,1,34.8564,34.85629,1
7902200,4,2024-09-09T08:27:13Z,8.072699,66.402084,1698.03,3.8827,3.8827,1,34.856,34.85589,1
7902200,4,2024-09-09T08:27:13Z,8.072699,66.402084,1700.01,3.8726,3.8726,1,34.8556,34.85549,1
7902200,4,2024-09-09T08:27:13Z,8.072699,66.402084,1702.01,3.8614,3.8614,1,34.8549,34.85479,1
7902200,4,2024-09-09T08:27:13Z,8.072699,66.402084,1704.03,3.8588,3.8588,1,34.8545,34.85439,1
7902200,4,2024-09-09T08:27:13Z,8.072699,66.402084,1706.02,3.8481,3.8481,1,34.854,34.85389,1
7902200,4,2024-09-09T08:27:13Z,8.072699,66.402084,1708.04,3.8371,3.8371,1,34.8531,34.85299,1
7902200,4,2024-09-09T08:27:13Z,8.072699,66.402084,1710.04,3.8306,3.8306,1,34.8527,34.85259,1
7902200,4,2024-09-09T08:27:13Z,8.072699,66.402084,1712.02,3.8289,3.8289,1,34.8521,34.85199,1
7902200,4,2024-09-09T08:27:13Z,8.072699,66.402084,1713.99,3.8248,3.8248,1,34.8519,34.85179,1
7902200,4,2024-09-09T08:27:13Z,8.072699,66.402084,1715.96,3.8205,3.8205,1,34.8511,34.85099,1
7902200,4,2024-09-09T08:27:13Z,8.072699,66.402084,1717.99,3.8161,3.8161,1,34.8503,34.85019,1
7902200,4,2024-09-09T08:27:13Z,8.072699,66.402084,1720.01,3.7959,3.7959,1,34.8494,34.84929,1
7902200,4,2024-09-09T08:27:13Z,8.072699,66.402084,1722.0,3.7885,3.7885,1,34.8485,34.84839,1
7902200,4,2024-09-09T08:27:13Z,8.072699,66.402084,1724.0,3.7823,3.7823,1,34.8482,34.84809,1
7902200,4,2024-09-09T08:27:13Z,8.072699,66.402084,1725.99,3.7785,3.7785,1,34.8476,34.84749,1
7902200,4,2024-09-09T08:27:13Z,8.072699,66.402084,1728.03,3.7767,3.7767,1,34.8474,34.84729,1
7902200,4,2024-09-09T08:27:13Z,8.072699,66.402084,1730.04,3.774,3.774,1,34.8473,34.84719,1
7902200,4,2024-09-09T08:27:13Z,8.072699,66.402084,1732.01,3.7725,3.7725,1,34.8468,34.84669,1
7902200,4,2024-09-09T08:27:13Z,8.072699,66.402084,1733.98,3.7652,3.7652,1,34.8463,34.84619,1
7902200,4,2024-09-09T08:27:13Z,8.072699,66.402084,1735.98,3.7588,3.7588,1,34.8458,34.84569,1
7902200,4,2024-09-09T08:27:13Z,8.072699,66.402084,1737.98,3.755,3.755,1,34.8453,34.84519,1
7902200,4,2024-09-09T08:27:13Z,8.072699,66.402084,1739.98,3.7414,3.7414,1,34.8444,34.84429,1
7902200,4,2024-09-09T08:27:13Z,8.072699,66.402084,1742.01,3.7311,3.7311,1,34.8447,34.84459,1
7902200,4,2024-09-09T08:27:13Z,8.072699,66.402084,1743.98,3.721,3.721,1,34.8438,34.84369,1
7902200,4,2024-09-09T08:27:13Z,8.072699,66.402084,1745.98,3.7099,3.7099,1,34.8434,34.84329,1
7902200,4,2024-09-09T08:27:13Z,8.072699,66.402084,1748.0,3.6952,3.6952,1,34.8418,34.84169,1
7902200,4,2024-09-09T08:27:13Z,8.072699,66.402084,1750.02,3.6788,3.6788,1,34.8406,34.84049,1
7902200,4,2024-09-09T08:27:13Z,8.072699,66.402084,1752.0,3.6624,3.6624,1,34.8397,34.83959,1
7902200,4,2024-09-09T08:27:13Z,8.072699,66.402084,1753.99,3.6568,3.6568,1,34.8391,34.83899,1
7902200,4,2024-09-09T08:27:13Z,8.072699,66.402084,1755.97,3.636,3.636,1,34.8379,34.83779,1
7902200,4,2024-09-09T08:27:13Z,8.072699,66.402084,1757.97,3.6256,3.6256,1,34.8372,34.83709,1
7902200,4,2024-09-09T08:27:13Z,8.072699,66.402084,1759.98,3.6187,3.6187,1,34.8372,34.83709,1
7902200,4,2024-09-09T08:27:13Z,8.072699,66.402084,1761.99,3.611,3.611,1,34.8366,34.83649,1
7902200,4,2024-09-09T08:27:13Z,8.072699,66.402084,1764.01,3.5963,3.5963,1,34.8357,34.83559,1
7902200,4,2024-09-09T08:27:13Z,8.072699,66.402084,1766.03,3.5921,3.5921,1,34.8354,34.83529,1
7902200,4,2024-09-09T08:27:13Z,8.072699,66.402084,1768.01,3.5891,3.5891,1,34.8352,34.83509,1
7902200,4,2024-09-09T08:27:13Z,8.072699,66.402084,1769.96,3.588,3.588,1,34.8351,34.83499,1
7902200,4,2024-09-09T08:27:13Z,8.072699,66.402084,1771.97,3.5868,3.5868,1,34.8351,34.83499,1
7902200,4,2024-09-09T08:27:13Z,8.072699,66.402084,1773.99,3.5847,3.5847,1,34.8349,34.83479,1
7902200,4,2024-09-09T08:27:13Z,8.072699,66.402084,1776.0,3.5807,3.5807,1,34.8345,34.83439,1
7902200,4,2024-09-09T08:27:13Z,8.072699,66.402084,1778.01,3.5766,3.5766,1,34.8343,34.83419,1
7902200,4,2024-09-09T08:27:13Z,8.072699,66.402084,1779.99,3.5757,3.5757,1,34.8342,34.83409,1
7902200,4,2024-09-09T08:27:13Z,8.072699,66.402084,1782.0,3.5756,3.5756,1,34.834,34.83389,1
7902200,4,2024-09-09T08:27:13Z,8.072699,66.402084,1784.02,3.5732,3.5732,1,34.8335,34.83339,1
7902200,4,2024-09-09T08:27:13Z,8.072699,66.402084,1785.99,3.5629,3.5629,1,34.8328,34.83269,1
7902200,4,2024-09-09T08:27:13Z,8.072699,66.402084,1788.01,3.5516,3.5516,1,34.8319,34.83179,1
7902200,4,2024-09-09T08:27:13Z,8.072699,66.402084,1790.03,3.5386,3.5386,1,34.8315,34.83139,1
7902200,4,2024-09-09T08:27:13Z,8.072699,66.402084,1792.0,3.5342,3.5342,1,34.831,34.83089,1
7902200,4,2024-09-09T08:27:13Z,8.072699,66.402084,1793.99,3.5311,3.5311,1,34.8309,34.83079,1
7902200,4,2024-09-09T08:27:13Z,8.072699,66.402084,1795.96,3.5263,3.5263,1,34.8306,34.83049,1
7902200,4,2024-09-09T08:27:13Z,8.072699,66.402084,1797.98,3.5233,3.5233,1,34.8304,34.83029,1
7902200,4,2024-09-09T08:27:13Z,8.072699,66.402084,1799.99,3.5225,3.5225,1,34.8302,34.83009,1
7902200,4,2024-09-09T08:27:13Z,8.072699,66.402084,1802.01,3.5217,3.5217,1,34.8301,34.82999,1
7902200,4,2024-09-09T08:27:13Z,8.072699,66.402084,1804.02,3.5151,3.5151,1,34.8297,34.82959,1
7902200,4,2024-09-09T08:27:13Z,8.072699,66.402084,1805.98,3.5061,3.5061,1,34.8293,34.82919,1
7902200,4,2024-09-09T08:27:13Z,8.072699,66.402084,1807.97,3.4997,3.4997,1,34.8287,34.82859,1
7902200,4,2024-09-09T08:27:13Z,8.072699,66.402084,1809.96,3.495,3.495,1,34.8282,34.82809,1
7902200,4,2024-09-09T08:27:13Z,8.072699,66.402084,1811.96,3.49,3.49,1,34.8281,34.82799,1
7902200,4,2024-09-09T08:27:13Z,8.072699,66.402084,1813.96,3.4805,3.4805,1,34.8277,34.82759,1
7902200,4,2024-09-09T08:27:13Z,8.072699,66.402084,1815.97,3.4761,3.4761,1,34.8274,34.82729,1
7902200,4,2024-09-09T08:27:13Z,8.072699,66.402084,1817.97,3.4779,3.4779,1,34.8281,34.82799,1
7902200,4,2024-09-09T08:27:13Z,8.072699,66.402084,1819.97,3.4673,3.4673,1,34.8275,34.82739,1
7902200,4,2024-09-09T08:27:13Z,8.072699,66.402084,1822.0,3.4609,3.4609,1,34.8266,34.82649,1
7902200,4,2024-09-09T08:27:13Z,8.072699,66.402084,1824.02,3.4564,3.4564,1,34.8267,34.82659,1
7902200,4,2024-09-09T08:27:13Z,8.072699,66.402084,1825.98,3.4527,3.4527,1,34.8269,34.82679,1
7902200,4,2024-09-09T08:27:13Z,8.072699,66.402084,1827.97,3.4406,3.4406,1,34.8264,34.82629,1
7902200,4,2024-09-09T08:27:13Z,8.072699,66.402084,1829.98,3.4311,3.4311,1,34.8262,34.82609,1
7902200,4,2024-09-09T08:27:13Z,8.072699,66.402084,1832.01,3.4248,3.4248,1,34.826,34.82589,1
7902200,4,2024-09-09T08:27:13Z,8.072699,66.402084,1834.0,3.4218,3.4218,1,34.8257,34.82559,1
7902200,4,2024-09-09T08:27:13Z,8.072699,66.402084,1835.99,3.4156,3.4156,1,34.8251,34.82499,1
7902200,4,2024-09-09T08:27:13Z,8.072699,66.402084,1837.99,3.4099,3.4099,1,34.8243,34.82419,1
7902200,4,2024-09-09T08:27:13Z,8.072699,66.402084,1839.99,3.3984,3.3984,1,34.8235,34.82339,1
7902200,4,2024-09-09T08:27:13Z,8.072699,66.402084,1842.02,3.3864,3.3864,1,34.8227,34.82259,1
7902200,4,2024-09-09T08:27:13Z,8.072699,66.402084,1844.0,3.3836,3.3836,1,34.823,34.82289,1
7902200,4,2024-09-09T08:27:13Z,8.072699,66.402084,1846.0,3.378,3.378,1,34.8228,34.82269,1
7902200,4,2024-09-09T08:27:13Z,8.072699,66.402084,1848.01,3.3705,3.3705,1,34.8218,34.82169,1
7902200,4,2024-09-09T08:27:13Z,8.072699,66.402084,1850.04,3.3606,3.3606,1,34.8214,34.82129,1
7902200,4,2024-09-09T08:27:13Z,8.072699,66.402084,1852.0,3.3505,3.3505,1,34.8207,34.82059,1
7902200,4,2024-09-09T08:27:13Z,8.072699,66.402084,1853.98,3.3407,3.3407,1,34.821,34.82089,1
7902200,4,2024-09-09T08:27:13Z,8.072699,66.402084,1855.99,3.3433,3.3433,1,34.8217,34.82159,1
7902200,4,2024-09-09T08:27:13Z,8.072699,66.402084,1858.01,3.3444,3.3444,1,34.8224,34.82229,1
7902200,4,2024-09-09T08:27:13Z,8.072699,66.402084,1860.02,3.3417,3.3417,1,34.8222,34.82209,1
7902200,4,2024-09-09T08:27:13Z,8.072699,66.402084,1862.0,3.334,3.334,1,34.8216,34.82149,1
7902200,4,2024-09-09T08:27:13Z,8.072699,66.402084,1863.99,3.3215,3.3215,1,34.821,34.82089,1
7902200,4,2024-09-09T08:27:13Z,8.072699,66.402084,1865.98,3.3085,3.3085,1,34.8203,34.82019,1
7902200,4,2024-09-09T08:27:13Z,8.072699,66.402084,1867.99,3.3035,3.3035,1,34.8198,34.81969,1
7902200,4,2024-09-09T08:27:13Z,8.072699,66.402084,1870.01,3.2972,3.2972,1,34.8196,34.81949,1
7902200,4,2024-09-09T08:27:13Z,8.072699,66.402084,1872.01,3.2933,3.2933,1,34.8192,34.81909,1
7902200,4,2024-09-09T08:27:13Z,8.072699,66.402084,1874.03,3.2866,3.2866,1,34.8187,34.81859,1
7902200,4,2024-09-09T08:27:13Z,8.072699,66.402084,1876.01,3.2817,3.2817,1,34.8185,34.81839,1
7902200,4,2024-09-09T08:27:13Z,8.072699,66.402084,1877.97,3.2769,3.2769,1,34.8181,34.81799,1
7902200,4,2024-09-09T08:27:13Z,8.072699,66.402084,1879.98,3.2742,3.2742,1,34.8182,34.81809,1
7902200,4,2024-09-09T08:27:13Z,8.072699,66.402084,1882.02,3.2708,3.2708,1,34.8177,34.81759,1
7902200,4,2024-09-09T08:27:13Z,8.072699,66.402084,1884.06,3.2682,3.2682,1,34.8175,34.81739,1
7902200,4,2024-09-09T08:27:13Z,8.072699,66.402084,1886.03,3.2604,3.2604,1,34.8173,34.81719,1
7902200,4,2024-09-09T08:27:13Z,8.072699,66.402084,1887.99,3.2468,3.2468,1,34.8167,34.81659,1
7902200,4,2024-09-09T08:27:13Z,8.072699,66.402084,1889.99,3.2388,3.2388,1,34.8163,34.81619,1
7902200,4,2024-09-09T08:27:13Z,8.072699,66.402084,1892.01,3.2321,3.2321,1,34.8158,34.81569,1
7902200,4,2024-09-09T08:27:13Z,8.072699,66.402084,1894.01,3.226,3.226,1,34.8154,34.81529,1
7902200,4,2024-09-09T08:27:13Z,8.072699,66.402084,1896.02,3.2176,3.2176,1,34.8148,34.81469,1
7902200,4,2024-09-09T08:27:13Z,8.072699,66.402084,1898.03,3.2102,3.2102,1,34.8144,34.81429,1
7902200,4,2024-09-09T08:27:13Z,8.072699,66.402084,1900.03,3.1977,3.1977,1,34.8139,34.81379,1
7902200,4,2024-09-09T08:27:13Z,8.072699,66.402084,1902.0,3.1854,3.1854,1,34.8131,34.81299,1
7902200,4,2024-09-09T08:27:13Z,8.072699,66.402084,1903.98,3.179,3.179,1,34.8127,34.81259,1
7902200,4,2024-09-09T08:27:13Z,8.072699,66.402084,1906.01,3.1736,3.1736,1,34.8128,34.81269,1
7902200,4,2024-09-09T08:27:13Z,8.072699,66.402084,1907.99,3.1653,3.1653,1,34.8118,34.81169,1
7902200,4,2024-09-09T08:27:13Z,8.072699,66.402084,1909.99,3.157,3.157,1,34.8114,34.81129,1
7902200,4,2024-09-09T08:27:13Z,8.072699,66.402084,1911.99,3.1495,3.1495,1,34.8111,34.81099,1
7902200,4,2024-09-09T08:27:13Z,8.072699,66.402084,1913.96,3.1405,3.1405,1,34.8105,34.81039,1
7902200,4,2024-09-09T08:27:13Z,8.072699,66.402084,1915.94,3.1327,3.1327,1,34.8098,34.80969,1
7902200,4,2024-09-09T08:27:13Z,8.072699,66.402084,1917.95,3.1259,3.1259,1,34.8093,34.80919,1
7902200,4,2024-09-09T08:27:13Z,8.072699,66.402084,1919.93,3.1198,3.1198,1,34.8087,34.80859,1
7902200,4,2024-09-09T08:27:13Z,8.072699,66.402084,1921.96,3.1086,3.1086,1,34.8078,34.80769,1
7902200,4,2024-09-09T08:27:13Z,8.072699,66.402084,1923.99,3.0967,3.0967,1,34.8073,34.80719,1
7902200,4,2024-09-09T08:27:13Z,8.072699,66.402084,1926.0,3.0916,3.0916,1,34.8069,34.80679,1
7902200,4,2024-09-09T08:27:13Z,8.072699,66.402084,1928.02,3.0888,3.0888,1,34.8066,34.80649,1
7902200,4,2024-09-09T08:27:13Z,8.072699,66.402084,1930.01,3.0757,3.0757,1,34.8058,34.80569,1
7902200,4,2024-09-09T08:27:13Z,8.072699,66.402084,1932.01,3.0663,3.0663,1,34.8054,34.80529,1
7902200,4,2024-09-09T08:27:13Z,8.072699,66.402084,1934.0,3.064,3.064,1,34.805,34.80489,1
7902200,4,2024-09-09T08:27:13Z,8.072699,66.402084,1935.97,3.0594,3.0594,1,34.8047,34.80459,1
7902200,4,2024-09-09T08:27:13Z,8.072699,66.402084,1937.99,3.0521,3.0521,1,34.8044,34.80429,1
7902200,4,2024-09-09T08:27:13Z,8.072699,66.402084,1940.05,3.0419,3.0419,1,34.8038,34.80369,1
7902200,4,2024-09-09T08:27:13Z,8.072699,66.402084,1942.04,3.0329,3.0329,1,34.8035,34.80339,1
7902200,4,2024-09-09T08:27:13Z,8.072699,66.402084,1943.99,3.0259,3.0259,1,34.8025,34.80239,1
7902200,4,2024-09-09T08:27:13Z,8.072699,66.402084,1945.98,3.0049,3.0049,1,34.8013,34.80119,1
7902200,4,2024-09-09T08:27:13Z,8.072699,66.402084,1948.01,2.9966,2.9966,1,34.8008,34.80069,1
7902200,4,2024-09-09T08:27:13Z,8.072699,66.402084,1950.03,2.9898,2.9898,1,34.8002,34.80009,1
7902200,4,2024-09-09T08:27:13Z,8.072699,66.402084,1952.02,2.985,2.985,1,34.7997,34.79959,1
7902200,4,2024-09-09T08:27:13Z,8.072699,66.402084,1953.98,2.9813,2.9813,1,34.7995,34.79939,1
7902200,4,2024-09-09T08:27:13Z,8.072699,66.402084,1956.0,2.97,2.97,1,34.799,34.79889,1
7902200,4,2024-09-09T08:27:13Z,8.072699,66.402084,1958.0,2.9585,2.9585,1,34.7986,34.79849,1
7902200,4,2024-09-09T08:27:13Z,8.072699,66.402084,1959.96,2.9416,2.9416,1,34.7977,34.79759,1
7902200,4,2024-09-09T08:27:13Z,8.072699,66.402084,1961.96,2.9375,2.9375,1,34.7972,34.79709,1
7902200,4,2024-09-09T08:27:13Z,8.072699,66.402084,1963.99,2.934,2.934,1,34.7973,34.79719,1
7902200,4,2024-09-09T08:27:13Z,8.072699,66.402084,1966.01,2.9324,2.9324,1,34.7972,34.79709,1
7902200,4,2024-09-09T08:27:13Z,8.072699,66.402084,1968.0,2.9313,2.9313,1,34.7969,34.79679,1
7902200,4,2024-09-09T08:27:13Z,8.072699,66.402084,1969.99,2.9299,2.9299,1,34.7968,34.79669,1
7902200,4,2024-09-09T08:27:13Z,8.072699,66.402084,1971.99,2.9278,2.9278,1,34.7967,34.79659,1
7902200,4,2024-09-09T08:27:13Z,8.072699,66.402084,1973.99,2.9242,2.9242,1,34.7966,34.79649,1
7902200,4,2024-09-09T08:27:13Z,8.072699,66.402084,1976.02,2.9191,2.9191,1,34.7962,34.79609,1
7902200,4,2024-09-09T08:27:13Z,8.072699,66.402084,1978.0,2.9166,2.9166,1,34.7963,34.79619,1
7902200,4,2024-09-09T08:27:13Z,8.072699,66.402084,1979.98,2.9165,2.9165,1,34.7963,34.79619,1
7902200,4,2024-09-09T08:27:13Z,8.072699,66.402084,1981.98,2.9151,2.9151,1,34.7962,34.79609,1
7902200,4,2024-09-09T08:27:13Z,8.072699,66.402084,1983.99,2.9112,2.9112,1,34.7961,34.79599,1
7902200,4,2024-09-09T08:27:13Z,8.072699,66.402084,1986.0,2.9089,2.9089,1,34.7955,34.79539,1
7902200,4,2024-09-09T08:27:13Z,8.072699,66.402084,1987.98,2.9032,2.9032,1,34.7955,34.79539,1
7902200,4,2024-09-09T08:27:13Z,8.072699,66.402084,1989.96,2.8952,2.8952,1,34.7952,34.79509,1
7902200,4,2024-09-09T08:27:13Z,8.072699,66.402084,1991.99,2.89,2.89,1,34.7951,34.79499,1
7902200,4,2024-09-09T08:27:13Z,8.072699,66.402084,1994.02,2.8887,2.8887,1,34.7949,34.79479,1
7902200,4,2024-09-09T08:27:13Z,8.072699,66.402084,1996.0,2.8857,2.8857,1,34.7948,34.79469,1
7902200,4,2024-09-09T08:27:13Z,8.072699,66.402084,1997.05,2.8823,2.8823,1,34.7962,34.79609,1
