trajectory,profile_id,time,latitude,longitude,depth,pressure,temperature,salinity,conductivity,density
,,UTC,degrees_north,degrees_east,m,dbar,Celsius,1,S m-1,kg m-3
ru29-20180812T0220,1,2018-08-12T02:36:01Z,8.631042609557834,81.28704994225805,11.41,11.41,28.3768,34.001152,5.51948,1021.5694
ru29-20180812T0220,1,2018-08-12T02:36:01Z,8.631042609557834,81.28704994225805,24.57,24.57,27.9348,34.06145,5.48294,1021.8157
ru29-20180812T0220,1,2018-08-12T02:36:01Z,8.631042609557834,81.28704994225805,37.7,37.7,25.9171,34.34748,5.31508,1022.7292
ru29-20180812T0220,1,2018-08-12T02:36:01Z,8.631042609557834,81.28704994225805,47.07,47.07,24.1919,34.549435,5.16503,1023.44684
ru29-20180812T0220,1,2018-08-12T02:36:01Z,8.631042609557834,81.28704994225805,56.84,56.84,23.1102,34.699272,5.07402,1023.92
ru29-20180812T0220,1,2018-08-12T02:36:01Z,8.631042609557834,81.28704994225805,66.36,66.36,22.3261,34.74719,5.00026,1024.222
ru29-20180812T0220,1,2018-08-12T02:36:01Z,8.631042609557834,81.28704994225805,69.83,69.83,21.9236,34.76952,4.96211,1024.3674
ru29-20180812T0220,2,2018-08-12T02:42:02Z,8.630683722536842,81.28748466105544,69.83,69.83,21.9236,34.76952,4.96211,1024.3674
ru29-20180812T0220,2,2018-08-12T02:42:02Z,8.630683722536842,81.28748466105544,66.48,66.48,22.477,34.71099,5.01106,1024.1522
ru29-20180812T0220,2,2018-08-12T02:42:02Z,8.630683722536842,81.28748466105544,58.98,58.98,22.7603,34.725487,5.04162,1024.0498
ru29-20180812T0220,2,2018-08-12T02:42:02Z,8.630683722536842,81.28748466105544,50.89,50.89,24.1126,34.531376,5.15464,1023.47327
ru29-20180812T0220,2,2018-08-12T02:42:02Z,8.630683722536842,81.28748466105544,43.26,43.26,24.2814,34.521477,5.17035,1023.38257
ru29-20180812T0220,2,2018-08-12T02:42:02Z,8.630683722536842,81.28748466105544,35.24,35.24,26.1337,34.280697,5.32812,1022.6008
ru29-20180812T0220,2,2018-08-12T02:42:02Z,8.630683722536842,81.28748466105544,30.09,30.09,27.5322,34.086174,5.44506,1021.9884
ru29-20180812T0220,2,2018-08-12T02:42:02Z,8.630683722536842,81.28748466105544,24.57,24.57,27.8453,34.065224,5.47422,1021.8476
ru29-20180812T0220,2,2018-08-12T02:42:02Z,8.630683722536842,81.28748466105544,18.21,18.21,27.9672,34.070816,5.48737,1021.78485
ru29-20180812T0220,2,2018-08-12T02:42:02Z,8.630683722536842,81.28748466105544,11.75,11.75,28.2562,34.033443,5.51166,1021.63464
ru29-20180812T0220,2,2018-08-12T02:42:02Z,8.630683722536842,81.28748466105544,5.1,5.1,28.4615,34.014168,5.52987,1021.52423
ru29-20180812T0220,3,2018-08-12T03:22:53Z,8.623294653875389,81.29176552465,6.74,6.74,28.4641,34.017925,5.53075,1021.53326
ru29-20180812T0220,3,2018-08-12T03:22:53Z,8.623294653875389,81.29176552465,18.65,18.65,28.0389,34.0759,5.49554,1021.7672
ru29-20180812T0220,3,2018-08-12T03:22:53Z,8.623294653875389,81.29176552465,33.64,33.64,26.1371,34.335377,5.33596,1022.6341
ru29-20180812T0220,3,2018-08-12T03:22:53Z,8.623294653875389,81.29176552465,45.54,45.54,24.5937,34.50928,5.20095,1023.2897
ru29-20180812T0220,3,2018-08-12T03:22:53Z,8.623294653875389,81.29176552465,54.46,54.46,23.5677,34.663986,5.1163,1023.74976
ru29-20180812T0220,3,2018-08-12T03:22:53Z,8.623294653875389,81.29176552465,65.79,65.79,22.2029,34.77635,4.99136,1024.2765
ru29-20180812T0220,3,2018-08-12T03:22:53Z,8.623294653875389,81.29176552465,75.12,75.12,21.5761,34.78682,4.92906,1024.5004
ru29-20180812T0220,3,2018-08-12T03:22:53Z,8.623294653875389,81.29176552465,84.01,84.01,20.9697,34.7988,4.8692,1024.7147
ru29-20180812T0220,3,2018-08-12T03:22:53Z,8.623294653875389,81.29176552465,93.73,93.73,20.2714,34.83781,4.80357,1024.9751
ru29-20180812T0220,3,2018-08-12T03:22:53Z,8.623294653875389,81.29176552465,102.95,102.95,19.8106,34.85123,4.75897,1025.1476
ru29-20180812T0220,3,2018-08-12T03:22:53Z,8.623294653875389,81.29176552465,112.39,112.39,19.5156,34.852436,4.72973,1025.267
ru29-20180812T0220,3,2018-08-12T03:22:53Z,8.623294653875389,81.29176552465,120.09,120.09,19.1487,34.853844,4.69325,1025.3967
ru29-20180812T0220,3,2018-08-12T03:22:53Z,8.623294653875389,81.29176552465,128.41,128.41,18.763,34.864403,4.65608,1025.54
ru29-20180812T0220,3,2018-08-12T03:22:53Z,8.623294653875389,81.29176552465,136.72,136.72,17.1965,34.91248,4.50537,1026.0017
ru29-20180812T0220,3,2018-08-12T03:22:53Z,8.623294653875389,81.29176552465,144.19,144.19,16.7043,34.91494,4.45704,1026.1542
ru29-20180812T0220,3,2018-08-12T03:22:53Z,8.623294653875389,81.29176552465,151.05,151.05,16.5117,34.910236,4.4377,1026.2263
ru29-20180812T0220,3,2018-08-12T03:22:53Z,8.623294653875389,81.29176552465,157.61,157.61,15.6065,34.93989,4.35183,1026.4877
ru29-20180812T0220,3,2018-08-12T03:22:53Z,8.623294653875389,81.29176552465,164.4,164.4,14.6651,34.971123,4.26302,1026.7521
ru29-20180812T0220,3,2018-08-12T03:22:53Z,8.623294653875389,81.29176552465,170.18,170.18,13.7049,35.003586,4.17294,1027.009
ru29-20180812T0220,3,2018-08-12T03:22:53Z,8.623294653875389,81.29176552465,176.53,176.53,13.459,34.99937,4.14884,1027.0856
ru29-20180812T0220,3,2018-08-12T03:22:53Z,8.623294653875389,81.29176552465,185.1,185.1,13.1943,35.00538,4.12414,1027.1831
ru29-20180812T0220,3,2018-08-12T03:22:53Z,8.623294653875389,81.29176552465,193.3,193.3,13.1079,35.000237,4.11558,1027.2334
ru29-20180812T0220,3,2018-08-12T03:22:53Z,8.623294653875389,81.29176552465,201.02,201.02,12.9414,35.008392,4.10064,1027.3082
ru29-20180812T0220,3,2018-08-12T03:22:53Z,8.623294653875389,81.29176552465,208.53,208.53,12.7904,35.00904,4.08642,1027.3728
ru29-20180812T0220,3,2018-08-12T03:22:53Z,8.623294653875389,81.29176552465,215.74,215.74,12.7478,35.0057,4.08227,1027.411
ru29-20180812T0220,3,2018-08-12T03:22:53Z,8.623294653875389,81.29176552465,222.82,222.82,12.5237,35.011818,4.06156,1027.4924
ru29-20180812T0220,3,2018-08-12T03:22:53Z,8.623294653875389,81.29176552465,229.66,229.66,12.4752,35.01095,4.05709,1027.5319
ru29-20180812T0220,3,2018-08-12T03:22:53Z,8.623294653875389,81.29176552465,237.04,237.04,12.4048,35.010826,4.05061,1027.5787
ru29-20180812T0220,3,2018-08-12T03:22:53Z,8.623294653875389,81.29176552465,244.92,244.92,12.2499,35.010124,4.03595,1027.6442
ru29-20180812T0220,3,2018-08-12T03:22:53Z,8.623294653875389,81.29176552465,252.53,252.53,12.0476,35.017757,4.01759,1027.7239
ru29-20180812T0220,3,2018-08-12T03:22:53Z,8.623294653875389,81.29176552465,257.61,257.61,11.9016,35.02438,4.00445,1027.7803
ru29-20180812T0220,4,2018-08-12T03:45:29Z,8.624140875520293,81.29526852790985,257.61,257.61,11.9016,35.02438,4.00445,1027.7803
ru29-20180812T0220,4,2018-08-12T03:45:29Z,8.624140875520293,81.29526852790985,256.69,256.69,11.9304,35.021465,4.00688,1027.7683
ru29-20180812T0220,4,2018-08-12T03:45:29Z,8.624140875520293,81.29526852790985,248.57,248.57,12.195,35.00768,4.03057,1027.6694
ru29-20180812T0220,4,2018-08-12T03:45:29Z,8.624140875520293,81.29526852790985,236.21,236.21,12.4102,35.004314,4.05042,1027.569
ru29-20180812T0220,4,2018-08-12T03:45:29Z,8.624140875520293,81.29526852790985,224.13,224.13,12.7209,34.992367,4.07865,1027.4435
ru29-20180812T0220,4,2018-08-12T03:45:29Z,8.624140875520293,81.29526852790985,212.68,212.68,12.8734,34.99892,4.09358,1027.3666
ru29-20180812T0220,4,2018-08-12T03:45:29Z,8.624140875520293,81.29526852790985,202.47,202.47,13.1322,34.992123,4.11749,1027.263
ru29-20180812T0220,4,2018-08-12T03:45:29Z,8.624140875520293,81.29526852790985,192.66,192.66,13.3218,34.99008,4.13524,1027.1786
ru29-20180812T0220,4,2018-08-12T03:45:29Z,8.624140875520293,81.29526852790985,182.39,182.39,13.6378,34.969242,4.16329,1027.0509
ru29-20180812T0220,4,2018-08-12T03:45:29Z,8.624140875520293,81.29526852790985,171.4,171.4,14.6193,34.935467,4.25496,1026.7656
ru29-20180812T0220,4,2018-08-12T03:45:29Z,8.624140875520293,81.29526852790985,160.42,160.42,15.2704,34.91766,4.3164,1026.559
ru29-20180812T0220,4,2018-08-12T03:45:29Z,8.624140875520293,81.29526852790985,152.21,152.21,16.3814,34.88099,4.42153,1026.2396
ru29-20180812T0220,4,2018-08-12T03:45:29Z,8.624140875520293,81.29526852790985,142.07,142.07,16.8116,34.877537,4.46333,1026.0907
ru29-20180812T0220,4,2018-08-12T03:45:29Z,8.624140875520293,81.29526852790985,131.05,131.05,18.7424,34.808247,4.64744,1025.5139
ru29-20180812T0220,4,2018-08-12T03:45:29Z,8.624140875520293,81.29526852790985,120.81,120.81,19.2551,34.82294,4.70028,1025.3489
ru29-20180812T0220,4,2018-08-12T03:45:29Z,8.624140875520293,81.29526852790985,109.96,109.96,19.7625,34.82621,4.75137,1025.1718
ru29-20180812T0220,4,2018-08-12T03:45:29Z,8.624140875520293,81.29526852790985,100.28,100.28,20.2165,34.81556,4.79556,1025.0012
ru29-20180812T0220,4,2018-08-12T03:45:29Z,8.624140875520293,81.29526852790985,91.86,91.86,20.9567,34.774906,4.86524,1024.7343
ru29-20180812T0220,4,2018-08-12T03:45:29Z,8.624140875520293,81.29526852790985,82.92,82.92,21.5295,34.76545,4.92195,1024.5309
ru29-20180812T0220,4,2018-08-12T03:45:29Z,8.624140875520293,81.29526852790985,72.63,72.63,22.364,34.721783,5.00115,1024.2192
ru29-20180812T0220,4,2018-08-12T03:45:29Z,8.624140875520293,81.29526852790985,63.57,63.57,23.4753,34.634296,5.1033,1023.7937
ru29-20180812T0220,4,2018-08-12T03:45:29Z,8.624140875520293,81.29526852790985,55.64,55.64,24.3656,34.506905,5.17759,1023.39984
ru29-20180812T0220,4,2018-08-12T03:45:29Z,8.624140875520293,81.29526852790985,46.38,46.38,24.9391,34.460537,5.23,1023.15216
ru29-20180812T0220,4,2018-08-12T03:45:29Z,8.624140875520293,81.29526852790985,38.24,38.24,25.2484,34.424423,5.25664,1022.9956
ru29-20180812T0220,4,2018-08-12T03:45:29Z,8.624140875520293,81.29526852790985,32.18,32.18,26.2676,34.280624,5.3418,1022.5457
ru29-20180812T0220,4,2018-08-12T03:45:29Z,8.624140875520293,81.29526852790985,27.33,27.33,27.6168,34.089546,5.45417,1021.9518
ru29-20180812T0220,4,2018-08-12T03:45:29Z,8.624140875520293,81.29526852790985,21.56,21.56,27.9294,34.078392,5.48468,1021.81726
ru29-20180812T0220,4,2018-08-12T03:45:29Z,8.624140875520293,81.29526852790985,15.82,15.82,28.0442,34.07282,5.49553,1021.75104
ru29-20180812T0220,4,2018-08-12T03:45:29Z,8.624140875520293,81.29526852790985,9.97,9.97,28.4328,34.018612,5.52774,1021.5579
ru29-20180812T0220,4,2018-08-12T03:45:29Z,8.624140875520293,81.29526852790985,5.39,5.39,28.482,34.02312,5.5333,1021.52545
ru29-20180812T0220,4,2018-08-12T03:45:29Z,8.624140875520293,81.29526852790985,5.04,5.04,28.4873,34.020805,5.5335,1021.5205
ru29-20180812T0220,5,2018-08-12T04:35:13Z,8.622874943819424,81.3015238408378,1.36,1.36,28.5045,34.026546,5.53596,1021.50336
ru29-20180812T0220,5,2018-08-12T04:35:13Z,8.622874943819424,81.3015238408378,8.02,8.02,28.4687,34.028866,5.53286,1021.5454
ru29-20180812T0220,5,2018-08-12T04:35:13Z,8.622874943819424,81.3015238408378,20.67,20.67,28.081,34.0758,5.49997,1021.7621
ru29-20180812T0220,5,2018-08-12T04:35:13Z,8.622874943819424,81.3015238408378,32.99,32.99,27.425,34.12312,5.43934,1022.0632
ru29-20180812T0220,5,2018-08-12T04:35:13Z,8.622874943819424,81.3015238408378,44.57,44.57,25.0151,34.51592,5.24524,1023.1631
ru29-20180812T0220,5,2018-08-12T04:35:13Z,8.622874943819424,81.3015238408378,54.06,54.06,24.6418,34.49949,5.20495,1023.30457
ru29-20180812T0220,5,2018-08-12T04:35:13Z,8.622874943819424,81.3015238408378,62.67,62.67,23.5547,34.67507,5.11677,1023.7975
ru29-20180812T0220,5,2018-08-12T04:35:13Z,8.622874943819424,81.3015238408378,73.06,73.06,21.5742,34.8279,4.93396,1024.5231
ru29-20180812T0220,5,2018-08-12T04:35:13Z,8.622874943819424,81.3015238408378,82.89,82.89,21.2271,34.80743,4.89642,1024.646
ru29-20180812T0220,5,2018-08-12T04:35:13Z,8.622874943819424,81.3015238408378,93.39,93.39,20.7861,34.830364,4.85487,1024.8295
ru29-20180812T0220,5,2018-08-12T04:35:13Z,8.622874943819424,81.3015238408378,104.46,104.46,20.4891,34.831165,4.82529,1024.9584
ru29-20180812T0220,5,2018-08-12T04:35:13Z,8.622874943819424,81.3015238408378,114.32,114.32,20.2117,34.834774,4.79804,1025.0784
ru29-20180812T0220,5,2018-08-12T04:35:13Z,8.622874943819424,81.3015238408378,123.6,123.6,19.8645,34.842163,4.76421,1025.2166
ru29-20180812T0220,5,2018-08-12T04:35:13Z,8.622874943819424,81.3015238408378,132.49,132.49,19.5792,34.848133,4.7365,1025.3347
ru29-20180812T0220,5,2018-08-12T04:35:13Z,8.622874943819424,81.3015238408378,140.19,140.19,19.3245,34.851994,4.71161,1025.4376
ru29-20180812T0220,5,2018-08-12T04:35:13Z,8.622874943819424,81.3015238408378,146.44,146.44,18.284,34.880592,4.61072,1025.7523
ru29-20180812T0220,5,2018-08-12T04:35:13Z,8.622874943819424,81.3015238408378,152.88,152.88,16.6588,34.928074,4.4544,1026.2133
ru29-20180812T0220,5,2018-08-12T04:35:13Z,8.622874943819424,81.3015238408378,159.63,159.63,16.3545,34.92207,4.42384,1026.31
ru29-20180812T0220,5,2018-08-12T04:35:13Z,8.622874943819424,81.3015238408378,168.11,168.11,15.2508,34.948803,4.31825,1026.6213
ru29-20180812T0220,5,2018-08-12T04:35:13Z,8.622874943819424,81.3015238408378,175.34,175.34,14.6129,34.9739,4.25869,1026.8141
ru29-20180812T0220,5,2018-08-12T04:35:13Z,8.622874943819424,81.3015238408378,181.67,181.67,14.2691,34.97008,4.22491,1026.914
ru29-20180812T0220,5,2018-08-12T04:35:13Z,8.622874943819424,81.3015238408378,187.54,187.54,13.9583,34.98056,4.19595,1027.0146
ru29-20180812T0220,5,2018-08-12T04:35:13Z,8.622874943819424,81.3015238408378,193.05,193.05,13.5466,34.99049,4.15715,1027.1338
ru29-20180812T0220,5,2018-08-12T04:35:13Z,8.622874943819424,81.3015238408378,198.8,198.8,13.3923,34.993668,4.14274,1027.1941
ru29-20180812T0220,5,2018-08-12T04:35:13Z,8.622874943819424,81.3015238408378,204.3,204.3,13.2379,34.999836,4.12864,1027.2552
ru29-20180812T0220,5,2018-08-12T04:35:13Z,8.622874943819424,81.3015238408378,210.36,210.36,13.1573,35.000816,4.12119,1027.2997
ru29-20180812T0220,5,2018-08-12T04:35:13Z,8.622874943819424,81.3015238408378,216.89,216.89,12.8553,35.00834,4.093,1027.3964
ru29-20180812T0220,5,2018-08-12T04:35:13Z,8.622874943819424,81.3015238408378,224.74,224.74,12.8109,35.005657,4.08877,1027.4382
ru29-20180812T0220,5,2018-08-12T04:35:13Z,8.622874943819424,81.3015238408378,233.84,233.84,12.6672,35.008976,4.07562,1027.5104
ru29-20180812T0220,5,2018-08-12T04:35:13Z,8.622874943819424,81.3015238408378,242.79,242.79,12.3593,35.019375,4.04736,1027.6201
ru29-20180812T0220,5,2018-08-12T04:35:13Z,8.622874943819424,81.3015238408378,252.21,252.21,12.3004,35.016018,4.04175,1027.6713
ru29-20180812T0220,5,2018-08-12T04:35:13Z,8.622874943819424,81.3015238408378,261.87,261.87,12.2765,35.015976,4.03987,1027.719
ru29-20180812T0220,5,2018-08-12T04:35:13Z,8.622874943819424,81.3015238408378,271.0,271.0,12.2083,35.015667,4.03367,1027.7731
ru29-20180812T0220,5,2018-08-12T04:35:13Z,8.622874943819424,81.3015238408378,279.59,279.59,11.8422,35.02706,3.99999,1027.8921
ru29-20180812T0220,5,2018-08-12T04:35:13Z,8.622874943819424,81.3015238408378,287.55,287.55,11.6581,35.02969,3.98293,1027.9655
ru29-20180812T0220,5,2018-08-12T04:35:13Z,8.622874943819424,81.3015238408378,294.87,294.87,11.5459,35.029285,3.97245,1028.0194
ru29-20180812T0220,5,2018-08-12T04:35:13Z,8.622874943819424,81.3015238408378,302.49,302.49,11.5102,35.026966,3.96913,1028.0586
ru29-20180812T0220,5,2018-08-12T04:35:13Z,8.622874943819424,81.3015238408378,309.38,309.38,11.434,35.028316,3.96227,1028.105
ru29-20180812T0220,5,2018-08-12T04:35:13Z,8.622874943819424,81.3015238408378,316.62,316.62,11.3822,35.026344,3.95743,1028.1458
ru29-20180812T0220,5,2018-08-12T04:35:13Z,8.622874943819424,81.3015238408378,324.12,324.12,11.3383,35.02516,3.95344,1028.1868
ru29-20180812T0220,5,2018-08-12T04:35:13Z,8.622874943819424,81.3015238408378,331.39,331.39,11.2237,35.029152,3.9432,1028.2441
ru29-20180812T0220,5,2018-08-12T04:35:13Z,8.622874943819424,81.3015238408378,338.99,338.99,11.161,35.02854,3.93748,1028.2896
ru29-20180812T0220,5,2018-08-12T04:35:13Z,8.622874943819424,81.3015238408378,346.35,346.35,11.1251,35.028397,3.93436,1028.3291
ru29-20180812T0220,5,2018-08-12T04:35:13Z,8.622874943819424,81.3015238408378,353.92,353.92,11.1108,35.028507,3.93334,1028.3657
ru29-20180812T0220,5,2018-08-12T04:35:13Z,8.622874943819424,81.3015238408378,361.81,361.81,11.0927,35.029007,3.93201,1028.4048
ru29-20180812T0220,5,2018-08-12T04:35:13Z,8.622874943819424,81.3015238408378,369.26,369.26,11.0734,35.028053,3.9304,1028.441
ru29-20180812T0220,5,2018-08-12T04:35:13Z,8.622874943819424,81.3015238408378,377.08,377.08,11.001,35.02883,3.92391,1028.4902
ru29-20180812T0220,5,2018-08-12T04:35:13Z,8.622874943819424,81.3015238408378,384.53,384.53,10.9662,35.03015,3.92105,1028.5311
ru29-20180812T0220,5,2018-08-12T04:35:13Z,8.622874943819424,81.3015238408378,392.37,392.37,10.9519,35.029636,3.91998,1028.5685
ru29-20180812T0220,5,2018-08-12T04:35:13Z,8.622874943819424,81.3015238408378,400.07,400.07,10.8839,35.02961,3.91383,1028.6156
ru29-20180812T0220,5,2018-08-12T04:35:13Z,8.622874943819424,81.3015238408378,406.96,406.96,10.8628,35.03139,3.9123,1028.6519
ru29-20180812T0220,5,2018-08-12T04:35:13Z,8.622874943819424,81.3015238408378,414.01,414.01,10.8661,35.02993,3.91278,1028.6815
ru29-20180812T0220,5,2018-08-12T04:35:13Z,8.622874943819424,81.3015238408378,420.86,420.86,10.8633,35.03048,3.91287,1028.7131
ru29-20180812T0220,5,2018-08-12T04:35:13Z,8.622874943819424,81.3015238408378,427.84,427.84,10.745,35.01993,3.90085,1028.7583
ru29-20180812T0220,5,2018-08-12T04:35:13Z,8.622874943819424,81.3015238408378,434.73,434.73,10.6551,35.027924,3.89339,1028.8121
ru29-20180812T0220,5,2018-08-12T04:35:13Z,8.622874943819424,81.3015238408378,441.3,441.3,10.5909,35.027122,3.88749,1028.8528
ru29-20180812T0220,5,2018-08-12T04:35:13Z,8.622874943819424,81.3015238408378,448.34,448.34,10.505,35.027924,3.87971,1028.9008
ru29-20180812T0220,5,2018-08-12T04:35:13Z,8.622874943819424,81.3015238408378,454.93,454.93,10.4209,35.027447,3.87196,1028.9454
ru29-20180812T0220,5,2018-08-12T04:35:13Z,8.622874943819424,81.3015238408378,461.65,461.65,10.3872,35.027195,3.86903,1028.9816
ru29-20180812T0220,5,2018-08-12T04:35:13Z,8.622874943819424,81.3015238408378,468.25,468.25,10.3572,35.025967,3.86635,1029.0156
ru29-20180812T0220,5,2018-08-12T04:35:13Z,8.622874943819424,81.3015238408378,474.39,474.39,10.2663,35.02706,3.8581,1029.0607
ru29-20180812T0220,5,2018-08-12T04:35:13Z,8.622874943819424,81.3015238408378,480.43,480.43,10.1851,35.02469,3.85043,1029.1007
ru29-20180812T0220,5,2018-08-12T04:35:13Z,8.622874943819424,81.3015238408378,486.9,486.9,10.1768,35.023697,3.84983,1029.1304
ru29-20180812T0220,5,2018-08-12T04:35:13Z,8.622874943819424,81.3015238408378,492.79,492.79,10.1726,35.02409,3.84973,1029.1578
ru29-20180812T0220,5,2018-08-12T04:35:13Z,8.622874943819424,81.3015238408378,499.41,499.41,10.1651,35.025917,3.84949,1029.1902
ru29-20180812T0220,5,2018-08-12T04:35:13Z,8.622874943819424,81.3015238408378,506.08,506.08,10.1522,35.0249,3.84846,1029.2216
ru29-20180812T0220,5,2018-08-12T04:35:13Z,8.622874943819424,81.3015238408378,508.48,508.48,10.1309,35.031136,3.84716,1029.2411
ru29-20180812T0220,6,2018-08-12T05:20:26Z,8.625608615595125,81.30790467011751,508.48,508.48,10.1309,35.031136,3.84716,1029.2411
ru29-20180812T0220,6,2018-08-12T05:20:26Z,8.625608615595125,81.30790467011751,506.33,506.33,10.1913,35.023193,3.85201,1029.2142
ru29-20180812T0220,6,2018-08-12T05:20:26Z,8.625608615595125,81.30790467011751,496.29,496.29,10.1949,35.024006,3.85199,1029.1693
ru29-20180812T0220,6,2018-08-12T05:20:26Z,8.625608615595125,81.30790467011751,483.08,483.08,10.2049,35.02485,3.85244,1029.109
ru29-20180812T0220,6,2018-08-12T05:20:26Z,8.625608615595125,81.30790467011751,470.67,470.67,10.2334,35.021637,3.85428,1029.0458
ru29-20180812T0220,6,2018-08-12T05:20:26Z,8.625608615595125,81.30790467011751,460.01,460.01,10.343,35.021122,3.86416,1028.9775
ru29-20180812T0220,6,2018-08-12T05:20:26Z,8.625608615595125,81.30790467011751,449.4,449.4,10.4212,35.02376,3.87138,1028.9178
ru29-20180812T0220,6,2018-08-12T05:20:26Z,8.625608615595125,81.30790467011751,439.7,439.7,10.5642,35.025616,3.88473,1028.8494
ru29-20180812T0220,6,2018-08-12T05:20:26Z,8.625608615595125,81.30790467011751,429.94,429.94,10.6034,35.025932,3.88806,1028.7987
ru29-20180812T0220,6,2018-08-12T05:20:26Z,8.625608615595125,81.30790467011751,420.54,420.54,10.7095,35.025578,3.89771,1028.7367
ru29-20180812T0220,6,2018-08-12T05:20:26Z,8.625608615595125,81.30790467011751,410.3,410.3,10.8337,35.02766,3.9093,1028.6693
ru29-20180812T0220,6,2018-08-12T05:20:26Z,8.625608615595125,81.30790467011751,400.02,400.02,10.8756,35.02815,3.91289,1028.6158
ru29-20180812T0220,6,2018-08-12T05:20:26Z,8.625608615595125,81.30790467011751,390.63,390.63,10.8933,35.027615,3.91411,1028.5702
ru29-20180812T0220,6,2018-08-12T05:20:26Z,8.625608615595125,81.30790467011751,380.62,380.62,10.924,35.02606,3.91644,1028.5184
ru29-20180812T0220,6,2018-08-12T05:20:26Z,8.625608615595125,81.30790467011751,370.15,370.15,10.9771,35.026917,3.92113,1028.4623
ru29-20180812T0220,6,2018-08-12T05:20:26Z,8.625608615595125,81.30790467011751,360.54,360.54,11.0195,35.026394,3.9247,1028.4109
ru29-20180812T0220,6,2018-08-12T05:20:26Z,8.625608615595125,81.30790467011751,350.08,350.08,11.0779,35.026352,3.92981,1028.3531
ru29-20180812T0220,6,2018-08-12T05:20:26Z,8.625608615595125,81.30790467011751,340.11,340.11,11.177,35.024876,3.93869,1028.2887
ru29-20180812T0220,6,2018-08-12T05:20:26Z,8.625608615595125,81.30790467011751,329.42,329.42,11.1962,35.02754,3.94032,1028.2393
ru29-20180812T0220,6,2018-08-12T05:20:26Z,8.625608615595125,81.30790467011751,319.03,319.03,11.2409,35.025017,3.94388,1028.1824
ru29-20180812T0220,6,2018-08-12T05:20:26Z,8.625608615595125,81.30790467011751,309.37,309.37,11.3834,35.023342,3.95692,1028.1107
ru29-20180812T0220,6,2018-08-12T05:20:26Z,8.625608615595125,81.30790467011751,299.7,299.7,11.5162,35.021038,3.96898,1028.0403
ru29-20180812T0220,6,2018-08-12T05:20:26Z,8.625608615595125,81.30790467011751,290.65,290.65,11.6225,35.022007,3.97887,1027.9802
ru29-20180812T0220,6,2018-08-12T05:20:26Z,8.625608615595125,81.30790467011751,280.86,280.86,11.9859,35.01434,4.01256,1027.8599
ru29-20180812T0220,6,2018-08-12T05:20:26Z,8.625608615595125,81.30790467011751,271.09,271.09,12.2838,35.005592,4.03991,1027.7506
ru29-20180812T0220,6,2018-08-12T05:20:26Z,8.625608615595125,81.30790467011751,261.32,261.32,12.5659,34.994366,4.06553,1027.642
ru29-20180812T0220,6,2018-08-12T05:20:26Z,8.625608615595125,81.30790467011751,250.35,250.35,12.8246,34.99331,4.08994,1027.5399
ru29-20180812T0220,6,2018-08-12T05:20:26Z,8.625608615595125,81.30790467011751,237.06,237.06,12.8824,34.99708,4.09534,1027.4719
ru29-20180812T0220,6,2018-08-12T05:20:26Z,8.625608615595125,81.30790467011751,222.01,222.01,13.2163,34.989708,4.12626,1027.3307
ru29-20180812T0220,6,2018-08-12T05:20:26Z,8.625608615595125,81.30790467011751,207.34,207.34,13.4434,34.982773,4.14693,1027.2129
ru29-20180812T0220,6,2018-08-12T05:20:26Z,8.625608615595125,81.30790467011751,192.91,192.91,13.9632,34.96354,4.19484,1027.0243
ru29-20180812T0220,6,2018-08-12T05:20:26Z,8.625608615595125,81.30790467011751,178.12,178.12,15.536,34.8882,4.34004,1026.5544
ru29-20180812T0220,6,2018-08-12T05:20:26Z,8.625608615595125,81.30790467011751,166.39,166.39,15.8537,34.90718,4.37295,1026.4447
ru29-20180812T0220,6,2018-08-12T05:20:26Z,8.625608615595125,81.30790467011751,155.14,155.14,18.0835,34.89848,4.59312,1025.8542
ru29-20180812T0220,6,2018-08-12T05:20:26Z,8.625608615595125,81.30790467011751,145.19,145.19,18.8788,34.82723,4.66401,1025.5554
ru29-20180812T0220,6,2018-08-12T05:20:26Z,8.625608615595125,81.30790467011751,136.33,136.33,19.3254,34.8323,4.70916,1025.4055
ru29-20180812T0220,6,2018-08-12T05:20:26Z,8.625608615595125,81.30790467011751,126.6,126.6,19.4943,34.836166,4.72623,1025.3221
ru29-20180812T0220,6,2018-08-12T05:20:26Z,8.625608615595125,81.30790467011751,117.13,117.13,19.6317,34.835648,4.73962,1025.2445
ru29-20180812T0220,6,2018-08-12T05:20:26Z,8.625608615595125,81.30790467011751,107.03,107.03,19.9769,34.828575,4.7732,1025.1042
ru29-20180812T0220,6,2018-08-12T05:20:26Z,8.625608615595125,81.30790467011751,97.01,97.01,20.2522,34.819763,4.79955,1024.9807
ru29-20180812T0220,6,2018-08-12T05:20:26Z,8.625608615595125,81.30790467011751,88.01,88.01,21.3509,34.77541,4.90523,1024.6099
ru29-20180812T0220,6,2018-08-12T05:20:26Z,8.625608615595125,81.30790467011751,79.73,79.73,21.885,34.765633,4.9581,1024.4182
ru29-20180812T0220,6,2018-08-12T05:20:26Z,8.625608615595125,81.30790467011751,73.01,73.01,23.8954,34.56575,5.13782,1023.6592
ru29-20180812T0220,6,2018-08-12T05:20:26Z,8.625608615595125,81.30790467011751,65.2,65.2,24.1167,34.565792,5.16024,1023.5599
ru29-20180812T0220,6,2018-08-12T05:20:26Z,8.625608615595125,81.30790467011751,57.12,57.12,24.2058,34.55713,5.16791,1023.49194
ru29-20180812T0220,6,2018-08-12T05:20:26Z,8.625608615595125,81.30790467011751,49.46,49.46,24.274,34.55914,5.17487,1023.44
ru29-20180812T0220,6,2018-08-12T05:20:26Z,8.625608615595125,81.30790467011751,41.81,41.81,24.7581,34.540398,5.22191,1023.24756
ru29-20180812T0220,6,2018-08-12T05:20:26Z,8.625608615595125,81.30790467011751,36.54,36.54,26.1926,34.305912,5.33774,1022.607
ru29-20180812T0220,6,2018-08-12T05:20:26Z,8.625608615595125,81.30790467011751,32.34,32.34,27.4789,34.12357,5.44495,1022.04333
ru29-20180812T0220,6,2018-08-12T05:20:26Z,8.625608615595125,81.30790467011751,26.86,26.86,27.9099,34.075867,5.48252,1021.8444
ru29-20180812T0220,6,2018-08-12T05:20:26Z,8.625608615595125,81.30790467011751,21.7,21.7,28.1293,34.051937,5.50159,1021.7328
ru29-20180812T0220,6,2018-08-12T05:20:26Z,8.625608615595125,81.30790467011751,16.64,16.64,28.504,34.014095,5.53474,1021.5597
ru29-20180812T0220,6,2018-08-12T05:20:26Z,8.625608615595125,81.30790467011751,11.28,11.28,28.5519,34.016567,5.53984,1021.52277
ru29-20180812T0220,6,2018-08-12T05:20:26Z,8.625608615595125,81.30790467011751,6.52,6.52,28.5642,34.018307,5.54117,1021.4996
ru29-20180812T0220,6,2018-08-12T05:20:26Z,8.625608615595125,81.30790467011751,4.96,4.96,28.5604,34.020367,5.54101,1021.4957
ru29-20180812T0220,7,2018-08-12T06:33:31Z,8.626956720645717,81.31908063401855,2.35,2.35,28.5723,34.02302,5.54252,1021.4826
ru29-20180812T0220,7,2018-08-12T06:33:31Z,8.626956720645717,81.31908063401855,10.5,10.5,28.5613,34.02201,5.54157,1021.5204
ru29-20180812T0220,7,2018-08-12T06:33:31Z,8.626956720645717,81.31908063401855,23.72,23.72,28.1484,34.07024,5.50628,1021.74896
ru29-20180812T0220,7,2018-08-12T06:33:31Z,8.626956720645717,81.31908063401855,35.48,35.48,27.5288,34.145184,5.45331,1022.057
ru29-20180812T0220,7,2018-08-12T06:33:31Z,8.626956720645717,81.31908063401855,46.77,46.77,24.4307,34.61207,5.19796,1023.42163
ru29-20180812T0220,7,2018-08-12T06:33:31Z,8.626956720645717,81.31908063401855,57.47,57.47,24.2388,34.58162,5.17458,1023.50214
ru29-20180812T0220,7,2018-08-12T06:33:31Z,8.626956720645717,81.31908063401855,67.83,67.83,23.7528,34.6354,5.13214,1023.73157
ru29-20180812T0220,7,2018-08-12T06:33:31Z,8.626956720645717,81.31908063401855,78.52,78.52,22.334,34.74726,5.0016,1024.2726
ru29-20180812T0220,7,2018-08-12T06:33:31Z,8.626956720645717,81.31908063401855,88.43,88.43,21.5428,34.80579,4.92863,1024.5818
ru29-20180812T0220,7,2018-08-12T06:33:31Z,8.626956720645717,81.31908063401855,95.93,95.93,20.7597,34.835545,4.85294,1024.8516
ru29-20180812T0220,7,2018-08-12T06:33:31Z,8.626956720645717,81.31908063401855,103.74,103.74,20.2251,34.85262,4.80113,1025.0422
ru29-20180812T0220,7,2018-08-12T06:33:31Z,8.626956720645717,81.31908063401855,112.21,112.21,19.9998,34.845837,4.77785,1025.1339
ru29-20180812T0220,7,2018-08-12T06:33:31Z,8.626956720645717,81.31908063401855,120.6,120.6,19.5348,34.856453,4.73251,1025.3009
ru29-20180812T0220,7,2018-08-12T06:33:31Z,8.626956720645717,81.31908063401855,130.26,130.26,19.511,34.846638,4.72934,1025.3417
ru29-20180812T0220,7,2018-08-12T06:33:31Z,8.626956720645717,81.31908063401855,139.88,139.88,19.291,34.853233,4.70837,1025.4459
ru29-20180812T0220,7,2018-08-12T06:33:31Z,8.626956720645717,81.31908063401855,149.93,149.93,18.3749,34.886234,4.62065,1025.7491
ru29-20180812T0220,7,2018-08-12T06:33:31Z,8.626956720645717,81.31908063401855,159.75,159.75,18.1578,34.87091,4.59752,1025.8348
ru29-20180812T0220,7,2018-08-12T06:33:31Z,8.626956720645717,81.31908063401855,168.55,168.55,16.9793,34.910397,4.48491,1026.1923
ru29-20180812T0220,7,2018-08-12T06:33:31Z,8.626956720645717,81.31908063401855,177.15,177.15,15.9021,34.934597,4.38127,1026.5021
ru29-20180812T0220,7,2018-08-12T06:33:31Z,8.626956720645717,81.31908063401855,184.57,184.57,15.528,34.936657,4.34492,1026.622
ru29-20180812T0220,7,2018-08-12T06:33:31Z,8.626956720645717,81.31908063401855,192.36,192.36,15.0861,34.941654,4.30234,1026.7599
ru29-20180812T0220,7,2018-08-12T06:33:31Z,8.626956720645717,81.31908063401855,199.05,199.05,14.472,34.969315,4.24544,1026.9463
ru29-20180812T0220,7,2018-08-12T06:33:31Z,8.626956720645717,81.31908063401855,204.02,204.02,13.8877,34.984722,4.19024,1027.1061
ru29-20180812T0220,7,2018-08-12T06:33:31Z,8.626956720645717,81.31908063401855,208.56,208.56,13.3564,35.003643,4.14074,1027.2526
ru29-20180812T0220,7,2018-08-12T06:33:31Z,8.626956720645717,81.31908063401855,212.93,212.93,13.2794,35.000385,4.13311,1027.2855
ru29-20180812T0220,7,2018-08-12T06:33:31Z,8.626956720645717,81.31908063401855,217.3,217.3,13.2233,34.996906,4.12749,1027.3138
ru29-20180812T0220,7,2018-08-12T06:33:31Z,8.626956720645717,81.31908063401855,221.89,221.89,13.0457,35.001495,4.11095,1027.3744
ru29-20180812T0220,7,2018-08-12T06:33:31Z,8.626956720645717,81.31908063401855,226.51,226.51,13.0025,35.001423,4.10696,1027.4038
ru29-20180812T0220,7,2018-08-12T06:33:31Z,8.626956720645717,81.31908063401855,232.4,232.4,12.9862,35.001217,4.10562,1027.4331
ru29-20180812T0220,7,2018-08-12T06:33:31Z,8.626956720645717,81.31908063401855,238.75,238.75,12.973,35.00062,4.10456,1027.4636
ru29-20180812T0220,7,2018-08-12T06:33:31Z,8.626956720645717,81.31908063401855,246.18,246.18,12.9253,35.002735,4.10049,1027.508
ru29-20180812T0220,7,2018-08-12T06:33:31Z,8.626956720645717,81.31908063401855,253.53,253.53,12.3952,35.02304,4.05168,1027.6637
ru29-20180812T0220,7,2018-08-12T06:33:31Z,8.626956720645717,81.31908063401855,259.97,259.97,12.2679,35.016006,4.03896,1027.7123
ru29-20180812T0220,7,2018-08-12T06:33:31Z,8.626956720645717,81.31908063401855,266.27,266.27,12.2208,35.016106,4.03471,1027.7498
ru29-20180812T0220,7,2018-08-12T06:33:31Z,8.626956720645717,81.31908063401855,272.64,272.64,12.1982,35.01606,4.03281,1027.7826
ru29-20180812T0220,7,2018-08-12T06:33:31Z,8.626956720645717,81.31908063401855,278.61,278.61,12.0417,35.021267,4.01854,1027.8442
ru29-20180812T0220,7,2018-08-12T06:33:31Z,8.626956720645717,81.31908063401855,286.28,286.28,11.711,35.02957,3.98794,1027.9495
ru29-20180812T0220,7,2018-08-12T06:33:31Z,8.626956720645717,81.31908063401855,293.95,293.95,11.6062,35.0268,3.97794,1028.0018
ru29-20180812T0220,7,2018-08-12T06:33:31Z,8.626956720645717,81.31908063401855,302.34,302.34,11.4352,35.02977,3.96222,1028.0745
ru29-20180812T0220,7,2018-08-12T06:33:31Z,8.626956720645717,81.31908063401855,310.72,310.72,11.3283,35.030323,3.95241,1028.1327
ru29-20180812T0220,7,2018-08-12T06:33:31Z,8.626956720645717,81.31908063401855,318.65,318.65,11.2885,35.028614,3.94878,1028.1744
ru29-20180812T0220,7,2018-08-12T06:33:31Z,8.626956720645717,81.31908063401855,326.94,326.94,11.1949,35.03066,3.9404,1028.2308
ru29-20180812T0220,7,2018-08-12T06:33:31Z,8.626956720645717,81.31908063401855,334.44,334.44,11.1602,35.030113,3.93736,1028.2705
ru29-20180812T0220,7,2018-08-12T06:33:31Z,8.626956720645717,81.31908063401855,341.77,341.77,11.0658,35.03167,3.92882,1028.3224
ru29-20180812T0220,7,2018-08-12T06:33:31Z,8.626956720645717,81.31908063401855,349.23,349.23,11.0263,35.030895,3.9253,1028.3625
ru29-20180812T0220,7,2018-08-12T06:33:31Z,8.626956720645717,81.31908063401855,356.28,356.28,11.0194,35.029465,3.92481,1028.3943
ru29-20180812T0220,7,2018-08-12T06:33:31Z,8.626956720645717,81.31908063401855,363.33,363.33,10.9717,35.031277,3.92075,1028.4362
ru29-20180812T0220,7,2018-08-12T06:33:31Z,8.626956720645717,81.31908063401855,369.75,369.75,10.9647,35.03112,3.92035,1028.4661
ru29-20180812T0220,7,2018-08-12T06:33:31Z,8.626956720645717,81.31908063401855,376.71,376.71,10.9018,35.03136,3.91468,1028.5092
ru29-20180812T0220,7,2018-08-12T06:33:31Z,8.626956720645717,81.31908063401855,383.83,383.83,10.8011,35.030136,3.90527,1028.559
ru29-20180812T0220,7,2018-08-12T06:33:31Z,8.626956720645717,81.31908063401855,390.74,390.74,10.7874,35.030037,3.90426,1028.5923
ru29-20180812T0220,7,2018-08-12T06:33:31Z,8.626956720645717,81.31908063401855,398.08,398.08,10.7544,35.030342,3.90147,1028.6316
ru29-20180812T0220,7,2018-08-12T06:33:31Z,8.626956720645717,81.31908063401855,405.38,405.38,10.7365,35.028965,3.89995,1028.6665
ru29-20180812T0220,7,2018-08-12T06:33:31Z,8.626956720645717,81.31908063401855,413.02,413.02,10.7048,35.028687,3.89724,1028.7063
ru29-20180812T0220,7,2018-08-12T06:33:31Z,8.626956720645717,81.31908063401855,420.61,420.61,10.5875,35.030003,3.88654,1028.7631
ru29-20180812T0220,7,2018-08-12T06:33:31Z,8.626956720645717,81.31908063401855,427.87,427.87,10.5687,35.028374,3.88491,1028.7979
ru29-20180812T0220,7,2018-08-12T06:33:31Z,8.626956720645717,81.31908063401855,435.7,435.7,10.5562,35.0271,3.88394,1028.8341
ru29-20180812T0220,7,2018-08-12T06:33:31Z,8.626956720645717,81.31908063401855,443.45,443.45,10.4715,35.02883,3.8764,1028.8859
ru29-20180812T0220,7,2018-08-12T06:33:31Z,8.626956720645717,81.31908063401855,450.91,450.91,10.4552,35.026516,3.87495,1028.9204
ru29-20180812T0220,7,2018-08-12T06:33:31Z,8.626956720645717,81.31908063401855,458.81,458.81,10.3834,35.028572,3.86868,1028.9706
ru29-20180812T0220,7,2018-08-12T06:33:31Z,8.626956720645717,81.31908063401855,466.34,466.34,10.3687,35.02781,3.86754,1029.0063
ru29-20180812T0220,7,2018-08-12T06:33:31Z,8.626956720645717,81.31908063401855,474.03,474.03,10.3073,35.029438,3.86221,1029.0533
ru29-20180812T0220,7,2018-08-12T06:33:31Z,8.626956720645717,81.31908063401855,481.74,481.74,10.2755,35.02821,3.85941,1029.0928
ru29-20180812T0220,7,2018-08-12T06:33:31Z,8.626956720645717,81.31908063401855,489.3,489.3,10.1226,35.029003,3.84532,1029.1552
ru29-20180812T0220,7,2018-08-12T06:33:31Z,8.626956720645717,81.31908063401855,497.06,497.06,10.0396,35.026787,3.83758,1029.2032
ru29-20180812T0220,7,2018-08-12T06:33:31Z,8.626956720645717,81.31908063401855,504.42,504.42,10.012,35.030457,3.83565,1029.244
ru29-20180812T0220,7,2018-08-12T06:33:31Z,8.626956720645717,81.31908063401855,512.16,512.16,10.0003,35.030125,3.83485,1029.2805
ru29-20180812T0220,7,2018-08-12T06:33:31Z,8.626956720645717,81.31908063401855,519.9,519.9,9.9533,35.027462,3.83048,1029.3217
ru29-20180812T0220,7,2018-08-12T06:33:31Z,8.626956720645717,81.31908063401855,527.23,527.23,9.9446,35.026455,3.82988,1029.3552
ru29-20180812T0220,7,2018-08-12T06:33:31Z,8.626956720645717,81.31908063401855,534.96,534.96,9.8732,35.029472,3.82376,1029.405
ru29-20180812T0220,7,2018-08-12T06:33:31Z,8.626956720645717,81.31908063401855,541.78,541.78,9.8132,35.027775,3.81822,1029.4451
ru29-20180812T0220,7,2018-08-12T06:33:31Z,8.626956720645717,81.31908063401855,548.67,548.67,9.7546,35.022293,3.81245,1029.4822
ru29-20180812T0220,7,2018-08-12T06:33:31Z,8.626956720645717,81.31908063401855,555.97,555.97,9.7453,35.021355,3.8118,1029.5159
ru29-20180812T0220,7,2018-08-12T06:33:31Z,8.626956720645717,81.31908063401855,562.54,562.54,9.703,35.007465,3.80674,1029.542
ru29-20180812T0220,7,2018-08-12T06:33:31Z,8.626956720645717,81.31908063401855,568.99,568.99,9.6147,35.016506,3.79957,1029.5938
ru29-20180812T0220,7,2018-08-12T06:33:31Z,8.626956720645717,81.31908063401855,575.65,575.65,9.5164,35.030308,3.79193,1029.6519
ru29-20180812T0220,7,2018-08-12T06:33:31Z,8.626956720645717,81.31908063401855,583.45,583.45,9.4258,35.02182,3.78291,1029.6962
ru29-20180812T0220,7,2018-08-12T06:33:31Z,8.626956720645717,81.31908063401855,591.72,591.72,9.3584,35.02053,3.7768,1029.7441
ru29-20180812T0220,7,2018-08-12T06:33:31Z,8.626956720645717,81.31908063401855,599.82,599.82,9.3421,35.013283,3.77492,1029.7777
ru29-20180812T0220,7,2018-08-12T06:33:31Z,8.626956720645717,81.31908063401855,608.58,608.58,9.3099,35.011696,3.77212,1029.8214
ru29-20180812T0220,7,2018-08-12T06:33:31Z,8.626956720645717,81.31908063401855,616.95,616.95,9.2759,35.01203,3.76932,1029.8651
ru29-20180812T0220,7,2018-08-12T06:33:31Z,8.626956720645717,81.31908063401855,625.41,625.41,9.2373,35.013695,3.76622,1029.9111
ru29-20180812T0220,7,2018-08-12T06:33:31Z,8.626956720645717,81.31908063401855,633.93,633.93,9.0852,35.01246,3.75218,1029.975
ru29-20180812T0220,7,2018-08-12T06:33:31Z,8.626956720645717,81.31908063401855,641.73,641.73,8.9319,35.005108,3.73743,1030.0309
ru29-20180812T0220,7,2018-08-12T06:33:31Z,8.626956720645717,81.31908063401855,648.97,648.97,8.8922,35.003387,3.73386,1030.0688
ru29-20180812T0220,7,2018-08-12T06:33:31Z,8.626956720645717,81.31908063401855,655.96,655.96,8.8916,35.001724,3.73395,1030.099
ru29-20180812T0220,7,2018-08-12T06:33:31Z,8.626956720645717,81.31908063401855,663.46,663.46,8.8618,35.000942,3.73141,1030.1372
ru29-20180812T0220,7,2018-08-12T06:33:31Z,8.626956720645717,81.31908063401855,670.44,670.44,8.8242,34.99799,3.72791,1030.1727
ru29-20180812T0220,7,2018-08-12T06:33:31Z,8.626956720645717,81.31908063401855,676.93,676.93,8.7328,34.998775,3.71971,1030.2181
ru29-20180812T0220,7,2018-08-12T06:33:31Z,8.626956720645717,81.31908063401855,683.41,683.41,8.6985,34.995174,3.71644,1030.2504
ru29-20180812T0220,7,2018-08-12T06:33:31Z,8.626956720645717,81.31908063401855,689.87,689.87,8.6559,34.99048,3.71229,1030.283
ru29-20180812T0220,7,2018-08-12T06:33:31Z,8.626956720645717,81.31908063401855,695.94,695.94,8.5451,34.988285,3.70199,1030.3274
ru29-20180812T0220,7,2018-08-12T06:33:31Z,8.626956720645717,81.31908063401855,702.18,702.18,8.3886,34.984245,3.68727,1030.3788
ru29-20180812T0220,7,2018-08-12T06:33:31Z,8.626956720645717,81.31908063401855,708.44,708.44,8.3278,34.979664,3.68144,1030.4136
ru29-20180812T0220,7,2018-08-12T06:33:31Z,8.626956720645717,81.31908063401855,714.95,714.95,8.2885,34.97796,3.6779,1030.4481
ru29-20180812T0220,7,2018-08-12T06:33:31Z,8.626956720645717,81.31908063401855,721.31,721.31,8.2806,34.981983,3.67782,1030.4811
ru29-20180812T0220,7,2018-08-12T06:33:31Z,8.626956720645717,81.31908063401855,727.32,727.32,8.2513,34.97963,3.67513,1030.5112
ru29-20180812T0220,7,2018-08-12T06:33:31Z,8.626956720645717,81.31908063401855,733.46,733.46,8.2522,34.980682,3.67558,1030.5394
ru29-20180812T0220,7,2018-08-12T06:33:31Z,8.626956720645717,81.31908063401855,739.58,739.58,8.1608,34.978825,3.66716,1030.5808
ru29-20180812T0220,7,2018-08-12T06:33:31Z,8.626956720645717,81.31908063401855,745.98,745.98,8.0729,34.97649,3.65904,1030.6224
ru29-20180812T0220,7,2018-08-12T06:33:31Z,8.626956720645717,81.31908063401855,751.98,751.98,7.9462,34.96897,3.64682,1030.6646
ru29-20180812T0220,7,2018-08-12T06:33:31Z,8.626956720645717,81.31908063401855,759.25,759.25,7.9005,34.972908,3.64326,1030.7078
ru29-20180812T0220,7,2018-08-12T06:33:31Z,8.626956720645717,81.31908063401855,761.07,761.07,7.8935,34.96489,3.64194,1030.7108
ru29-20180812T0220,8,2018-08-12T07:40:12Z,8.632465117274421,81.3299108879479,761.07,761.07,7.8935,34.96489,3.64194,1030.7108
ru29-20180812T0220,8,2018-08-12T07:40:12Z,8.632465117274421,81.3299108879479,758.11,758.11,8.0247,34.965973,3.6541,1030.6768
ru29-20180812T0220,8,2018-08-12T07:40:12Z,8.632465117274421,81.3299108879479,748.94,748.94,8.0696,34.97146,3.65839,1030.6323
ru29-20180812T0220,8,2018-08-12T07:40:12Z,8.632465117274421,81.3299108879479,738.34,738.34,8.2142,34.969925,3.67124,1030.5593
ru29-20180812T0220,8,2018-08-12T07:40:12Z,8.632465117274421,81.3299108879479,727.27,727.27,8.2696,34.979176,3.67679,1030.5076
ru29-20180812T0220,8,2018-08-12T07:40:12Z,8.632465117274421,81.3299108879479,716.36,716.36,8.3135,34.978794,3.68037,1030.4508
ru29-20180812T0220,8,2018-08-12T07:40:12Z,8.632465117274421,81.3299108879479,705.63,705.63,8.354,34.97754,3.68356,1030.3949
ru29-20180812T0220,8,2018-08-12T07:40:12Z,8.632465117274421,81.3299108879479,694.29,694.29,8.5391,34.983036,3.70086,1030.3169
ru29-20180812T0220,8,2018-08-12T07:40:12Z,8.632465117274421,81.3299108879479,684.04,684.04,8.619,34.98821,3.70837,1030.2614
ru29-20180812T0220,8,2018-08-12T07:40:12Z,8.632465117274421,81.3299108879479,673.44,673.44,8.6667,34.992332,3.71276,1030.2089
ru29-20180812T0220,8,2018-08-12T07:40:12Z,8.632465117274421,81.3299108879479,662.88,662.88,8.6867,34.99318,3.71425,1030.1587
ru29-20180812T0220,8,2018-08-12T07:40:12Z,8.632465117274421,81.3299108879479,653.67,653.67,8.7899,34.996258,3.7238,1030.102
ru29-20180812T0220,8,2018-08-12T07:40:12Z,8.632465117274421,81.3299108879479,644.09,644.09,8.8113,34.996723,3.72543,1030.0558
ru29-20180812T0220,8,2018-08-12T07:40:12Z,8.632465117274421,81.3299108879479,634.69,634.69,8.9741,35.002598,3.74084,1029.99
ru29-20180812T0220,8,2018-08-12T07:40:12Z,8.632465117274421,81.3299108879479,624.78,624.78,9.3182,35.00207,3.77268,1029.885
ru29-20180812T0220,8,2018-08-12T07:40:12Z,8.632465117274421,81.3299108879479,614.82,614.82,9.4805,35.00802,3.7881,1029.8163
ru29-20180812T0220,8,2018-08-12T07:40:12Z,8.632465117274421,81.3299108879479,604.64,604.64,9.4912,35.01449,3.78929,1029.7738
ru29-20180812T0220,8,2018-08-12T07:40:12Z,8.632465117274421,81.3299108879479,593.73,593.73,9.494,35.016174,3.78924,1029.7257
ru29-20180812T0220,8,2018-08-12T07:40:12Z,8.632465117274421,81.3299108879479,582.99,582.99,9.4916,35.01645,3.78857,1029.6783
ru29-20180812T0220,8,2018-08-12T07:40:12Z,8.632465117274421,81.3299108879479,572.02,572.02,9.5346,35.016834,3.79218,1029.6218
ru29-20180812T0220,8,2018-08-12T07:40:12Z,8.632465117274421,81.3299108879479,560.91,560.91,9.5907,35.020504,3.79734,1029.565
ru29-20180812T0220,8,2018-08-12T07:40:12Z,8.632465117274421,81.3299108879479,550.04,550.04,9.7272,35.024017,3.81009,1029.4946
ru29-20180812T0220,8,2018-08-12T07:40:12Z,8.632465117274421,81.3299108879479,538.73,538.73,9.7889,35.025734,3.81559,1029.4342
ru29-20180812T0220,8,2018-08-12T07:40:12Z,8.632465117274421,81.3299108879479,527.63,527.63,9.9403,35.02308,3.82916,1029.3551
ru29-20180812T0220,8,2018-08-12T07:40:12Z,8.632465117274421,81.3299108879479,513.82,513.82,10.0227,35.022644,3.83631,1029.2781
ru29-20180812T0220,8,2018-08-12T07:40:12Z,8.632465117274421,81.3299108879479,499.79,499.79,10.1085,35.02071,3.84363,1029.1981
ru29-20180812T0220,8,2018-08-12T07:40:12Z,8.632465117274421,81.3299108879479,486.73,486.73,10.1821,35.021107,3.85007,1029.1266
ru29-20180812T0220,8,2018-08-12T07:40:12Z,8.632465117274421,81.3299108879479,473.53,473.53,10.3454,35.024227,3.86529,1029.04
ru29-20180812T0220,8,2018-08-12T07:40:12Z,8.632465117274421,81.3299108879479,460.75,460.75,10.4092,35.024063,3.87077,1028.9711
ru29-20180812T0220,8,2018-08-12T07:40:12Z,8.632465117274421,81.3299108879479,448.03,448.03,10.4594,35.02518,3.87509,1028.9058
ru29-20180812T0220,8,2018-08-12T07:40:12Z,8.632465117274421,81.3299108879479,435.54,435.54,10.4891,35.02516,3.87736,1028.8444
ru29-20180812T0220,8,2018-08-12T07:40:12Z,8.632465117274421,81.3299108879479,423.6,423.6,10.5324,35.02486,3.88092,1028.7827
ru29-20180812T0220,8,2018-08-12T07:40:12Z,8.632465117274421,81.3299108879479,410.56,410.56,10.7594,35.024048,3.90187,1028.6815
ru29-20180812T0220,8,2018-08-12T07:40:12Z,8.632465117274421,81.3299108879479,397.46,397.46,10.808,35.025627,3.90608,1028.6151
ru29-20180812T0220,8,2018-08-12T07:40:12Z,8.632465117274421,81.3299108879479,385.06,385.06,10.8325,35.02886,3.90819,1028.5576
ru29-20180812T0220,8,2018-08-12T07:40:12Z,8.632465117274421,81.3299108879479,372.31,372.31,10.9665,35.02528,3.92005,1028.4727
ru29-20180812T0220,8,2018-08-12T07:40:12Z,8.632465117274421,81.3299108879479,360.27,360.27,10.976,35.027435,3.92064,1028.4187
ru29-20180812T0220,8,2018-08-12T07:40:12Z,8.632465117274421,81.3299108879479,347.06,347.06,11.0705,35.027157,3.92905,1028.3417
ru29-20180812T0220,8,2018-08-12T07:40:12Z,8.632465117274421,81.3299108879479,333.98,333.98,11.1347,35.026413,3.93453,1028.2704
ru29-20180812T0220,8,2018-08-12T07:40:12Z,8.632465117274421,81.3299108879479,321.56,321.56,11.2083,35.02527,3.9409,1028.2001
ru29-20180812T0220,8,2018-08-12T07:40:12Z,8.632465117274421,81.3299108879479,308.41,308.41,11.2935,35.026493,3.94859,1028.1261
ru29-20180812T0220,8,2018-08-12T07:40:12Z,8.632465117274421,81.3299108879479,295.93,295.93,11.4995,35.024467,3.96756,1028.0293
ru29-20180812T0220,8,2018-08-12T07:40:12Z,8.632465117274421,81.3299108879479,283.3,283.3,11.7266,35.020298,3.98836,1027.9259
ru29-20180812T0220,8,2018-08-12T07:40:12Z,8.632465117274421,81.3299108879479,271.1,271.1,12.0132,35.02142,4.01548,1027.8164
ru29-20180812T0220,8,2018-08-12T07:40:12Z,8.632465117274421,81.3299108879479,259.71,259.71,12.3598,35.005657,4.04674,1027.6848
ru29-20180812T0220,8,2018-08-12T07:40:12Z,8.632465117274421,81.3299108879479,248.14,248.14,12.6142,34.999928,4.07019,1027.5779
ru29-20180812T0220,8,2018-08-12T07:40:12Z,8.632465117274421,81.3299108879479,237.72,237.72,12.6266,35.00285,4.07123,1027.5311
ru29-20180812T0220,8,2018-08-12T07:40:12Z,8.632465117274421,81.3299108879479,227.27,227.27,12.7065,35.000546,4.07825,1027.4667
ru29-20180812T0220,8,2018-08-12T07:40:12Z,8.632465117274421,81.3299108879479,216.45,216.45,12.9319,34.992794,4.09877,1027.3667
ru29-20180812T0220,8,2018-08-12T07:40:12Z,8.632465117274421,81.3299108879479,205.44,205.44,13.3157,34.98361,4.13453,1027.2317
ru29-20180812T0220,8,2018-08-12T07:40:12Z,8.632465117274421,81.3299108879479,194.25,194.25,13.4704,34.98094,4.14878,1027.1477
ru29-20180812T0220,8,2018-08-12T07:40:12Z,8.632465117274421,81.3299108879479,182.51,182.51,14.0986,34.96262,4.20749,1026.9486
ru29-20180812T0220,8,2018-08-12T07:40:12Z,8.632465117274421,81.3299108879479,169.77,169.77,14.9081,34.934635,4.2831,1026.6941
ru29-20180812T0220,8,2018-08-12T07:40:12Z,8.632465117274421,81.3299108879479,158.5,158.5,15.8734,34.907295,4.37456,1026.4054
ru29-20180812T0220,8,2018-08-12T07:40:12Z,8.632465117274421,81.3299108879479,148.71,148.71,17.334,34.86146,4.5137,1025.982
ru29-20180812T0220,8,2018-08-12T07:40:12Z,8.632465117274421,81.3299108879479,138.17,138.17,18.5344,34.842186,4.63092,1025.6238
ru29-20180812T0220,8,2018-08-12T07:40:12Z,8.632465117274421,81.3299108879479,129.34,129.34,18.6862,34.851818,4.64691,1025.554
ru29-20180812T0220,8,2018-08-12T07:40:12Z,8.632465117274421,81.3299108879479,120.57,120.57,18.9334,34.848347,4.67095,1025.45
ru29-20180812T0220,8,2018-08-12T07:40:12Z,8.632465117274421,81.3299108879479,112.5,112.5,19.4251,34.83716,4.71876,1025.2793
ru29-20180812T0220,8,2018-08-12T07:40:12Z,8.632465117274421,81.3299108879479,104.35,104.35,20.6675,34.79061,4.83837,1024.879
ru29-20180812T0220,8,2018-08-12T07:40:12Z,8.632465117274421,81.3299108879479,95.23,95.23,21.5023,34.768238,4.92006,1024.594
ru29-20180812T0220,8,2018-08-12T07:40:12Z,8.632465117274421,81.3299108879479,85.91,85.91,22.4249,34.71439,5.007,1024.2539
ru29-20180812T0220,8,2018-08-12T07:40:12Z,8.632465117274421,81.3299108879479,77.68,77.68,22.6921,34.709126,5.03332,1024.138
ru29-20180812T0220,8,2018-08-12T07:40:12Z,8.632465117274421,81.3299108879479,70.33,70.33,22.8485,34.704556,5.04844,1024.0579
ru29-20180812T0220,8,2018-08-12T07:40:12Z,8.632465117274421,81.3299108879479,63.01,63.01,23.2659,34.666245,5.08596,1023.87646
ru29-20180812T0220,8,2018-08-12T07:40:12Z,8.632465117274421,81.3299108879479,56.8,56.8,23.6772,34.618248,5.12164,1023.6931
ru29-20180812T0220,8,2018-08-12T07:40:12Z,8.632465117274421,81.3299108879479,49.07,49.07,24.5859,34.55676,5.20666,1023.34314
ru29-20180812T0220,8,2018-08-12T07:40:12Z,8.632465117274421,81.3299108879479,41.71,41.71,26.0348,34.348698,5.32757,1022.71075
ru29-20180812T0220,8,2018-08-12T07:40:12Z,8.632465117274421,81.3299108879479,36.51,36.51,27.1678,34.148647,5.41651,1022.18
ru29-20180812T0220,8,2018-08-12T07:40:12Z,8.632465117274421,81.3299108879479,30.35,30.35,27.6296,34.114864,5.45922,1021.9796
ru29-20180812T0220,8,2018-08-12T07:40:12Z,8.632465117274421,81.3299108879479,24.35,24.35,27.9964,34.081028,5.49211,1021.8094
ru29-20180812T0220,8,2018-08-12T07:40:12Z,8.632465117274421,81.3299108879479,19.45,19.45,28.627,33.99764,5.54522,1021.51874
ru29-20180812T0220,8,2018-08-12T07:40:12Z,8.632465117274421,81.3299108879479,15.29,15.29,28.6486,34.00442,5.54827,1021.4989
ru29-20180812T0220,8,2018-08-12T07:40:12Z,8.632465117274421,81.3299108879479,10.75,10.75,28.7032,34.009224,5.55444,1021.46497
ru29-20180812T0220,8,2018-08-12T07:40:12Z,8.632465117274421,81.3299108879479,5.9,5.9,28.7254,34.00983,5.55663,1021.4373
ru29-20180812T0220,8,2018-08-12T07:40:12Z,8.632465117274421,81.3299108879479,4.68,4.68,28.7264,34.009533,5.55664,1021.4315
ru29-20180812T0220,9,2018-08-12T08:59:08Z,8.636139385209907,81.34328709051213,7.55,7.55,28.7088,34.01116,5.55517,1021.45087
ru29-20180812T0220,9,2018-08-12T08:59:08Z,8.636139385209907,81.34328709051213,20.63,20.63,28.2331,34.073864,5.51545,1021.7107
ru29-20180812T0220,9,2018-08-12T08:59:08Z,8.636139385209907,81.34328709051213,33.47,33.47,27.4721,34.16071,5.44956,1022.0783
ru29-20180812T0220,9,2018-08-12T08:59:08Z,8.636139385209907,81.34328709051213,45.63,45.63,25.0962,34.574245,5.26155,1023.1871
ru29-20180812T0220,9,2018-08-12T08:59:08Z,8.636139385209907,81.34328709051213,55.82,55.82,23.7999,34.642433,5.1374,1023.6711
ru29-20180812T0220,9,2018-08-12T08:59:08Z,8.636139385209907,81.34328709051213,65.41,65.41,23.1513,34.68587,5.07686,1023.935
ru29-20180812T0220,9,2018-08-12T08:59:08Z,8.636139385209907,81.34328709051213,75.4,75.4,22.7979,34.695114,5.04225,1024.0872
ru29-20180812T0220,9,2018-08-12T08:59:08Z,8.636139385209907,81.34328709051213,85.59,85.59,21.8984,34.790512,4.96288,1024.4587
ru29-20180812T0220,9,2018-08-12T08:59:08Z,8.636139385209907,81.34328709051213,94.73,94.73,20.7596,34.838867,4.85329,1024.849
ru29-20180812T0220,9,2018-08-12T08:59:08Z,8.636139385209907,81.34328709051213,104.39,104.39,20.0273,34.84556,4.78026,1025.0923
ru29-20180812T0220,9,2018-08-12T08:59:08Z,8.636139385209907,81.34328709051213,113.78,113.78,18.8919,34.884926,4.67085,1025.4589
ru29-20180812T0220,9,2018-08-12T08:59:08Z,8.636139385209907,81.34328709051213,123.1,123.1,18.4283,34.87628,4.62366,1025.6106
ru29-20180812T0220,9,2018-08-12T08:59:08Z,8.636139385209907,81.34328709051213,131.26,131.26,18.3553,34.86971,4.61592,1025.6597
ru29-20180812T0220,9,2018-08-12T08:59:08Z,8.636139385209907,81.34328709051213,139.35,139.35,16.6793,34.96143,4.45964,1026.1746
ru29-20180812T0220,9,2018-08-12T08:59:08Z,8.636139385209907,81.34328709051213,148.48,148.48,15.743,34.95466,4.36654,1026.4275
ru29-20180812T0220,9,2018-08-12T08:59:08Z,8.636139385209907,81.34328709051213,156.44,156.44,15.4277,34.94954,4.33523,1026.5304
ru29-20180812T0220,9,2018-08-12T08:59:08Z,8.636139385209907,81.34328709051213,163.79,163.79,14.8405,34.968956,4.27996,1026.7091
ru29-20180812T0220,9,2018-08-12T08:59:08Z,8.636139385209907,81.34328709051213,171.22,171.22,14.7227,34.96609,4.26842,1026.7657
ru29-20180812T0220,9,2018-08-12T08:59:08Z,8.636139385209907,81.34328709051213,177.41,177.41,14.2704,34.973427,4.22521,1026.8973
ru29-20180812T0220,9,2018-08-12T08:59:08Z,8.636139385209907,81.34328709051213,183.36,183.36,14.0944,34.97993,4.20898,1026.9666
ru29-20180812T0220,9,2018-08-12T08:59:08Z,8.636139385209907,81.34328709051213,188.5,188.5,13.7342,34.990677,4.17523,1027.0743
ru29-20180812T0220,9,2018-08-12T08:59:08Z,8.636139385209907,81.34328709051213,194.26,194.26,13.5119,34.99286,4.15408,1027.1483
ru29-20180812T0220,9,2018-08-12T08:59:08Z,8.636139385209907,81.34328709051213,200.85,200.85,13.3547,34.99955,4.1398,1027.2155
ru29-20180812T0220,9,2018-08-12T08:59:08Z,8.636139385209907,81.34328709051213,207.07,207.07,13.2509,35.000263,4.13007,1027.2653
ru29-20180812T0220,9,2018-08-12T08:59:08Z,8.636139385209907,81.34328709051213,213.6,213.6,13.1014,35.002037,4.11604,1027.3265
ru29-20180812T0220,9,2018-08-12T08:59:08Z,8.636139385209907,81.34328709051213,219.82,219.82,12.9024,35.00451,4.09729,1027.3969
ru29-20180812T0220,9,2018-08-12T08:59:08Z,8.636139385209907,81.34328709051213,225.78,225.78,12.7466,35.011936,4.08325,1027.4608
ru29-20180812T0220,9,2018-08-12T08:59:08Z,8.636139385209907,81.34328709051213,231.8,231.8,12.6347,35.013702,4.07288,1027.5116
ru29-20180812T0220,9,2018-08-12T08:59:08Z,8.636139385209907,81.34328709051213,237.29,237.29,12.5321,35.016888,4.06354,1027.5591
ru29-20180812T0220,9,2018-08-12T08:59:08Z,8.636139385209907,81.34328709051213,243.2,243.2,12.4018,35.017258,4.05126,1027.6118
ru29-20180812T0220,9,2018-08-12T08:59:08Z,8.636139385209907,81.34328709051213,249.11,249.11,12.2558,35.017834,4.0375,1027.6676
ru29-20180812T0220,9,2018-08-12T08:59:08Z,8.636139385209907,81.34328709051213,254.82,254.82,12.1831,35.023003,4.03128,1027.7115
ru29-20180812T0220,9,2018-08-12T08:59:08Z,8.636139385209907,81.34328709051213,261.09,261.09,11.9296,35.02929,4.0078,1027.7942
ru29-20180812T0220,9,2018-08-12T08:59:08Z,8.636139385209907,81.34328709051213,267.2,267.2,11.8379,35.02719,3.99904,1027.8378
ru29-20180812T0220,9,2018-08-12T08:59:08Z,8.636139385209907,81.34328709051213,273.45,273.45,11.7316,35.029293,3.98932,1027.888
ru29-20180812T0220,9,2018-08-12T08:59:08Z,8.636139385209907,81.34328709051213,279.74,279.74,11.6609,35.029865,3.98287,1027.9302
ru29-20180812T0220,9,2018-08-12T08:59:08Z,8.636139385209907,81.34328709051213,285.8,285.8,11.5985,35.03054,3.97722,1027.9697
ru29-20180812T0220,9,2018-08-12T08:59:08Z,8.636139385209907,81.34328709051213,291.96,291.96,11.5516,35.028423,3.97278,1028.0046
ru29-20180812T0220,9,2018-08-12T08:59:08Z,8.636139385209907,81.34328709051213,297.72,297.72,11.4912,35.02887,3.96729,1028.0424
ru29-20180812T0220,9,2018-08-12T08:59:08Z,8.636139385209907,81.34328709051213,304.39,304.39,11.451,35.029427,3.96379,1028.0803
ru29-20180812T0220,9,2018-08-12T08:59:08Z,8.636139385209907,81.34328709051213,311.96,311.96,11.3774,35.026897,3.95682,1028.1262
ru29-20180812T0220,9,2018-08-12T08:59:08Z,8.636139385209907,81.34328709051213,319.05,319.05,11.282,35.029846,3.9483,1028.1783
ru29-20180812T0220,9,2018-08-12T08:59:08Z,8.636139385209907,81.34328709051213,326.35,326.35,11.2615,35.03012,3.94669,1028.2152
ru29-20180812T0220,9,2018-08-12T08:59:08Z,8.636139385209907,81.34328709051213,333.56,333.56,11.2136,35.03173,3.94259,1028.2577
ru29-20180812T0220,9,2018-08-12T08:59:08Z,8.636139385209907,81.34328709051213,341.09,341.09,11.1737,35.03185,3.93912,1028.2991
ru29-20180812T0220,9,2018-08-12T08:59:08Z,8.636139385209907,81.34328709051213,348.51,348.51,11.1052,35.032135,3.93293,1028.3455
ru29-20180812T0220,9,2018-08-12T08:59:08Z,8.636139385209907,81.34328709051213,355.65,355.65,11.0627,35.032875,3.92926,1028.386
ru29-20180812T0220,9,2018-08-12T08:59:08Z,8.636139385209907,81.34328709051213,363.06,363.06,11.0147,35.031246,3.92484,1028.4269
ru29-20180812T0220,9,2018-08-12T08:59:08Z,8.636139385209907,81.34328709051213,370.15,370.15,10.933,35.029198,3.91715,1028.4723
ru29-20180812T0220,9,2018-08-12T08:59:08Z,8.636139385209907,81.34328709051213,377.51,377.51,10.8568,35.03053,3.91034,1028.5205
ru29-20180812T0220,9,2018-08-12T08:59:08Z,8.636139385209907,81.34328709051213,384.66,384.66,10.8469,35.030907,3.90975,1028.5547
ru29-20180812T0220,9,2018-08-12T08:59:08Z,8.636139385209907,81.34328709051213,391.47,391.47,10.8353,35.033356,3.90919,1028.5892
ru29-20180812T0220,9,2018-08-12T08:59:08Z,8.636139385209907,81.34328709051213,398.71,398.71,10.8052,35.033855,3.90669,1028.6276
ru29-20180812T0220,9,2018-08-12T08:59:08Z,8.636139385209907,81.34328709051213,405.74,405.74,10.7886,35.03247,3.90528,1028.6611
ru29-20180812T0220,9,2018-08-12T08:59:08Z,8.636139385209907,81.34328709051213,413.28,413.28,10.7453,35.033707,3.90161,1028.7039
ru29-20180812T0220,9,2018-08-12T08:59:08Z,8.636139385209907,81.34328709051213,421.09,421.09,10.7136,35.033257,3.89889,1028.7444
ru29-20180812T0220,9,2018-08-12T08:59:08Z,8.636139385209907,81.34328709051213,428.75,428.75,10.6518,35.03152,3.89317,1028.7888
ru29-20180812T0220,9,2018-08-12T08:59:08Z,8.636139385209907,81.34328709051213,436.78,436.78,10.5416,35.032047,3.88309,1028.8456
ru29-20180812T0220,9,2018-08-12T08:59:08Z,8.636139385209907,81.34328709051213,444.27,444.27,10.4788,35.030445,3.87729,1028.8894
ru29-20180812T0220,9,2018-08-12T08:59:08Z,8.636139385209907,81.34328709051213,452.13,452.13,10.4561,35.02955,3.87539,1028.9281
ru29-20180812T0220,9,2018-08-12T08:59:08Z,8.636139385209907,81.34328709051213,459.94,459.94,10.4366,35.030045,3.87393,1028.967
ru29-20180812T0220,9,2018-08-12T08:59:08Z,8.636139385209907,81.34328709051213,467.53,467.53,10.3954,35.028732,3.87022,1029.0076
ru29-20180812T0220,9,2018-08-12T08:59:08Z,8.636139385209907,81.34328709051213,475.36,475.36,10.3533,35.02877,3.86657,1029.0503
ru29-20180812T0220,9,2018-08-12T08:59:08Z,8.636139385209907,81.34328709051213,482.66,482.66,10.208,35.03058,3.85328,1029.1111
ru29-20180812T0220,9,2018-08-12T08:59:08Z,8.636139385209907,81.34328709051213,490.27,490.27,10.1392,35.029144,3.84695,1029.1565
ru29-20180812T0220,9,2018-08-12T08:59:08Z,8.636139385209907,81.34328709051213,497.88,497.88,10.1091,35.026684,3.84419,1029.1942
ru29-20180812T0220,9,2018-08-12T08:59:08Z,8.636139385209907,81.34328709051213,505.28,505.28,10.0465,35.02633,3.83855,1029.2384
ru29-20180812T0220,9,2018-08-12T08:59:08Z,8.636139385209907,81.34328709051213,513.1,513.1,9.9756,35.028156,3.83236,1029.2877
ru29-20180812T0220,9,2018-08-12T08:59:08Z,8.636139385209907,81.34328709051213,520.31,520.31,9.923,35.036953,3.82856,1029.3363
ru29-20180812T0220,9,2018-08-12T08:59:08Z,8.636139385209907,81.34328709051213,527.85,527.85,9.818,35.036663,3.81893,1029.3888
ru29-20180812T0220,9,2018-08-12T08:59:08Z,8.636139385209907,81.34328709051213,535.41,535.41,9.7845,35.043888,3.8168,1029.4342
ru29-20180812T0220,9,2018-08-12T08:59:08Z,8.636139385209907,81.34328709051213,542.8,542.8,9.6729,35.03281,3.8055,1029.4788
ru29-20180812T0220,9,2018-08-12T08:59:08Z,8.636139385209907,81.34328709051213,550.61,550.61,9.5549,35.027603,3.7942,1029.5306
ru29-20180812T0220,9,2018-08-12T08:59:08Z,8.636139385209907,81.34328709051213,558.07,558.07,9.488,35.024624,3.78793,1029.5736
ru29-20180812T0220,9,2018-08-12T08:59:08Z,8.636139385209907,81.34328709051213,565.4,565.4,9.4523,35.021248,3.78456,1029.6102
ru29-20180812T0220,9,2018-08-12T08:59:08Z,8.636139385209907,81.34328709051213,573.0,573.0,9.4355,35.017937,3.78299,1029.6447
ru29-20180812T0220,9,2018-08-12T08:59:08Z,8.636139385209907,81.34328709051213,580.11,580.11,9.3795,35.01931,3.77816,1029.6875
ru29-20180812T0220,9,2018-08-12T08:59:08Z,8.636139385209907,81.34328709051213,587.43,587.43,9.3283,35.020237,3.77375,1029.73
ru29-20180812T0220,9,2018-08-12T08:59:08Z,8.636139385209907,81.34328709051213,594.77,594.77,9.2879,35.013817,3.76965,1029.765
ru29-20180812T0220,9,2018-08-12T08:59:08Z,8.636139385209907,81.34328709051213,601.58,601.58,9.2209,35.016445,3.7639,1029.8093
ru29-20180812T0220,9,2018-08-12T08:59:08Z,8.636139385209907,81.34328709051213,608.52,608.52,9.208,35.01498,3.76285,1029.8416
ru29-20180812T0220,9,2018-08-12T08:59:08Z,8.636139385209907,81.34328709051213,615.2,615.2,9.0677,35.018738,3.75032,1029.8989
ru29-20180812T0220,9,2018-08-12T08:59:08Z,8.636139385209907,81.34328709051213,621.95,621.95,9.0557,35.016563,3.74928,1029.9296
ru29-20180812T0220,9,2018-08-12T08:59:08Z,8.636139385209907,81.34328709051213,628.74,628.74,8.9879,35.014244,3.74299,1029.9701
ru29-20180812T0220,9,2018-08-12T08:59:08Z,8.636139385209907,81.34328709051213,636.02,636.02,8.9269,35.01063,3.73724,1030.0105
ru29-20180812T0220,9,2018-08-12T08:59:08Z,8.636139385209907,81.34328709051213,642.8,642.8,8.869,35.011177,3.73216,1030.0513
ru29-20180812T0220,9,2018-08-12T08:59:08Z,8.636139385209907,81.34328709051213,649.37,649.37,8.7972,35.009197,3.72553,1030.0916
ru29-20180812T0220,9,2018-08-12T08:59:08Z,8.636139385209907,81.34328709051213,655.94,655.94,8.7901,35.004982,3.72475,1030.119
ru29-20180812T0220,9,2018-08-12T08:59:08Z,8.636139385209907,81.34328709051213,662.74,662.74,8.7779,35.003677,3.72378,1030.1506
ru29-20180812T0220,9,2018-08-12T08:59:08Z,8.636139385209907,81.34328709051213,669.22,669.22,8.732,34.987347,3.71821,1030.1748
ru29-20180812T0220,9,2018-08-12T08:59:08Z,8.636139385209907,81.34328709051213,675.56,675.56,8.5456,34.99548,3.70183,1030.2415
ru29-20180812T0220,9,2018-08-12T08:59:08Z,8.636139385209907,81.34328709051213,681.88,681.88,8.4993,34.990196,3.69728,1030.2736
ru29-20180812T0220,9,2018-08-12T08:59:08Z,8.636139385209907,81.34328709051213,688.6,688.6,8.4771,34.989136,3.6954,1030.3066
ru29-20180812T0220,9,2018-08-12T08:59:08Z,8.636139385209907,81.34328709051213,695.31,695.31,8.4495,34.986645,3.69288,1030.3395
ru29-20180812T0220,9,2018-08-12T08:59:08Z,8.636139385209907,81.34328709051213,702.22,702.22,8.4304,34.98391,3.69114,1030.3716
ru29-20180812T0220,9,2018-08-12T08:59:08Z,8.636139385209907,81.34328709051213,709.33,709.33,8.3187,34.98252,3.6809,1030.4213
ru29-20180812T0220,9,2018-08-12T08:59:08Z,8.636139385209907,81.34328709051213,715.92,715.92,8.3,34.98205,3.6794,1030.4537
ru29-20180812T0220,9,2018-08-12T08:59:08Z,8.636139385209907,81.34328709051213,723.14,723.14,8.2822,34.980618,3.67792,1030.488
ru29-20180812T0220,9,2018-08-12T08:59:08Z,8.636139385209907,81.34328709051213,729.84,729.84,8.2586,34.98112,3.67606,1030.5225
ru29-20180812T0220,9,2018-08-12T08:59:08Z,8.636139385209907,81.34328709051213,736.84,736.84,8.1853,34.98019,3.66945,1030.5654
ru29-20180812T0220,9,2018-08-12T08:59:08Z,8.636139385209907,81.34328709051213,744.04,744.04,8.1628,34.98191,3.66783,1030.6029
ru29-20180812T0220,9,2018-08-12T08:59:08Z,8.636139385209907,81.34328709051213,750.83,750.83,8.1416,34.983166,3.66627,1030.638
ru29-20180812T0220,9,2018-08-12T08:59:08Z,8.636139385209907,81.34328709051213,758.24,758.24,8.1206,34.98138,3.66447,1030.6733
ru29-20180812T0220,9,2018-08-12T08:59:08Z,8.636139385209907,81.34328709051213,762.06,762.06,8.0204,34.98132,3.65531,1030.7072
ru29-20180812T0220,10,2018-08-12T10:05:26Z,8.642781178588212,81.35414117698554,762.06,762.06,8.0204,34.98132,3.65531,1030.7072
ru29-20180812T0220,10,2018-08-12T10:05:26Z,8.642781178588212,81.35414117698554,760.32,760.32,8.1234,34.983925,3.66506,1030.6842
ru29-20180812T0220,10,2018-08-12T10:05:26Z,8.642781178588212,81.35414117698554,753.44,753.44,8.1535,34.98241,3.66742,1030.6471
ru29-20180812T0220,10,2018-08-12T10:05:26Z,8.642781178588212,81.35414117698554,743.83,743.83,8.182,34.981396,3.66956,1030.5984
ru29-20180812T0220,10,2018-08-12T10:05:26Z,8.642781178588212,81.35414117698554,733.49,733.49,8.1835,34.97757,3.66889,1030.5487
ru29-20180812T0220,10,2018-08-12T10:05:26Z,8.642781178588212,81.35414117698554,723.47,723.47,8.2176,34.97875,3.67174,1030.4989
ru29-20180812T0220,10,2018-08-12T10:05:26Z,8.642781178588212,81.35414117698554,712.88,712.88,8.3109,34.983604,3.68043,1030.4395
ru29-20180812T0220,10,2018-08-12T10:05:26Z,8.642781178588212,81.35414117698554,702.08,702.08,8.3105,34.984432,3.68,1030.3916
ru29-20180812T0220,10,2018-08-12T10:05:26Z,8.642781178588212,81.35414117698554,691.53,691.53,8.4344,34.980133,3.69069,1030.3201
ru29-20180812T0220,10,2018-08-12T10:05:26Z,8.642781178588212,81.35414117698554,680.59,680.59,8.4695,34.98427,3.69388,1030.2682
ru29-20180812T0220,10,2018-08-12T10:05:26Z,8.642781178588212,81.35414117698554,670.33,670.33,8.6302,34.99138,3.70912,1030.2003
ru29-20180812T0220,10,2018-08-12T10:05:26Z,8.642781178588212,81.35414117698554,659.67,659.67,8.7008,34.994347,3.71554,1030.1427
ru29-20180812T0220,10,2018-08-12T10:05:26Z,8.642781178588212,81.35414117698554,648.79,648.79,8.7321,34.99903,3.71844,1030.0922
ru29-20180812T0220,10,2018-08-12T10:05:26Z,8.642781178588212,81.35414117698554,638.19,638.19,8.7739,35.004177,3.72238,1030.0415
ru29-20180812T0220,10,2018-08-12T10:05:26Z,8.642781178588212,81.35414117698554,627.35,627.35,8.8154,35.006874,3.72605,1029.9878
ru29-20180812T0220,10,2018-08-12T10:05:26Z,8.642781178588212,81.35414117698554,617.08,617.08,8.9436,35.00742,3.73767,1029.92
ru29-20180812T0220,10,2018-08-12T10:05:26Z,8.642781178588212,81.35414117698554,606.71,606.71,9.039,35.010574,3.74647,1029.8595
ru29-20180812T0220,10,2018-08-12T10:05:26Z,8.642781178588212,81.35414117698554,596.41,596.41,9.1364,35.011654,3.75527,1029.7972
ru29-20180812T0220,10,2018-08-12T10:05:26Z,8.642781178588212,81.35414117698554,585.24,585.24,9.1817,35.012928,3.75916,1029.7402
ru29-20180812T0220,10,2018-08-12T10:05:26Z,8.642781178588212,81.35414117698554,572.63,572.63,9.194,35.013107,3.75978,1029.6816
ru29-20180812T0220,10,2018-08-12T10:05:26Z,8.642781178588212,81.35414117698554,560.43,560.43,9.3474,35.01347,3.77371,1029.6003
ru29-20180812T0220,10,2018-08-12T10:05:26Z,8.642781178588212,81.35414117698554,547.28,547.28,9.4165,35.01648,3.77993,1029.5315
ru29-20180812T0220,10,2018-08-12T10:05:26Z,8.642781178588212,81.35414117698554,533.86,533.86,9.5524,35.021233,3.79261,1029.451
ru29-20180812T0220,10,2018-08-12T10:05:26Z,8.642781178588212,81.35414117698554,521.21,521.21,9.855,35.034748,3.82195,1029.3508
ru29-20180812T0220,10,2018-08-12T10:05:26Z,8.642781178588212,81.35414117698554,507.94,507.94,10.0009,35.021854,3.83391,1029.2551
ru29-20180812T0220,10,2018-08-12T10:05:26Z,8.642781178588212,81.35414117698554,495.24,495.24,10.1374,35.022556,3.84635,1029.174
ru29-20180812T0220,10,2018-08-12T10:05:26Z,8.642781178588212,81.35414117698554,482.17,482.17,10.3528,35.02288,3.86624,1029.0763
ru29-20180812T0220,10,2018-08-12T10:05:26Z,8.642781178588212,81.35414117698554,469.31,469.31,10.4237,35.026745,3.87279,1029.0087
ru29-20180812T0220,10,2018-08-12T10:05:26Z,8.642781178588212,81.35414117698554,456.6,456.6,10.5134,35.02759,3.88084,1028.9359
ru29-20180812T0220,10,2018-08-12T10:05:26Z,8.642781178588212,81.35414117698554,443.21,443.21,10.5898,35.02833,3.88759,1028.8624
ru29-20180812T0220,10,2018-08-12T10:05:26Z,8.642781178588212,81.35414117698554,430.32,430.32,10.6527,35.030766,3.89325,1028.795
ru29-20180812T0220,10,2018-08-12T10:05:26Z,8.642781178588212,81.35414117698554,416.98,416.98,10.7186,35.029896,3.89885,1028.7224
ru29-20180812T0220,10,2018-08-12T10:05:26Z,8.642781178588212,81.35414117698554,403.88,403.88,10.7655,35.0307,3.90282,1028.6558
ru29-20180812T0220,10,2018-08-12T10:05:26Z,8.642781178588212,81.35414117698554,391.64,391.64,10.8098,35.030792,3.90651,1028.5928
ru29-20180812T0220,10,2018-08-12T10:05:26Z,8.642781178588212,81.35414117698554,378.81,378.81,10.8375,35.031456,3.90865,1028.5308
ru29-20180812T0220,10,2018-08-12T10:05:26Z,8.642781178588212,81.35414117698554,366.41,366.41,10.9117,35.02548,3.91458,1028.4567
ru29-20180812T0220,10,2018-08-12T10:05:26Z,8.642781178588212,81.35414117698554,353.58,353.58,10.9619,35.027855,3.91904,1028.3917
ru29-20180812T0220,10,2018-08-12T10:05:26Z,8.642781178588212,81.35414117698554,340.87,340.87,11.0157,35.03112,3.92394,1028.3273
ru29-20180812T0220,10,2018-08-12T10:05:26Z,8.642781178588212,81.35414117698554,328.89,328.89,11.0979,35.030018,3.93115,1028.2574
ru29-20180812T0220,10,2018-08-12T10:05:26Z,8.642781178588212,81.35414117698554,316.35,316.35,11.2029,35.028717,3.9405,1028.1804
ru29-20180812T0220,10,2018-08-12T10:05:26Z,8.642781178588212,81.35414117698554,304.52,304.52,11.3422,35.02433,3.95286,1028.0977
ru29-20180812T0220,10,2018-08-12T10:05:26Z,8.642781178588212,81.35414117698554,292.42,292.42,11.4464,35.0253,3.9624,1028.0244
ru29-20180812T0220,10,2018-08-12T10:05:26Z,8.642781178588212,81.35414117698554,280.17,280.17,11.5768,35.02465,3.97429,1027.9442
ru29-20180812T0220,10,2018-08-12T10:05:26Z,8.642781178588212,81.35414117698554,268.24,268.24,11.773,35.019737,3.99209,1027.8492
ru29-20180812T0220,10,2018-08-12T10:05:26Z,8.642781178588212,81.35414117698554,255.57,255.57,11.9129,35.020905,4.00509,1027.7664
ru29-20180812T0220,10,2018-08-12T10:05:26Z,8.642781178588212,81.35414117698554,242.92,242.92,12.1855,35.014336,4.03009,1027.6512
ru29-20180812T0220,10,2018-08-12T10:05:26Z,8.642781178588212,81.35414117698554,230.81,230.81,12.3508,35.010593,4.0451,1027.5615
ru29-20180812T0220,10,2018-08-12T10:05:26Z,8.642781178588212,81.35414117698554,218.36,218.36,12.5686,35.01096,4.06561,1027.4629
ru29-20180812T0220,10,2018-08-12T10:05:26Z,8.642781178588212,81.35414117698554,207.02,207.02,12.9057,34.995327,4.09608,1027.332
ru29-20180812T0220,10,2018-08-12T10:05:26Z,8.642781178588212,81.35414117698554,NaN,NaN,NaN,NaN,NaN,NaN
ru29-20180812T0220,10,2018-08-12T10:05:26Z,8.642781178588212,81.35414117698554,194.64,194.64,13.2067,34.99089,4.12424,1027.2118
ru29-20180812T0220,10,2018-08-12T10:05:26Z,8.642781178588212,81.35414117698554,182.58,182.58,13.4264,34.994,4.14537,1027.1151
ru29-20180812T0220,10,2018-08-12T10:05:26Z,8.642781178588212,81.35414117698554,170.11,170.11,13.9019,34.973488,4.18892,1026.9438
ru29-20180812T0220,10,2018-08-12T10:05:26Z,8.642781178588212,81.35414117698554,157.52,157.52,14.7651,34.936398,4.26873,1026.6729
ru29-20180812T0220,10,2018-08-12T10:05:26Z,8.642781178588212,81.35414117698554,146.34,146.34,15.2801,34.925964,4.31765,1026.5009
ru29-20180812T0220,10,2018-08-12T10:05:26Z,8.642781178588212,81.35414117698554,135.56,135.56,16.2039,34.895344,4.40486,1026.2186
ru29-20180812T0220,10,2018-08-12T10:05:26Z,8.642781178588212,81.35414117698554,125.6,125.6,18.1193,34.840965,4.58866,1025.6719
ru29-20180812T0220,10,2018-08-12T10:05:26Z,8.642781178588212,81.35414117698554,117.37,117.37,18.7716,34.838093,4.65333,1025.4695
ru29-20180812T0220,10,2018-08-12T10:05:26Z,8.642781178588212,81.35414117698554,108.63,108.63,19.4235,34.82912,4.71746,1025.2567
ru29-20180812T0220,10,2018-08-12T10:05:26Z,8.642781178588212,81.35414117698554,100.56,100.56,19.4593,34.838566,4.72186,1025.2194
ru29-20180812T0220,10,2018-08-12T10:05:26Z,8.642781178588212,81.35414117698554,92.94,92.94,20.1846,34.818554,4.79238,1024.9801
ru29-20180812T0220,10,2018-08-12T10:05:26Z,8.642781178588212,81.35414117698554,84.94,84.94,20.8346,34.798065,4.85542,1024.755
ru29-20180812T0220,10,2018-08-12T10:05:26Z,8.642781178588212,81.35414117698554,76.7,76.7,21.8079,34.757523,4.94907,1024.4204
ru29-20180812T0220,10,2018-08-12T10:05:26Z,8.642781178588212,81.35414117698554,68.59,68.59,22.4977,34.762108,5.01984,1024.1943
ru29-20180812T0220,10,2018-08-12T10:05:26Z,8.642781178588212,81.35414117698554,60.18,60.18,23.0193,34.710625,5.06631,1023.9693
ru29-20180812T0220,10,2018-08-12T10:05:26Z,8.642781178588212,81.35414117698554,52.68,52.68,23.7546,34.670834,5.13635,1023.6924
ru29-20180812T0220,10,2018-08-12T10:05:26Z,8.642781178588212,81.35414117698554,45.59,45.59,23.8929,34.662987,5.14925,1023.615
ru29-20180812T0220,10,2018-08-12T10:05:26Z,8.642781178588212,81.35414117698554,39.32,39.32,24.7466,34.540855,5.22068,1023.24066
ru29-20180812T0220,10,2018-08-12T10:05:26Z,8.642781178588212,81.35414117698554,30.96,30.96,26.668,34.319145,5.3885,1022.4435
ru29-20180812T0220,10,2018-08-12T10:05:26Z,8.642781178588212,81.35414117698554,25.33,25.33,27.7851,34.107246,5.47402,1021.902
ru29-20180812T0220,10,2018-08-12T10:05:26Z,8.642781178588212,81.35414117698554,20.34,20.34,28.5627,33.99637,5.53841,1021.54285
ru29-20180812T0220,10,2018-08-12T10:05:26Z,8.642781178588212,81.35414117698554,16.99,16.99,28.6982,34.006954,5.55385,1021.49164
ru29-20180812T0220,10,2018-08-12T10:05:26Z,8.642781178588212,81.35414117698554,13.22,13.22,28.7079,34.015774,5.55598,1021.47894
ru29-20180812T0220,10,2018-08-12T10:05:26Z,8.642781178588212,81.35414117698554,9.18,9.18,28.6911,34.014183,5.55384,1021.466
ru29-20180812T0220,10,2018-08-12T10:05:26Z,8.642781178588212,81.35414117698554,5.14,5.14,28.6994,34.014088,5.55452,1021.44586
ru29-20180812T0220,11,2018-08-12T11:26:31Z,8.647791266207937,81.3679838236192,1.79,1.79,28.7056,34.019844,5.55586,1021.4338
ru29-20180812T0220,11,2018-08-12T11:26:31Z,8.647791266207937,81.3679838236192,10.98,10.98,28.6998,34.015793,5.55505,1021.47205
ru29-20180812T0220,11,2018-08-12T11:26:31Z,8.647791266207937,81.3679838236192,23.31,23.31,27.761,34.158516,5.47875,1021.9397
ru29-20180812T0220,11,2018-08-12T11:26:31Z,8.647791266207937,81.3679838236192,35.92,35.92,24.8151,34.609653,5.23686,1023.25726
ru29-20180812T0220,11,2018-08-12T11:26:31Z,8.647791266207937,81.3679838236192,46.15,46.15,23.9665,34.685696,5.15986,1023.61285
ru29-20180812T0220,11,2018-08-12T11:26:31Z,8.647791266207937,81.3679838236192,55.93,55.93,23.755,34.69299,5.13945,1023.7231
ru29-20180812T0220,11,2018-08-12T11:26:31Z,8.647791266207937,81.3679838236192,64.79,64.79,22.4718,34.773293,5.01846,1024.1937
ru29-20180812T0220,11,2018-08-12T11:26:31Z,8.647791266207937,81.3679838236192,73.1,73.1,22.1498,34.778057,4.98646,1024.3245
ru29-20180812T0220,11,2018-08-12T11:26:31Z,8.647791266207937,81.3679838236192,82.22,82.22,21.0468,34.82778,4.88058,1024.708
ru29-20180812T0220,11,2018-08-12T11:26:31Z,8.647791266207937,81.3679838236192,91.99,91.99,20.1619,34.859665,4.79508,1025.0133
ru29-20180812T0220,11,2018-08-12T11:26:31Z,8.647791266207937,81.3679838236192,101.93,101.93,19.631,34.854042,4.74112,1025.1924
ru29-20180812T0220,11,2018-08-12T11:26:31Z,8.647791266207937,81.3679838236192,111.97,111.97,19.2975,34.862923,4.70898,1025.3298
ru29-20180812T0220,11,2018-08-12T11:26:31Z,8.647791266207937,81.3679838236192,120.33,120.33,19.1538,34.85523,4.69394,1025.3976
ru29-20180812T0220,11,2018-08-12T11:26:31Z,8.647791266207937,81.3679838236192,128.78,128.78,18.1669,34.893944,4.59979,1025.7145
ru29-20180812T0220,11,2018-08-12T11:26:31Z,8.647791266207937,81.3679838236192,137.09,137.09,17.9016,34.88462,4.57251,1025.8097
ru29-20180812T0220,11,2018-08-12T11:26:31Z,8.647791266207937,81.3679838236192,144.21,144.21,15.7614,34.968468,4.36971,1026.4152
ru29-20180812T0220,11,2018-08-12T11:26:31Z,8.647791266207937,81.3679838236192,151.22,151.22,15.0219,34.97562,4.29795,1026.6184
ru29-20180812T0220,11,2018-08-12T11:26:31Z,8.647791266207937,81.3679838236192,157.38,157.38,14.6098,34.975624,4.25778,1026.7366
ru29-20180812T0220,11,2018-08-12T11:26:31Z,8.647791266207937,81.3679838236192,163.17,163.17,14.02,34.98875,4.20177,1026.8997
ru29-20180812T0220,11,2018-08-12T11:26:31Z,8.647791266207937,81.3679838236192,167.92,167.92,13.7796,34.992073,4.17889,1026.9744
ru29-20180812T0220,11,2018-08-12T11:26:31Z,8.647791266207937,81.3679838236192,172.53,172.53,13.4131,35.001354,4.14441,1027.0789
ru29-20180812T0220,11,2018-08-12T11:26:31Z,8.647791266207937,81.3679838236192,178.31,178.31,13.2858,35.002796,4.13245,1027.1321
ru29-20180812T0220,11,2018-08-12T11:26:31Z,8.647791266207937,81.3679838236192,184.22,184.22,13.1989,35.005024,4.12451,1027.178
ru29-20180812T0220,11,2018-08-12T11:26:31Z,8.647791266207937,81.3679838236192,190.56,190.56,12.9869,35.00683,4.10442,1027.2511
ru29-20180812T0220,11,2018-08-12T11:26:31Z,8.647791266207937,81.3679838236192,196.63,196.63,12.8443,35.011635,4.09138,1027.3109
ru29-20180812T0220,11,2018-08-12T11:26:31Z,8.647791266207937,81.3679838236192,202.86,202.86,12.7348,35.014328,4.08134,1027.3629
ru29-20180812T0220,11,2018-08-12T11:26:31Z,8.647791266207937,81.3679838236192,209.16,209.16,12.5731,35.02072,4.06665,1027.4285
ru29-20180812T0220,11,2018-08-12T11:26:31Z,8.647791266207937,81.3679838236192,215.06,215.06,12.5306,35.020184,4.06275,1027.4629
ru29-20180812T0220,11,2018-08-12T11:26:31Z,8.647791266207937,81.3679838236192,221.09,221.09,12.441,35.019848,4.05433,1027.5074
ru29-20180812T0220,11,2018-08-12T11:26:31Z,8.647791266207937,81.3679838236192,226.93,226.93,12.3395,35.01942,4.04475,1027.5533
ru29-20180812T0220,11,2018-08-12T11:26:31Z,8.647791266207937,81.3679838236192,232.24,232.24,12.1887,35.020416,4.03055,1027.6077
ru29-20180812T0220,11,2018-08-12T11:26:31Z,8.647791266207937,81.3679838236192,238.2,238.2,12.0928,35.025887,4.02214,1027.6573
ru29-20180812T0220,11,2018-08-12T11:26:31Z,8.647791266207937,81.3679838236192,245.05,245.05,11.892,35.029964,4.00354,1027.7305
ru29-20180812T0220,11,2018-08-12T11:26:31Z,8.647791266207937,81.3679838236192,252.21,252.21,11.7594,35.02894,3.99101,1027.7874
ru29-20180812T0220,11,2018-08-12T11:26:31Z,8.647791266207937,81.3679838236192,259.41,259.41,11.615,35.031815,3.97776,1027.8496
ru29-20180812T0220,11,2018-08-12T11:26:31Z,8.647791266207937,81.3679838236192,266.37,266.37,11.5871,35.029625,3.97517,1027.8844
ru29-20180812T0220,11,2018-08-12T11:26:31Z,8.647791266207937,81.3679838236192,273.57,273.57,11.5138,35.030704,3.96857,1027.9315
ru29-20180812T0220,11,2018-08-12T11:26:31Z,8.647791266207937,81.3679838236192,280.54,280.54,11.4523,35.030457,3.96296,1027.9742
ru29-20180812T0220,11,2018-08-12T11:26:31Z,8.647791266207937,81.3679838236192,288.02,288.02,11.4193,35.029858,3.96007,1028.0135
ru29-20180812T0220,11,2018-08-12T11:26:31Z,8.647791266207937,81.3679838236192,295.64,295.64,11.3883,35.027695,3.95722,1028.0519
ru29-20180812T0220,11,2018-08-12T11:26:31Z,8.647791266207937,81.3679838236192,303.18,303.18,11.3359,35.02663,3.95243,1028.0947
ru29-20180812T0220,11,2018-08-12T11:26:31Z,8.647791266207937,81.3679838236192,311.08,311.08,11.1794,35.032803,3.93843,1028.1646
ru29-20180812T0220,11,2018-08-12T11:26:31Z,8.647791266207937,81.3679838236192,318.58,318.58,11.1708,35.031105,3.93777,1028.1984
ru29-20180812T0220,11,2018-08-12T11:26:31Z,8.647791266207937,81.3679838236192,326.29,326.29,11.0753,35.03245,3.92912,1028.252
ru29-20180812T0220,11,2018-08-12T11:26:31Z,8.647791266207937,81.3679838236192,334.08,334.08,11.0279,35.031578,3.92485,1028.295
ru29-20180812T0220,11,2018-08-12T11:26:31Z,8.647791266207937,81.3679838236192,341.43,341.43,10.96,35.03364,3.9189,1028.3423
ru29-20180812T0220,11,2018-08-12T11:26:31Z,8.647791266207937,81.3679838236192,349.13,349.13,10.9429,35.03295,3.91754,1028.3794
ru29-20180812T0220,11,2018-08-12T11:26:31Z,8.647791266207937,81.3679838236192,356.63,356.63,10.9129,35.034157,3.91513,1028.4194
ru29-20180812T0220,11,2018-08-12T11:26:31Z,8.647791266207937,81.3679838236192,363.67,363.67,10.8822,35.033527,3.91245,1028.4562
ru29-20180812T0220,11,2018-08-12T11:26:31Z,8.647791266207937,81.3679838236192,371.03,371.03,10.8709,35.032448,3.91159,1028.4905
ru29-20180812T0220,11,2018-08-12T11:26:31Z,8.647791266207937,81.3679838236192,378.14,378.14,10.8181,35.033752,3.907,1028.5331
ru29-20180812T0220,11,2018-08-12T11:26:31Z,8.647791266207937,81.3679838236192,385.58,385.58,10.7938,35.03192,3.90483,1028.5696
ru29-20180812T0220,11,2018-08-12T11:26:31Z,8.647791266207937,81.3679838236192,392.92,392.92,10.7692,35.03152,3.90277,1028.6067
ru29-20180812T0220,11,2018-08-12T11:26:31Z,8.647791266207937,81.3679838236192,399.68,399.68,10.7144,35.03315,3.89801,1028.6483
ru29-20180812T0220,11,2018-08-12T11:26:31Z,8.647791266207937,81.3679838236192,406.68,406.68,10.6354,35.03379,3.89086,1028.6948
ru29-20180812T0220,11,2018-08-12T11:26:31Z,8.647791266207937,81.3679838236192,413.21,413.21,10.5566,35.032787,3.88355,1028.7379
ru29-20180812T0220,11,2018-08-12T11:26:31Z,8.647791266207937,81.3679838236192,420.07,420.07,10.5031,35.033245,3.87881,1028.7788
ru29-20180812T0220,11,2018-08-12T11:26:31Z,8.647791266207937,81.3679838236192,426.79,426.79,10.383,35.030094,3.86738,1028.8285
ru29-20180812T0220,11,2018-08-12T11:26:31Z,8.647791266207937,81.3679838236192,432.86,432.86,10.3522,35.028954,3.86461,1028.8605
ru29-20180812T0220,11,2018-08-12T11:26:31Z,8.647791266207937,81.3679838236192,439.31,439.31,10.3148,35.030132,3.86146,1028.8971
ru29-20180812T0220,11,2018-08-12T11:26:31Z,8.647791266207937,81.3679838236192,445.89,445.89,10.206,35.030685,3.85148,1028.9469
ru29-20180812T0220,11,2018-08-12T11:26:31Z,8.647791266207937,81.3679838236192,453.16,453.16,10.1479,35.032097,3.84643,1028.9911
ru29-20180812T0220,11,2018-08-12T11:26:31Z,8.647791266207937,81.3679838236192,460.23,460.23,10.1346,35.031784,3.84545,1029.0249
ru29-20180812T0220,11,2018-08-12T11:26:31Z,8.647791266207937,81.3679838236192,466.9,466.9,10.1394,35.03311,3.84633,1029.0549
ru29-20180812T0220,11,2018-08-12T11:26:31Z,8.647791266207937,81.3679838236192,473.74,473.74,10.1412,35.033703,3.84686,1029.0857
ru29-20180812T0220,11,2018-08-12T11:26:31Z,8.647791266207937,81.3679838236192,480.31,480.31,10.1485,35.03836,3.8483,1029.1174
ru29-20180812T0220,11,2018-08-12T11:26:31Z,8.647791266207937,81.3679838236192,486.78,486.78,10.1505,35.04695,3.84962,1029.1527
ru29-20180812T0220,11,2018-08-12T11:26:31Z,8.647791266207937,81.3679838236192,493.2,493.2,10.1061,35.045708,3.84557,1029.1886
ru29-20180812T0220,11,2018-08-12T11:26:31Z,8.647791266207937,81.3679838236192,499.87,499.87,10.0896,35.046936,3.84442,1029.2224
ru29-20180812T0220,11,2018-08-12T11:26:31Z,8.647791266207937,81.3679838236192,506.7,506.7,10.0829,35.048,3.84419,1029.255
ru29-20180812T0220,11,2018-08-12T11:26:31Z,8.647791266207937,81.3679838236192,513.18,513.18,9.8893,35.04209,3.82556,1029.3145
ru29-20180812T0220,11,2018-08-12T11:26:31Z,8.647791266207937,81.3679838236192,519.98,519.98,9.8459,35.04687,3.82222,1029.3564
ru29-20180812T0220,11,2018-08-12T11:26:31Z,8.647791266207937,81.3679838236192,526.68,526.68,9.605,35.036297,3.79872,1029.4213
ru29-20180812T0220,11,2018-08-12T11:26:31Z,8.647791266207937,81.3679838236192,533.37,533.37,9.5426,35.030777,3.79259,1029.458
ru29-20180812T0220,11,2018-08-12T11:26:31Z,8.647791266207937,81.3679838236192,540.3,540.3,9.5142,35.03061,3.7902,1029.494
ru29-20180812T0220,11,2018-08-12T11:26:31Z,8.647791266207937,81.3679838236192,546.59,546.59,9.3847,35.024086,3.77764,1029.5399
ru29-20180812T0220,11,2018-08-12T11:26:31Z,8.647791266207937,81.3679838236192,553.21,553.21,9.3163,35.021805,3.77127,1029.5798
ru29-20180812T0220,11,2018-08-12T11:26:31Z,8.647791266207937,81.3679838236192,559.94,559.94,9.2798,35.01817,3.76778,1029.6136
ru29-20180812T0220,11,2018-08-12T11:26:31Z,8.647791266207937,81.3679838236192,566.38,566.38,9.2305,35.015,3.76312,1029.6487
ru29-20180812T0220,11,2018-08-12T11:26:31Z,8.647791266207937,81.3679838236192,573.1,573.1,9.1819,35.013283,3.75868,1029.6859
ru29-20180812T0220,11,2018-08-12T11:26:31Z,8.647791266207937,81.3679838236192,579.33,579.33,9.1764,35.012592,3.75837,1029.7144
ru29-20180812T0220,11,2018-08-12T11:26:31Z,8.647791266207937,81.3679838236192,585.77,585.77,9.1757,35.012417,3.75857,1029.7432
ru29-20180812T0220,11,2018-08-12T11:26:31Z,8.647791266207937,81.3679838236192,592.12,592.12,9.123,35.012768,3.75393,1029.7811
ru29-20180812T0220,11,2018-08-12T11:26:31Z,8.647791266207937,81.3679838236192,598.24,598.24,8.9577,35.006927,3.73812,1029.8326
ru29-20180812T0220,11,2018-08-12T11:26:31Z,8.647791266207937,81.3679838236192,604.57,604.57,8.8556,35.008976,3.72902,1029.8802
ru29-20180812T0220,11,2018-08-12T11:26:31Z,8.647791266207937,81.3679838236192,610.64,610.64,8.7891,35.00672,3.72284,1029.9171
ru29-20180812T0220,11,2018-08-12T11:26:31Z,8.647791266207937,81.3679838236192,617.06,617.06,8.723,35.00387,3.71666,1029.9551
ru29-20180812T0220,11,2018-08-12T11:26:31Z,8.647791266207937,81.3679838236192,623.51,623.51,8.6939,35.002197,3.71406,1029.9877
ru29-20180812T0220,11,2018-08-12T11:26:31Z,8.647791266207937,81.3679838236192,629.59,629.59,8.6693,34.999943,3.71181,1030.0175
ru29-20180812T0220,11,2018-08-12T11:26:31Z,8.647791266207937,81.3679838236192,636.25,636.25,8.6636,34.999435,3.71152,1030.048
ru29-20180812T0220,11,2018-08-12T11:26:31Z,8.647791266207937,81.3679838236192,642.89,642.89,8.5533,34.99831,3.70139,1030.0956
ru29-20180812T0220,11,2018-08-12T11:26:31Z,8.647791266207937,81.3679838236192,649.87,649.87,8.5319,34.99614,3.69949,1030.1289
ru29-20180812T0220,11,2018-08-12T11:26:31Z,8.647791266207937,81.3679838236192,656.74,656.74,8.5274,34.99519,3.69928,1030.1598
ru29-20180812T0220,11,2018-08-12T11:26:31Z,8.647791266207937,81.3679838236192,663.46,663.46,8.5148,34.995014,3.69838,1030.1919
ru29-20180812T0220,11,2018-08-12T11:26:31Z,8.647791266207937,81.3679838236192,670.7,670.7,8.4614,34.994602,3.69367,1030.2332
ru29-20180812T0220,11,2018-08-12T11:26:31Z,8.647791266207937,81.3679838236192,677.68,677.68,8.4577,34.993763,3.69355,1030.2645
ru29-20180812T0220,11,2018-08-12T11:26:31Z,8.647791266207937,81.3679838236192,685.11,685.11,8.4337,34.99341,3.6916,1030.3016
ru29-20180812T0220,11,2018-08-12T11:26:31Z,8.647791266207937,81.3679838236192,692.36,692.36,8.3976,34.99217,3.68843,1030.3394
ru29-20180812T0220,11,2018-08-12T11:26:31Z,8.647791266207937,81.3679838236192,699.24,699.24,8.3316,34.989483,3.68232,1030.3793
ru29-20180812T0220,11,2018-08-12T11:26:31Z,8.647791266207937,81.3679838236192,706.52,706.52,8.2816,34.985603,3.67761,1030.4174
ru29-20180812T0220,11,2018-08-12T11:26:31Z,8.647791266207937,81.3679838236192,713.38,713.38,8.2646,34.986084,3.67637,1030.4514
ru29-20180812T0220,11,2018-08-12T11:26:31Z,8.647791266207937,81.3679838236192,720.52,720.52,8.2296,34.98821,3.67362,1030.491
ru29-20180812T0220,11,2018-08-12T11:26:31Z,8.647791266207937,81.3679838236192,727.58,727.58,8.1268,34.98667,3.66421,1030.5387
ru29-20180812T0220,11,2018-08-12T11:26:31Z,8.647791266207937,81.3679838236192,734.29,734.29,8.0622,34.983673,3.65821,1030.5773
ru29-20180812T0220,11,2018-08-12T11:26:31Z,8.647791266207937,81.3679838236192,741.31,741.31,7.9784,34.98289,3.65065,1030.6221
ru29-20180812T0220,11,2018-08-12T11:26:31Z,8.647791266207937,81.3679838236192,747.9,747.9,7.8975,34.980858,3.64323,1030.6635
ru29-20180812T0220,11,2018-08-12T11:26:31Z,8.647791266207937,81.3679838236192,754.77,754.77,7.8714,34.978016,3.64084,1030.6964
ru29-20180812T0220,11,2018-08-12T11:26:31Z,8.647791266207937,81.3679838236192,760.03,760.03,7.8554,34.977123,3.6395,1030.722
ru29-20180812T0220,12,2018-08-12T12:34:19Z,8.654930859808548,81.37708284536467,760.03,760.03,7.8554,34.977123,3.6395,1030.722
ru29-20180812T0220,12,2018-08-12T12:34:19Z,8.654930859808548,81.37708284536467,759.31,759.31,7.8541,34.977467,3.63938,1030.7192
ru29-20180812T0220,12,2018-08-12T12:34:19Z,8.654930859808548,81.37708284536467,753.94,753.94,7.8759,34.975964,3.64103,1030.6903
ru29-20180812T0220,12,2018-08-12T12:34:19Z,8.654930859808548,81.37708284536467,744.07,744.07,7.9061,34.97709,3.64351,1030.6418
ru29-20180812T0220,12,2018-08-12T12:34:19Z,8.654930859808548,81.37708284536467,733.08,733.08,7.9745,34.97702,3.64938,1030.5812
ru29-20180812T0220,12,2018-08-12T12:34:19Z,8.654930859808548,81.37708284536467,722.3,722.3,8.1931,34.977283,3.66927,1030.4966
ru29-20180812T0220,12,2018-08-12T12:34:19Z,8.654930859808548,81.37708284536467,711.66,711.66,8.2686,34.981968,3.67628,1030.4398
ru29-20180812T0220,12,2018-08-12T12:34:19Z,8.654930859808548,81.37708284536467,700.22,700.22,8.3076,34.984768,3.67968,1030.384
ru29-20180812T0220,12,2018-08-12T12:34:19Z,8.654930859808548,81.37708284536467,688.86,688.86,8.392,34.989788,3.68753,1030.3228
ru29-20180812T0220,12,2018-08-12T12:34:19Z,8.654930859808548,81.37708284536467,676.65,676.65,8.4566,34.989937,3.69304,1030.2571
ru29-20180812T0220,12,2018-08-12T12:34:19Z,8.654930859808548,81.37708284536467,665.33,665.33,8.4831,34.992153,3.69523,1030.2035
ru29-20180812T0220,12,2018-08-12T12:34:19Z,8.654930859808548,81.37708284536467,653.49,653.49,8.5148,34.993916,3.69784,1030.1464
ru29-20180812T0220,12,2018-08-12T12:34:19Z,8.654930859808548,81.37708284536467,641.48,641.48,8.5346,34.994923,3.69926,1030.0898
ru29-20180812T0220,12,2018-08-12T12:34:19Z,8.654930859808548,81.37708284536467,629.88,629.88,8.5543,34.995316,3.70063,1030.0347
ru29-20180812T0220,12,2018-08-12T12:34:19Z,8.654930859808548,81.37708284536467,617.66,617.66,8.6935,34.996666,3.71324,1029.9572
ru29-20180812T0220,12,2018-08-12T12:34:19Z,8.654930859808548,81.37708284536467,606.26,606.26,8.7275,35.00158,3.71639,1029.904
ru29-20180812T0220,12,2018-08-12T12:34:19Z,8.654930859808548,81.37708284536467,594.32,594.32,8.7846,35.002285,3.72128,1029.8412
ru29-20180812T0220,12,2018-08-12T12:34:19Z,8.654930859808548,81.37708284536467,582.41,582.41,8.9496,35.00561,3.73654,1029.762
ru29-20180812T0220,12,2018-08-12T12:34:19Z,8.654930859808548,81.37708284536467,571.3,571.3,9.0555,35.01072,3.74648,1029.6979
ru29-20180812T0220,12,2018-08-12T12:34:19Z,8.654930859808548,81.37708284536467,559.64,559.64,9.1762,35.00961,3.7572,1029.6237
ru29-20180812T0220,12,2018-08-12T12:34:19Z,8.654930859808548,81.37708284536467,548.7,548.7,9.2348,35.012947,3.76255,1029.567
ru29-20180812T0220,12,2018-08-12T12:34:19Z,8.654930859808548,81.37708284536467,537.14,537.14,9.358,35.0244,3.77474,1029.5024
ru29-20180812T0220,12,2018-08-12T12:34:19Z,8.654930859808548,81.37708284536467,525.3,525.3,9.4966,35.027405,3.78757,1029.4274
ru29-20180812T0220,12,2018-08-12T12:34:19Z,8.654930859808548,81.37708284536467,514.06,514.06,9.5352,35.030132,3.79098,1029.3722
ru29-20180812T0220,12,2018-08-12T12:34:19Z,8.654930859808548,81.37708284536467,502.77,502.77,9.5993,35.03116,3.79663,1029.311
ru29-20180812T0220,12,2018-08-12T12:34:19Z,8.654930859808548,81.37708284536467,492.42,492.42,9.6473,35.03522,3.8011,1029.2593
ru29-20180812T0220,12,2018-08-12T12:34:19Z,8.654930859808548,81.37708284536467,482.15,482.15,9.7839,35.040928,3.81411,1029.1934
ru29-20180812T0220,12,2018-08-12T12:34:19Z,8.654930859808548,81.37708284536467,472.12,472.12,9.8785,35.03893,3.82242,1029.13
ru29-20180812T0220,12,2018-08-12T12:34:19Z,8.654930859808548,81.37708284536467,463.0,463.0,10.0667,35.037315,3.83968,1029.054
ru29-20180812T0220,12,2018-08-12T12:34:19Z,8.654930859808548,81.37708284536467,453.51,453.51,10.0903,35.033978,3.84117,1029.0045
ru29-20180812T0220,12,2018-08-12T12:34:19Z,8.654930859808548,81.37708284536467,441.87,441.87,10.1736,35.028046,3.84797,1028.9327
ru29-20180812T0220,12,2018-08-12T12:34:19Z,8.654930859808548,81.37708284536467,429.87,429.87,10.2649,35.0323,3.85652,1028.8656
ru29-20180812T0220,12,2018-08-12T12:34:19Z,8.654930859808548,81.37708284536467,418.07,418.07,10.4124,35.03254,3.87003,1028.786
ru29-20180812T0220,12,2018-08-12T12:34:19Z,8.654930859808548,81.37708284536467,406.43,406.43,10.5689,35.029358,3.88408,1028.7026
ru29-20180812T0220,12,2018-08-12T12:34:19Z,8.654930859808548,81.37708284536467,394.11,394.11,10.6826,35.027977,3.89422,1028.6254
ru29-20180812T0220,12,2018-08-12T12:34:19Z,8.654930859808548,81.37708284536467,382.23,382.23,10.7456,35.02903,3.8998,1028.5613
ru29-20180812T0220,12,2018-08-12T12:34:19Z,8.654930859808548,81.37708284536467,369.5,369.5,10.7871,35.02842,3.90313,1028.4961
ru29-20180812T0220,12,2018-08-12T12:34:19Z,8.654930859808548,81.37708284536467,356.72,356.72,10.8549,35.027943,3.90898,1028.4259
ru29-20180812T0220,12,2018-08-12T12:34:19Z,8.654930859808548,81.37708284536467,344.48,344.48,10.9516,35.026722,3.91754,1028.352
ru29-20180812T0220,12,2018-08-12T12:34:19Z,8.654930859808548,81.37708284536467,331.83,331.83,10.9765,35.02916,3.9196,1028.2927
ru29-20180812T0220,12,2018-08-12T12:34:19Z,8.654930859808548,81.37708284536467,318.66,318.66,11.0217,35.02865,3.92328,1028.2249
ru29-20180812T0220,12,2018-08-12T12:34:19Z,8.654930859808548,81.37708284536467,305.8,305.8,11.1141,35.02929,3.9316,1028.1505
ru29-20180812T0220,12,2018-08-12T12:34:19Z,8.654930859808548,81.37708284536467,292.69,292.69,11.2765,35.02505,3.94612,1028.0579
ru29-20180812T0220,12,2018-08-12T12:34:19Z,8.654930859808548,81.37708284536467,280.55,280.55,11.4247,35.02536,3.9598,1027.9756
ru29-20180812T0220,12,2018-08-12T12:34:19Z,8.654930859808548,81.37708284536467,267.96,267.96,11.5886,35.023182,3.97473,1027.8862
ru29-20180812T0220,12,2018-08-12T12:34:19Z,8.654930859808548,81.37708284536467,255.52,255.52,11.7454,35.02058,3.98896,1027.7983
ru29-20180812T0220,12,2018-08-12T12:34:19Z,8.654930859808548,81.37708284536467,243.96,243.96,12.1042,35.01369,4.02224,1027.6714
ru29-20180812T0220,12,2018-08-12T12:34:19Z,8.654930859808548,81.37708284536467,NaN,NaN,NaN,NaN,NaN,NaN
ru29-20180812T0220,12,2018-08-12T12:34:19Z,8.654930859808548,81.37708284536467,231.82,231.82,12.4915,35.010277,4.05869,1027.5377
ru29-20180812T0220,12,2018-08-12T12:34:19Z,8.654930859808548,81.37708284536467,219.99,219.99,12.6374,35.0097,4.0722,1027.4553
ru29-20180812T0220,12,2018-08-12T12:34:19Z,8.654930859808548,81.37708284536467,207.19,207.19,12.858,35.001736,4.09214,1027.3475
ru29-20180812T0220,12,2018-08-12T12:34:19Z,8.654930859808548,81.37708284536467,193.78,193.78,13.1528,34.992386,4.11913,1027.2202
ru29-20180812T0220,12,2018-08-12T12:34:19Z,8.654930859808548,81.37708284536467,181.6,181.6,13.38,34.994312,4.14085,1027.1206
ru29-20180812T0220,12,2018-08-12T12:34:19Z,8.654930859808548,81.37708284536467,168.63,168.63,13.5904,34.98411,4.15965,1027.0112
ru29-20180812T0220,12,2018-08-12T12:34:19Z,8.654930859808548,81.37708284536467,156.28,156.28,14.5455,34.941463,4.24772,1026.7194
ru29-20180812T0220,12,2018-08-12T12:34:19Z,8.654930859808548,81.37708284536467,144.27,144.27,15.4638,34.91573,4.3345,1026.4425
ru29-20180812T0220,12,2018-08-12T12:34:19Z,8.654930859808548,81.37708284536467,134.33,134.33,17.5017,34.825455,4.5256,1025.8506
ru29-20180812T0220,12,2018-08-12T12:34:19Z,8.654930859808548,81.37708284536467,124.78,124.78,17.5337,34.869587,4.53349,1025.8346
ru29-20180812T0220,12,2018-08-12T12:34:19Z,8.654930859808548,81.37708284536467,114.26,114.26,18.3538,34.840244,4.61155,1025.5631
ru29-20180812T0220,12,2018-08-12T12:34:19Z,8.654930859808548,81.37708284536467,104.59,104.59,18.812,34.84102,4.65718,1025.4055
ru29-20180812T0220,12,2018-08-12T12:34:19Z,8.654930859808548,81.37708284536467,95.15,95.15,19.6601,34.83216,4.74111,1025.1384
ru29-20180812T0220,12,2018-08-12T12:34:19Z,8.654930859808548,81.37708284536467,86.41,86.41,19.9845,34.81822,4.77181,1025.0044
ru29-20180812T0220,12,2018-08-12T12:34:19Z,8.654930859808548,81.37708284536467,77.7,77.7,21.5354,34.76516,4.92229,1024.5063
ru29-20180812T0220,12,2018-08-12T12:34:19Z,8.654930859808548,81.37708284536467,68.45,68.45,21.8302,34.775097,4.95322,1024.3917
ru29-20180812T0220,12,2018-08-12T12:34:19Z,8.654930859808548,81.37708284536467,60.02,60.02,22.6608,34.733337,5.03248,1024.0887
ru29-20180812T0220,12,2018-08-12T12:34:19Z,8.654930859808548,81.37708284536467,50.21,50.21,23.9828,34.649715,5.15695,1023.5983
ru29-20180812T0220,12,2018-08-12T12:34:19Z,8.654930859808548,81.37708284536467,42.01,42.01,24.4453,34.626038,5.20113,1023.4072
ru29-20180812T0220,12,2018-08-12T12:34:19Z,8.654930859808548,81.37708284536467,35.51,35.51,26.1008,34.360737,5.33579,1022.6726
ru29-20180812T0220,12,2018-08-12T12:34:19Z,8.654930859808548,81.37708284536467,29.64,29.64,26.6614,34.256443,5.37901,1022.39264
ru29-20180812T0220,12,2018-08-12T12:34:19Z,8.654930859808548,81.37708284536467,23.52,23.52,28.4116,34.00362,5.52394,1021.6117
ru29-20180812T0220,12,2018-08-12T12:34:19Z,8.654930859808548,81.37708284536467,19.26,19.26,28.7233,33.987556,5.55373,1021.4785
ru29-20180812T0220,12,2018-08-12T12:34:19Z,8.654930859808548,81.37708284536467,15.46,15.46,28.7126,33.995865,5.55367,1021.472
ru29-20180812T0220,12,2018-08-12T12:34:19Z,8.654930859808548,81.37708284536467,10.26,10.26,28.7197,33.998886,5.55463,1021.44965
ru29-20180812T0220,12,2018-08-12T12:34:19Z,8.654930859808548,81.37708284536467,4.77,4.77,28.7217,34.00067,5.55487,1021.4268
ru29-20180812T0220,12,2018-08-12T12:34:19Z,8.654930859808548,81.37708284536467,4.43,4.43,28.7241,33.99988,5.55499,1021.42395
ru29-20180812T0220,13,2018-08-12T14:09:41Z,8.656543987814171,81.38924780278836,1.22,1.22,28.7028,34.00237,5.55301,1021.4191
ru29-20180812T0220,13,2018-08-12T14:09:41Z,8.656543987814171,81.38924780278836,11.05,11.05,28.721,34.002277,5.55529,1021.45514
ru29-20180812T0220,13,2018-08-12T14:09:41Z,8.656543987814171,81.38924780278836,23.45,23.45,28.6598,34.01085,5.5507,1021.535
ru29-20180812T0220,13,2018-08-12T14:09:41Z,8.656543987814171,81.38924780278836,35.16,35.16,26.1521,34.40663,5.34742,1022.68964
ru29-20180812T0220,13,2018-08-12T14:09:41Z,8.656543987814171,81.38924780278836,46.58,46.58,24.4199,34.674988,5.20524,1023.4716
ru29-20180812T0220,13,2018-08-12T14:09:41Z,8.656543987814171,81.38924780278836,56.19,56.19,22.8079,34.76809,5.05189,1024.0564
ru29-20180812T0220,13,2018-08-12T14:09:41Z,8.656543987814171,81.38924780278836,64.86,64.86,22.0452,34.79236,4.97723,1024.329
ru29-20180812T0220,13,2018-08-12T14:09:41Z,8.656543987814171,81.38924780278836,73.19,73.19,21.6093,34.809288,4.9352,1024.4998
ru29-20180812T0220,13,2018-08-12T14:09:41Z,8.656543987814171,81.38924780278836,82.12,82.12,20.8434,34.826687,4.85975,1024.7621
ru29-20180812T0220,13,2018-08-12T14:09:41Z,8.656543987814171,81.38924780278836,92.4,92.4,19.7338,34.861523,4.752,1025.1295
ru29-20180812T0220,13,2018-08-12T14:09:41Z,8.656543987814171,81.38924780278836,103.16,103.16,18.797,34.88902,4.66133,1025.4397
ru29-20180812T0220,13,2018-08-12T14:09:41Z,8.656543987814171,81.38924780278836,112.33,112.33,18.3091,34.883068,4.61204,1025.5986
ru29-20180812T0220,13,2018-08-12T14:09:41Z,8.656543987814171,81.38924780278836,120.07,120.07,17.5869,34.8931,4.54132,1025.819
ru29-20180812T0220,13,2018-08-12T14:09:41Z,8.656543987814171,81.38924780278836,127.77,127.77,17.525,34.88775,4.53486,1025.8638
ru29-20180812T0220,13,2018-08-12T14:09:41Z,8.656543987814171,81.38924780278836,135.16,135.16,16.2622,34.947014,4.41644,1026.243
ru29-20180812T0220,13,2018-08-12T14:09:41Z,8.656543987814171,81.38924780278836,143.83,143.83,15.3467,34.96005,4.32786,1026.5011
ru29-20180812T0220,13,2018-08-12T14:09:41Z,8.656543987814171,81.38924780278836,151.34,151.34,14.9011,34.94733,4.28299,1026.6239
ru29-20180812T0220,13,2018-08-12T14:09:41Z,8.656543987814171,81.38924780278836,157.69,157.69,14.4677,34.976955,4.24402,1026.7699
ru29-20180812T0220,13,2018-08-12T14:09:41Z,8.656543987814171,81.38924780278836,164.08,164.08,13.9897,34.99245,4.19925,1026.9131
ru29-20180812T0220,13,2018-08-12T14:09:41Z,8.656543987814171,81.38924780278836,169.57,169.57,13.575,34.99904,4.15978,1027.0302
ru29-20180812T0220,13,2018-08-12T14:09:41Z,8.656543987814171,81.38924780278836,175.69,175.69,13.5129,34.995747,4.15366,1027.0677
ru29-20180812T0220,13,2018-08-12T14:09:41Z,8.656543987814171,81.38924780278836,181.55,181.55,13.2111,35.007057,4.12579,1027.1652
ru29-20180812T0220,13,2018-08-12T14:09:41Z,8.656543987814171,81.38924780278836,187.45,187.45,13.1333,35.005806,4.11837,1027.2065
ru29-20180812T0220,13,2018-08-12T14:09:41Z,8.656543987814171,81.38924780278836,193.74,193.74,12.9286,35.011005,4.09935,1027.2804
ru29-20180812T0220,13,2018-08-12T14:09:41Z,8.656543987814171,81.38924780278836,199.3,199.3,12.8073,35.015114,4.08828,1027.333
ru29-20180812T0220,13,2018-08-12T14:09:41Z,8.656543987814171,81.38924780278836,205.46,205.46,12.7203,35.016888,4.08032,1027.3794
ru29-20180812T0220,13,2018-08-12T14:09:41Z,8.656543987814171,81.38924780278836,211.45,211.45,12.6893,35.015762,4.07747,1027.4115
ru29-20180812T0220,13,2018-08-12T14:09:41Z,8.656543987814171,81.38924780278836,217.24,217.24,12.6789,35.01469,4.07661,1027.4386
ru29-20180812T0220,13,2018-08-12T14:09:41Z,8.656543987814171,81.38924780278836,222.86,222.86,12.5271,35.022415,4.06299,1027.5001
ru29-20180812T0220,13,2018-08-12T14:09:41Z,8.656543987814171,81.38924780278836,228.4,228.4,12.3622,35.023335,4.04741,1027.5585
ru29-20180812T0220,13,2018-08-12T14:09:41Z,8.656543987814171,81.38924780278836,234.42,234.42,12.2812,35.01961,4.03948,1027.5985
ru29-20180812T0220,13,2018-08-12T14:09:41Z,8.656543987814171,81.38924780278836,241.16,241.16,12.0965,35.024933,4.02253,1027.6692
ru29-20180812T0220,13,2018-08-12T14:09:41Z,8.656543987814171,81.38924780278836,248.74,248.74,11.9594,35.02531,4.00971,1027.7301
ru29-20180812T0220,13,2018-08-12T14:09:41Z,8.656543987814171,81.38924780278836,256.93,256.93,11.778,35.029854,3.9931,1027.8055
ru29-20180812T0220,13,2018-08-12T14:09:41Z,8.656543987814171,81.38924780278836,264.45,264.45,11.6444,35.031075,3.98073,1027.866
ru29-20180812T0220,13,2018-08-12T14:09:41Z,8.656543987814171,81.38924780278836,272.47,272.47,11.5868,35.03029,3.97548,1027.9122
ru29-20180812T0220,13,2018-08-12T14:09:41Z,8.656543987814171,81.38924780278836,280.62,280.62,11.4967,35.031254,3.9673,1027.9667
ru29-20180812T0220,13,2018-08-12T14:09:41Z,8.656543987814171,81.38924780278836,288.56,288.56,11.4156,35.031643,3.95992,1028.0181
ru29-20180812T0220,13,2018-08-12T14:09:41Z,8.656543987814171,81.38924780278836,296.53,296.53,11.3738,35.030254,3.95613,1028.0605
ru29-20180812T0220,13,2018-08-12T14:09:41Z,8.656543987814171,81.38924780278836,304.29,304.29,11.2231,35.035103,3.94254,1028.1277
ru29-20180812T0220,13,2018-08-12T14:09:41Z,8.656543987814171,81.38924780278836,312.36,312.36,11.0975,35.03282,3.93066,1028.1857
ru29-20180812T0220,13,2018-08-12T14:09:41Z,8.656543987814171,81.38924780278836,319.75,319.75,11.0275,35.032017,3.92422,1028.2313
ru29-20180812T0220,13,2018-08-12T14:09:41Z,8.656543987814171,81.38924780278836,327.07,327.07,11.0113,35.03114,3.92291,1028.2665
ru29-20180812T0220,13,2018-08-12T14:09:41Z,8.656543987814171,81.38924780278836,334.83,334.83,10.9849,35.031105,3.92073,1028.306
ru29-20180812T0220,13,2018-08-12T14:09:41Z,8.656543987814171,81.38924780278836,342.04,342.04,10.963,35.031113,3.91896,1028.3424
ru29-20180812T0220,13,2018-08-12T14:09:41Z,8.656543987814171,81.38924780278836,349.72,349.72,10.9375,35.030647,3.91682,1028.3812
ru29-20180812T0220,13,2018-08-12T14:09:41Z,8.656543987814171,81.38924780278836,357.45,357.45,10.8959,35.030815,3.91321,1028.4237
ru29-20180812T0220,13,2018-08-12T14:09:41Z,8.656543987814171,81.38924780278836,364.55,364.55,10.829,35.03047,3.90711,1028.4678
ru29-20180812T0220,13,2018-08-12T14:09:41Z,8.656543987814171,81.38924780278836,372.02,372.02,10.7583,35.02985,3.90064,1028.5138
ru29-20180812T0220,13,2018-08-12T14:09:41Z,8.656543987814171,81.38924780278836,379.69,379.69,10.6665,35.03472,3.89272,1028.569
ru29-20180812T0220,13,2018-08-12T14:09:41Z,8.656543987814171,81.38924780278836,387.06,387.06,10.6397,35.033367,3.89036,1028.606
ru29-20180812T0220,13,2018-08-12T14:09:41Z,8.656543987814171,81.38924780278836,394.43,394.43,10.5744,35.034065,3.88454,1028.6515
ru29-20180812T0220,13,2018-08-12T14:09:41Z,8.656543987814171,81.38924780278836,401.23,401.23,10.558,35.03386,3.88326,1028.6848
ru29-20180812T0220,13,2018-08-12T14:09:41Z,8.656543987814171,81.38924780278836,408.45,408.45,10.5035,35.033905,3.8784,1028.7273
ru29-20180812T0220,13,2018-08-12T14:09:41Z,8.656543987814171,81.38924780278836,415.79,415.79,10.4911,35.033146,3.87747,1028.7618
ru29-20180812T0220,13,2018-08-12T14:09:41Z,8.656543987814171,81.38924780278836,422.78,422.78,10.4481,35.032936,3.87367,1028.8008
ru29-20180812T0220,13,2018-08-12T14:09:41Z,8.656543987814171,81.38924780278836,430.04,430.04,10.3379,35.03232,3.86346,1028.853
ru29-20180812T0220,13,2018-08-12T14:09:41Z,8.656543987814171,81.38924780278836,436.98,436.98,10.2827,35.03034,3.85833,1028.8927
ru29-20180812T0220,13,2018-08-12T14:09:41Z,8.656543987814171,81.38924780278836,444.19,444.19,10.1968,35.031982,3.85066,1028.9419
ru29-20180812T0220,13,2018-08-12T14:09:41Z,8.656543987814171,81.38924780278836,451.27,451.27,10.1225,35.036182,3.84434,1028.9904
ru29-20180812T0220,13,2018-08-12T14:09:41Z,8.656543987814171,81.38924780278836,457.74,457.74,10.0305,35.03672,3.83596,1029.0365
ru29-20180812T0220,13,2018-08-12T14:09:41Z,8.656543987814171,81.38924780278836,464.83,464.83,10.0252,35.035694,3.83567,1029.0684
ru29-20180812T0220,13,2018-08-12T14:09:41Z,8.656543987814171,81.38924780278836,471.83,471.83,10.0158,35.037647,3.83528,1029.1029
ru29-20180812T0220,13,2018-08-12T14:09:41Z,8.656543987814171,81.38924780278836,479.53,479.53,9.9316,35.04739,3.8286,1029.1602
ru29-20180812T0220,13,2018-08-12T14:09:41Z,8.656543987814171,81.38924780278836,487.47,487.47,9.8481,35.041584,3.82048,1029.2063
ru29-20180812T0220,13,2018-08-12T14:09:41Z,8.656543987814171,81.38924780278836,494.87,494.87,9.8405,35.041817,3.82011,1029.241
ru29-20180812T0220,13,2018-08-12T14:09:41Z,8.656543987814171,81.38924780278836,502.36,502.36,9.7232,35.033813,3.80857,1029.2893
ru29-20180812T0220,13,2018-08-12T14:09:41Z,8.656543987814171,81.38924780278836,509.61,509.61,9.6627,35.02955,3.80276,1029.3292
ru29-20180812T0220,13,2018-08-12T14:09:41Z,8.656543987814171,81.38924780278836,517.3,517.3,9.5563,35.027424,3.79285,1029.381
ru29-20180812T0220,13,2018-08-12T14:09:41Z,8.656543987814171,81.38924780278836,525.08,525.08,9.4836,35.024155,3.78602,1029.4261
ru29-20180812T0220,13,2018-08-12T14:09:41Z,8.656543987814171,81.38924780278836,532.62,532.62,9.4046,35.02305,3.7788,1029.473
ru29-20180812T0220,13,2018-08-12T14:09:41Z,8.656543987814171,81.38924780278836,540.24,540.24,9.4177,35.030914,3.78113,1029.511
ru29-20180812T0220,13,2018-08-12T14:09:41Z,8.656543987814171,81.38924780278836,547.4,547.4,9.407,35.03519,3.78085,1029.5483
ru29-20180812T0220,13,2018-08-12T14:09:41Z,8.656543987814171,81.38924780278836,554.52,554.52,9.3881,35.034653,3.77933,1029.5831
ru29-20180812T0220,13,2018-08-12T14:09:41Z,8.656543987814171,81.38924780278836,561.67,561.67,9.3603,35.033768,3.77694,1029.6194
ru29-20180812T0220,13,2018-08-12T14:09:41Z,8.656543987814171,81.38924780278836,568.76,568.76,9.3071,35.032715,3.77214,1029.6598
ru29-20180812T0220,13,2018-08-12T14:09:41Z,8.656543987814171,81.38924780278836,576.12,576.12,9.2813,35.032566,3.77002,1029.6971
ru29-20180812T0220,13,2018-08-12T14:09:41Z,8.656543987814171,81.38924780278836,583.22,583.22,9.2595,35.03184,3.76821,1029.7323
ru29-20180812T0220,13,2018-08-12T14:09:41Z,8.656543987814171,81.38924780278836,590.7,590.7,9.1558,35.024418,3.75807,1029.7782
ru29-20180812T0220,13,2018-08-12T14:09:41Z,8.656543987814171,81.38924780278836,598.31,598.31,9.1342,35.018764,3.75583,1029.8116
ru29-20180812T0220,13,2018-08-12T14:09:41Z,8.656543987814171,81.38924780278836,605.52,605.52,9.135,35.018753,3.75622,1029.8439
ru29-20180812T0220,13,2018-08-12T14:09:41Z,8.656543987814171,81.38924780278836,613.23,613.23,9.1156,35.01371,3.75425,1029.8778
ru29-20180812T0220,13,2018-08-12T14:09:41Z,8.656543987814171,81.38924780278836,620.99,620.99,9.0716,35.011032,3.7502,1029.9182
ru29-20180812T0220,13,2018-08-12T14:09:41Z,8.656543987814171,81.38924780278836,628.98,628.98,9.0479,35.010986,3.74832,1029.9581
ru29-20180812T0220,13,2018-08-12T14:09:41Z,8.656543987814171,81.38924780278836,637.0,637.0,9.0268,35.00984,3.74658,1029.997
ru29-20180812T0220,13,2018-08-12T14:09:41Z,8.656543987814171,81.38924780278836,644.96,644.96,8.7693,35.008842,3.72269,1030.0763
ru29-20180812T0220,13,2018-08-12T14:09:41Z,8.656543987814171,81.38924780278836,653.23,653.23,8.7272,35.002754,3.71853,1030.1158
ru29-20180812T0220,13,2018-08-12T14:09:41Z,8.656543987814171,81.38924780278836,661.0,661.0,8.6934,35.002693,3.7157,1030.1565
ru29-20180812T0220,13,2018-08-12T14:09:41Z,8.656543987814171,81.38924780278836,668.81,668.81,8.6729,35.000454,3.71391,1030.1934
ru29-20180812T0220,13,2018-08-12T14:09:41Z,8.656543987814171,81.38924780278836,676.31,676.31,8.5781,34.997375,3.70508,1030.2407
ru29-20180812T0220,13,2018-08-12T14:09:41Z,8.656543987814171,81.38924780278836,683.5,683.5,8.561,34.996788,3.70374,1030.2755
ru29-20180812T0220,13,2018-08-12T14:09:41Z,8.656543987814171,81.38924780278836,690.82,690.82,8.5577,34.999943,3.70405,1030.3114
ru29-20180812T0220,13,2018-08-12T14:09:41Z,8.656543987814171,81.38924780278836,697.53,697.53,8.5505,34.999207,3.7036,1030.3422
ru29-20180812T0220,13,2018-08-12T14:09:41Z,8.656543987814171,81.38924780278836,704.34,704.34,8.3857,34.99733,3.68833,1030.3992
ru29-20180812T0220,13,2018-08-12T14:09:41Z,8.656543987814171,81.38924780278836,710.94,710.94,8.3208,34.991783,3.68204,1030.4354
ru29-20180812T0220,13,2018-08-12T14:09:41Z,8.656543987814171,81.38924780278836,717.27,717.27,8.2903,34.989323,3.67924,1030.467
ru29-20180812T0220,13,2018-08-12T14:09:41Z,8.656543987814171,81.38924780278836,724.0,724.0,8.2799,34.988434,3.67848,1030.4983
ru29-20180812T0220,13,2018-08-12T14:09:41Z,8.656543987814171,81.38924780278836,730.48,730.48,8.2624,34.98757,3.67705,1030.5297
ru29-20180812T0220,13,2018-08-12T14:09:41Z,8.656543987814171,81.38924780278836,737.15,737.15,8.2465,34.987587,3.67586,1030.5624
ru29-20180812T0220,13,2018-08-12T14:09:41Z,8.656543987814171,81.38924780278836,743.34,743.34,8.2379,34.987076,3.67528,1030.5912
ru29-20180812T0220,13,2018-08-12T14:09:41Z,8.656543987814171,81.38924780278836,750.1,750.1,8.227,34.987305,3.67458,1030.6235
ru29-20180812T0220,13,2018-08-12T14:09:41Z,8.656543987814171,81.38924780278836,756.8,756.8,8.1133,34.985447,3.66411,1030.6713
ru29-20180812T0220,13,2018-08-12T14:09:41Z,8.656543987814171,81.38924780278836,763.23,763.23,8.0488,34.984608,3.65831,1030.7102
ru29-20180812T0220,13,2018-08-12T14:09:41Z,8.656543987814171,81.38924780278836,769.91,769.91,7.9594,34.9796,3.64982,1030.7512
ru29-20180812T0220,13,2018-08-12T14:09:41Z,8.656543987814171,81.38924780278836,776.69,776.69,7.9171,34.97773,3.64601,1030.7872
ru29-20180812T0220,13,2018-08-12T14:09:41Z,8.656543987814171,81.38924780278836,783.2,783.2,7.8566,34.976074,3.64052,1030.8252
ru29-20180812T0220,13,2018-08-12T14:09:41Z,8.656543987814171,81.38924780278836,790.16,790.16,7.7577,34.973225,3.63138,1030.8705
ru29-20180812T0220,13,2018-08-12T14:09:41Z,8.656543987814171,81.38924780278836,796.7,796.7,7.7333,34.970955,3.62919,1030.9021
ru29-20180812T0220,13,2018-08-12T14:09:41Z,8.656543987814171,81.38924780278836,803.57,803.57,7.675,34.970695,3.62406,1030.9424
ru29-20180812T0220,13,2018-08-12T14:09:41Z,8.656543987814171,81.38924780278836,810.14,810.14,7.5923,34.96882,3.61651,1030.9839
ru29-20180812T0220,13,2018-08-12T14:09:41Z,8.656543987814171,81.38924780278836,817.0,817.0,7.4781,34.96473,3.60586,1031.0302
ru29-20180812T0220,13,2018-08-12T14:09:41Z,8.656543987814171,81.38924780278836,823.84,823.84,7.4459,34.962257,3.60295,1031.0642
ru29-20180812T0220,13,2018-08-12T14:09:41Z,8.656543987814171,81.38924780278836,830.58,830.58,7.4206,34.963737,3.60104,1031.0997
ru29-20180812T0220,13,2018-08-12T14:09:41Z,8.656543987814171,81.38924780278836,837.83,837.83,7.399,34.96344,3.59933,1031.1356
ru29-20180812T0220,13,2018-08-12T14:09:41Z,8.656543987814171,81.38924780278836,844.75,844.75,7.3845,34.962147,3.59817,1031.1681
ru29-20180812T0220,13,2018-08-12T14:09:41Z,8.656543987814171,81.38924780278836,852.21,852.21,7.357,34.966896,3.59639,1031.2097
ru29-20180812T0220,13,2018-08-12T14:09:41Z,8.656543987814171,81.38924780278836,859.51,859.51,7.3389,34.96707,3.59505,1031.2456
ru29-20180812T0220,13,2018-08-12T14:09:41Z,8.656543987814171,81.38924780278836,866.6,866.6,7.3026,34.964863,3.5918,1031.2816
ru29-20180812T0220,13,2018-08-12T14:09:41Z,8.656543987814171,81.38924780278836,873.9,873.9,7.1983,34.958786,3.58193,1031.3265
ru29-20180812T0220,13,2018-08-12T14:09:41Z,8.656543987814171,81.38924780278836,880.8,880.8,7.109,34.95623,3.57376,1031.3699
ru29-20180812T0220,13,2018-08-12T14:09:41Z,8.656543987814171,81.38924780278836,888.07,888.07,7.0867,34.95537,3.57194,1031.4054
ru29-20180812T0220,13,2018-08-12T14:09:41Z,8.656543987814171,81.38924780278836,895.05,895.05,6.9895,34.947617,3.56258,1031.4463
ru29-20180812T0220,13,2018-08-12T14:09:41Z,8.656543987814171,81.38924780278836,901.73,901.73,6.9491,34.94575,3.55898,1031.4812
ru29-20180812T0220,13,2018-08-12T14:09:41Z,8.656543987814171,81.38924780278836,908.37,908.37,6.8878,34.945774,3.55363,1031.5209
ru29-20180812T0220,13,2018-08-12T14:09:41Z,8.656543987814171,81.38924780278836,912.02,912.02,6.879,34.9436,3.55278,1031.537
ru29-20180812T0220,14,2018-08-12T15:30:40Z,8.66507005995675,81.39766029660879,912.02,912.02,6.879,34.9436,3.55278,1031.537
ru29-20180812T0220,14,2018-08-12T15:30:40Z,8.66507005995675,81.39766029660879,910.51,910.51,6.8834,34.943825,3.55314,1031.5297
ru29-20180812T0220,14,2018-08-12T15:30:40Z,8.66507005995675,81.39766029660879,903.65,903.65,6.9426,34.943512,3.55826,1031.4891
ru29-20180812T0220,14,2018-08-12T15:30:40Z,8.66507005995675,81.39766029660879,893.38,893.38,7.0746,34.949867,3.57055,1031.427
ru29-20180812T0220,14,2018-08-12T15:30:40Z,8.66507005995675,81.39766029660879,882.52,882.52,7.1067,34.95239,3.57327,1031.375
ru29-20180812T0220,14,2018-08-12T15:30:40Z,8.66507005995675,81.39766029660879,872.23,872.23,7.2406,34.956062,3.58551,1031.31
ru29-20180812T0220,14,2018-08-12T15:30:40Z,8.66507005995675,81.39766029660879,861.52,861.52,7.3418,34.96431,3.59515,1031.2521
ru29-20180812T0220,14,2018-08-12T15:30:40Z,8.66507005995675,81.39766029660879,851.25,851.25,7.35,34.95907,3.59498,1031.2004
ru29-20180812T0220,14,2018-08-12T15:30:40Z,8.66507005995675,81.39766029660879,841.45,841.45,7.3723,34.96128,3.59682,1031.1545
ru29-20180812T0220,14,2018-08-12T15:30:40Z,8.66507005995675,81.39766029660879,831.07,831.07,7.4514,34.958344,3.60341,1031.0928
ru29-20180812T0220,14,2018-08-12T15:30:40Z,8.66507005995675,81.39766029660879,821.45,821.45,7.4814,34.96118,3.60603,1031.0469
ru29-20180812T0220,14,2018-08-12T15:30:40Z,8.66507005995675,81.39766029660879,811.5,811.5,7.6189,34.96438,3.61862,1030.9823
ru29-20180812T0220,14,2018-08-12T15:30:40Z,8.66507005995675,81.39766029660879,801.64,801.64,7.7361,34.966618,3.62926,1030.9205
ru29-20180812T0220,14,2018-08-12T15:30:40Z,8.66507005995675,81.39766029660879,792.2,792.2,7.8619,34.969513,3.64079,1030.8596
ru29-20180812T0220,14,2018-08-12T15:30:40Z,8.66507005995675,81.39766029660879,782.01,782.01,7.9718,34.974495,3.65102,1030.7996
ru29-20180812T0220,14,2018-08-12T15:30:40Z,8.66507005995675,81.39766029660879,772.32,772.32,8.0769,34.981,3.66098,1030.7435
ru29-20180812T0220,14,2018-08-12T15:30:40Z,8.66507005995675,81.39766029660879,761.67,761.67,8.1718,34.983883,3.66962,1030.6821
ru29-20180812T0220,14,2018-08-12T15:30:40Z,8.66507005995675,81.39766029660879,751.07,751.07,8.2253,34.989815,3.6747,1030.6301
ru29-20180812T0220,14,2018-08-12T15:30:40Z,8.66507005995675,81.39766029660879,741.0,741.0,8.2605,34.992023,3.67775,1030.5807
ru29-20180812T0220,14,2018-08-12T15:30:40Z,8.66507005995675,81.39766029660879,730.35,730.35,8.2461,34.988045,3.67557,1030.5322
ru29-20180812T0220,14,2018-08-12T15:30:40Z,8.66507005995675,81.39766029660879,720.4,720.4,8.2795,34.98678,3.67813,1030.481
ru29-20180812T0220,14,2018-08-12T15:30:40Z,8.66507005995675,81.39766029660879,709.92,709.92,8.3021,34.989113,3.68,1030.4319
ru29-20180812T0220,14,2018-08-12T15:30:40Z,8.66507005995675,81.39766029660879,699.56,699.56,8.3615,34.990196,3.68519,1030.3762
ru29-20180812T0220,14,2018-08-12T15:30:40Z,8.66507005995675,81.39766029660879,689.54,689.54,8.5776,34.995052,3.70539,1030.2985
ru29-20180812T0220,14,2018-08-12T15:30:40Z,8.66507005995675,81.39766029660879,679.14,679.14,8.5877,34.995575,3.70593,1030.2504
ru29-20180812T0220,14,2018-08-12T15:30:40Z,8.66507005995675,81.39766029660879,669.1,669.1,8.6216,34.99588,3.70869,1030.1998
ru29-20180812T0220,14,2018-08-12T15:30:40Z,8.66507005995675,81.39766029660879,NaN,NaN,NaN,NaN,NaN,NaN
ru29-20180812T0220,14,2018-08-12T15:30:40Z,8.66507005995675,81.39766029660879,658.35,658.35,8.6691,34.996902,3.71276,1030.1443
ru29-20180812T0220,14,2018-08-12T15:30:40Z,8.66507005995675,81.39766029660879,647.59,647.59,8.7464,35.00138,3.71995,1030.0862
ru29-20180812T0220,14,2018-08-12T15:30:40Z,8.66507005995675,81.39766029660879,637.6,637.6,8.8359,35.00363,3.72811,1030.0277
ru29-20180812T0220,14,2018-08-12T15:30:40Z,8.66507005995675,81.39766029660879,627.08,627.08,8.9447,35.00511,3.73799,1029.963
ru29-20180812T0220,14,2018-08-12T15:30:40Z,8.66507005995675,81.39766029660879,616.37,616.37,8.9402,35.00512,3.7371,1029.9156
ru29-20180812T0220,14,2018-08-12T15:30:40Z,8.66507005995675,81.39766029660879,605.76,605.76,8.9688,35.007023,3.7395,1029.8646
ru29-20180812T0220,14,2018-08-12T15:30:40Z,8.66507005995675,81.39766029660879,595.11,595.11,9.0768,35.01515,3.74995,1029.8044
ru29-20180812T0220,14,2018-08-12T15:30:40Z,8.66507005995675,81.39766029660879,585.2,585.2,9.1726,35.02631,3.75959,1029.7521
ru29-20180812T0220,14,2018-08-12T15:30:40Z,8.66507005995675,81.39766029660879,574.98,574.98,9.2141,35.029797,3.76338,1029.7017
ru29-20180812T0220,14,2018-08-12T15:30:40Z,8.66507005995675,81.39766029660879,565.39,565.39,9.3062,35.03233,3.77187,1029.6445
ru29-20180812T0220,14,2018-08-12T15:30:40Z,8.66507005995675,81.39766029660879,555.47,555.47,9.4352,35.029278,3.78329,1029.575
ru29-20180812T0220,14,2018-08-12T15:30:40Z,8.66507005995675,81.39766029660879,545.86,545.86,9.482,35.03517,3.78785,1029.5282
ru29-20180812T0220,14,2018-08-12T15:30:40Z,8.66507005995675,81.39766029660879,536.6,536.6,9.5107,35.021458,3.78882,1029.471
ru29-20180812T0220,14,2018-08-12T15:30:40Z,8.66507005995675,81.39766029660879,527.13,527.13,9.6537,35.025425,3.80228,1029.4061
ru29-20180812T0220,14,2018-08-12T15:30:40Z,8.66507005995675,81.39766029660879,518.15,518.15,9.819,35.038937,3.81882,1029.3469
ru29-20180812T0220,14,2018-08-12T15:30:40Z,8.66507005995675,81.39766029660879,506.77,506.77,9.9418,35.038956,3.82994,1029.2738
ru29-20180812T0220,14,2018-08-12T15:30:40Z,8.66507005995675,81.39766029660879,494.65,494.65,10.0474,35.031956,3.83872,1029.195
ru29-20180812T0220,14,2018-08-12T15:30:40Z,8.66507005995675,81.39766029660879,483.06,483.06,10.1552,35.033417,3.84857,1029.1246
ru29-20180812T0220,14,2018-08-12T15:30:40Z,8.66507005995675,81.39766029660879,471.07,471.07,10.2197,35.029266,3.85375,1029.056
ru29-20180812T0220,14,2018-08-12T15:30:40Z,8.66507005995675,81.39766029660879,459.33,459.33,10.2699,35.028603,3.85793,1028.9938
ru29-20180812T0220,14,2018-08-12T15:30:40Z,8.66507005995675,81.39766029660879,446.61,446.61,10.3924,35.028904,3.86903,1028.9146
ru29-20180812T0220,14,2018-08-12T15:30:40Z,8.66507005995675,81.39766029660879,433.93,433.93,10.4812,35.031033,3.87712,1028.8431
ru29-20180812T0220,14,2018-08-12T15:30:40Z,8.66507005995675,81.39766029660879,421.77,421.77,10.613,35.02902,3.88892,1028.7628
ru29-20180812T0220,14,2018-08-12T15:30:40Z,8.66507005995675,81.39766029660879,409.46,409.46,10.67,35.029297,3.89383,1028.6974
ru29-20180812T0220,14,2018-08-12T15:30:40Z,8.66507005995675,81.39766029660879,397.55,397.55,10.8192,35.025513,3.90714,1028.6133
ru29-20180812T0220,14,2018-08-12T15:30:40Z,8.66507005995675,81.39766029660879,385.57,385.57,10.9043,35.028957,3.91507,1028.5465
ru29-20180812T0220,14,2018-08-12T15:30:40Z,8.66507005995675,81.39766029660879,373.96,373.96,10.933,35.03061,3.91746,1028.4905
ru29-20180812T0220,14,2018-08-12T15:30:40Z,8.66507005995675,81.39766029660879,362.58,362.58,10.9565,35.029922,3.91913,1028.4346
ru29-20180812T0220,14,2018-08-12T15:30:40Z,8.66507005995675,81.39766029660879,350.96,350.96,11.0313,35.02806,3.92557,1028.3672
ru29-20180812T0220,14,2018-08-12T15:30:40Z,8.66507005995675,81.39766029660879,340.13,340.13,11.071,35.02894,3.92897,1028.3119
ru29-20180812T0220,14,2018-08-12T15:30:40Z,8.66507005995675,81.39766029660879,328.39,328.39,11.2869,35.025455,3.94874,1028.2158
ru29-20180812T0220,14,2018-08-12T15:30:40Z,8.66507005995675,81.39766029660879,316.58,316.58,11.4204,35.024895,3.96094,1028.1371
ru29-20180812T0220,14,2018-08-12T15:30:40Z,8.66507005995675,81.39766029660879,305.26,305.26,11.5557,35.023964,3.97331,1028.0598
ru29-20180812T0220,14,2018-08-12T15:30:40Z,8.66507005995675,81.39766029660879,293.99,293.99,11.631,35.025215,3.98016,1027.996
ru29-20180812T0220,14,2018-08-12T15:30:40Z,8.66507005995675,81.39766029660879,283.13,283.13,11.7151,35.024433,3.98767,1027.9305
ru29-20180812T0220,14,2018-08-12T15:30:40Z,8.66507005995675,81.39766029660879,271.38,271.38,11.8597,35.022,4.00079,1027.8481
ru29-20180812T0220,14,2018-08-12T15:30:40Z,8.66507005995675,81.39766029660879,259.2,259.2,12.0031,35.019764,4.01381,1027.764
ru29-20180812T0220,14,2018-08-12T15:30:40Z,8.66507005995675,81.39766029660879,246.8,246.8,12.1893,35.011345,4.03032,1027.6655
ru29-20180812T0220,14,2018-08-12T15:30:40Z,8.66507005995675,81.39766029660879,233.85,233.85,12.5352,35.01769,4.06377,1027.5438
ru29-20180812T0220,14,2018-08-12T15:30:40Z,8.66507005995675,81.39766029660879,221.7,221.7,12.8356,35.004166,4.09087,1027.4186
ru29-20180812T0220,14,2018-08-12T15:30:40Z,8.66507005995675,81.39766029660879,209.16,209.16,12.9193,35.004475,4.09845,1027.346
ru29-20180812T0220,14,2018-08-12T15:30:40Z,8.66507005995675,81.39766029660879,196.73,196.73,13.0752,34.99975,4.11251,1027.255
ru29-20180812T0220,14,2018-08-12T15:30:40Z,8.66507005995675,81.39766029660879,184.87,184.87,13.162,34.997826,4.1202,1027.183
ru29-20180812T0220,14,2018-08-12T15:30:40Z,8.66507005995675,81.39766029660879,173.26,173.26,13.3961,34.992382,4.14184,1027.0787
ru29-20180812T0220,14,2018-08-12T15:30:40Z,8.66507005995675,81.39766029660879,161.66,161.66,13.9139,34.97045,4.18939,1026.9015
ru29-20180812T0220,14,2018-08-12T15:30:40Z,8.66507005995675,81.39766029660879,151.45,151.45,15.193,35.000786,4.31756,1026.6006
ru29-20180812T0220,14,2018-08-12T15:30:40Z,8.66507005995675,81.39766029660879,140.68,140.68,16.8339,34.86063,4.46355,1026.0663
ru29-20180812T0220,14,2018-08-12T15:30:40Z,8.66507005995675,81.39766029660879,129.98,129.98,16.9431,34.882977,4.47648,1026.0104
ru29-20180812T0220,14,2018-08-12T15:30:40Z,8.66507005995675,81.39766029660879,119.11,119.11,17.8809,34.860275,4.56681,1025.7174
ru29-20180812T0220,14,2018-08-12T15:30:40Z,8.66507005995675,81.39766029660879,108.6,108.6,18.5453,34.843914,4.63093,1025.4929
ru29-20180812T0220,14,2018-08-12T15:30:40Z,8.66507005995675,81.39766029660879,100.1,100.1,19.4485,34.82846,4.71953,1025.2125
ru29-20180812T0220,14,2018-08-12T15:30:40Z,8.66507005995675,81.39766029660879,92.01,92.01,19.8635,34.824852,4.76063,1025.0658
ru29-20180812T0220,14,2018-08-12T15:30:40Z,8.66507005995675,81.39766029660879,84.42,84.42,21.1235,34.777527,4.8822,1024.6583
ru29-20180812T0220,14,2018-08-12T15:30:40Z,8.66507005995675,81.39766029660879,76.82,76.82,21.1946,34.803528,4.89236,1024.6256
ru29-20180812T0220,14,2018-08-12T15:30:40Z,8.66507005995675,81.39766029660879,69.77,69.77,21.7696,34.7792,4.94761,1024.4175
ru29-20180812T0220,14,2018-08-12T15:30:40Z,8.66507005995675,81.39766029660879,62.6,62.6,23.2933,34.687645,5.09155,1023.883
ru29-20180812T0220,14,2018-08-12T15:30:40Z,8.66507005995675,81.39766029660879,54.75,54.75,24.5998,34.59933,5.21404,1023.3956
ru29-20180812T0220,14,2018-08-12T15:30:40Z,8.66507005995675,81.39766029660879,47.96,47.96,24.7113,34.58644,5.22353,1023.323
ru29-20180812T0220,14,2018-08-12T15:30:40Z,8.66507005995675,81.39766029660879,39.2,39.2,25.0658,34.531624,5.25237,1023.1364
ru29-20180812T0220,14,2018-08-12T15:30:40Z,8.66507005995675,81.39766029660879,30.39,30.39,28.1133,34.05526,5.50077,1021.7778
ru29-20180812T0220,14,2018-08-12T15:30:40Z,8.66507005995675,81.39766029660879,25.92,25.92,28.7523,33.971306,5.55465,1021.4852
ru29-20180812T0220,14,2018-08-12T15:30:40Z,8.66507005995675,81.39766029660879,21.52,21.52,28.7574,33.98055,5.55634,1021.4716
ru29-20180812T0220,14,2018-08-12T15:30:40Z,8.66507005995675,81.39766029660879,17.56,17.56,28.7574,33.983326,5.55658,1021.4568
ru29-20180812T0220,14,2018-08-12T15:30:40Z,8.66507005995675,81.39766029660879,13.09,13.09,28.7566,33.984753,5.55652,1021.43896
ru29-20180812T0220,14,2018-08-12T15:30:40Z,8.66507005995675,81.39766029660879,8.14,8.14,28.7578,33.98544,5.55654,1021.41785
ru29-20180812T0220,14,2018-08-12T15:30:40Z,8.66507005995675,81.39766029660879,4.74,4.74,28.7446,33.986534,5.55519,1021.4085
ru29-20180812T0220,15,2018-08-12T17:15:40Z,8.660627609908019,81.41587078825985,6.5,6.5,28.7435,33.988953,5.5555,1021.4182
ru29-20180812T0220,15,2018-08-12T17:15:40Z,8.660627609908019,81.41587078825985,20.18,20.18,28.7438,33.98871,5.55606,1021.4765
ru29-20180812T0220,15,2018-08-12T17:15:40Z,8.660627609908019,81.41587078825985,33.46,33.46,26.4651,34.412605,5.3806,1022.5887
ru29-20180812T0220,15,2018-08-12T17:15:40Z,8.660627609908019,81.41587078825985,44.4,44.4,24.8163,34.62404,5.23928,1023.3043
ru29-20180812T0220,15,2018-08-12T17:15:40Z,8.660627609908019,81.41587078825985,55.29,55.29,24.3969,34.6793,5.20381,1023.51935
ru29-20180812T0220,15,2018-08-12T17:15:40Z,8.660627609908019,81.41587078825985,64.43,64.43,22.1431,34.808372,4.98927,1024.3118
ru29-20180812T0220,15,2018-08-12T17:15:40Z,8.660627609908019,81.41587078825985,73.48,73.48,21.2987,34.836872,4.907,1024.6078
ru29-20180812T0220,15,2018-08-12T17:15:40Z,8.660627609908019,81.41587078825985,82.88,82.88,21.2549,34.815723,4.90029,1024.6447
ru29-20180812T0220,15,2018-08-12T17:15:40Z,8.660627609908019,81.41587078825985,91.73,91.73,20.0718,34.862843,4.78633,1025.0385
ru29-20180812T0220,15,2018-08-12T17:15:40Z,8.660627609908019,81.41587078825985,100.52,100.52,19.8304,34.84691,4.76034,1025.1284
ru29-20180812T0220,15,2018-08-12T17:15:40Z,8.660627609908019,81.41587078825985,108.17,108.17,19.4821,34.854946,4.72647,1025.2592
ru29-20180812T0220,15,2018-08-12T17:15:40Z,8.660627609908019,81.41587078825985,116.43,116.43,18.5932,34.8882,4.64133,1025.549
ru29-20180812T0220,15,2018-08-12T17:15:40Z,8.660627609908019,81.41587078825985,124.29,124.29,17.863,34.893845,4.56917,1025.7703
ru29-20180812T0220,15,2018-08-12T17:15:40Z,8.660627609908019,81.41587078825985,132.93,132.93,17.5726,34.885303,4.53955,1025.8729
ru29-20180812T0220,15,2018-08-12T17:15:40Z,8.660627609908019,81.41587078825985,142.46,142.46,17.0013,34.902763,4.48508,1026.0665
ru29-20180812T0220,15,2018-08-12T17:15:40Z,8.660627609908019,81.41587078825985,151.39,151.39,16.306,34.9045,4.41669,1026.2717
ru29-20180812T0220,15,2018-08-12T17:15:40Z,8.660627609908019,81.41587078825985,160.83,160.83,15.4847,34.945045,4.34054,1026.5334
ru29-20180812T0220,15,2018-08-12T17:15:40Z,8.660627609908019,81.41587078825985,169.71,169.71,14.0806,35.007107,4.20995,1026.9299
ru29-20180812T0220,15,2018-08-12T17:15:40Z,8.660627609908019,81.41587078825985,177.37,177.37,13.4763,35.015026,4.15222,1027.0978
ru29-20180812T0220,15,2018-08-12T17:15:40Z,8.660627609908019,81.41587078825985,184.81,184.81,13.4184,35.001728,4.14551,1027.1327
ru29-20180812T0220,15,2018-08-12T17:15:40Z,8.660627609908019,81.41587078825985,192.0,192.0,13.4074,34.998898,4.14446,1027.1647
ru29-20180812T0220,15,2018-08-12T17:15:40Z,8.660627609908019,81.41587078825985,199.47,199.47,13.2294,35.00514,4.12816,1027.2396
ru29-20180812T0220,15,2018-08-12T17:15:40Z,8.660627609908019,81.41587078825985,206.78,206.78,13.1202,35.0064,4.11802,1027.2957
ru29-20180812T0220,15,2018-08-12T17:15:40Z,8.660627609908019,81.41587078825985,213.67,213.67,12.9949,35.00996,4.10655,1027.3547
ru29-20180812T0220,15,2018-08-12T17:15:40Z,8.660627609908019,81.41587078825985,220.57,220.57,12.8818,35.012455,4.09616,1027.4105
ru29-20180812T0220,15,2018-08-12T17:15:40Z,8.660627609908019,81.41587078825985,226.95,226.95,12.8629,35.010612,4.09442,1027.4413
ru29-20180812T0220,15,2018-08-12T17:15:40Z,8.660627609908019,81.41587078825985,233.25,233.25,12.7151,35.01688,4.08105,1027.5043
ru29-20180812T0220,15,2018-08-12T17:15:40Z,8.660627609908019,81.41587078825985,239.35,239.35,12.5718,35.01932,4.06772,1027.5623
ru29-20180812T0220,15,2018-08-12T17:15:40Z,8.660627609908019,81.41587078825985,245.69,245.69,12.4629,35.025085,4.05808,1027.6168
ru29-20180812T0220,15,2018-08-12T17:15:40Z,8.660627609908019,81.41587078825985,253.28,253.28,12.2424,35.02643,4.03728,1027.6956
ru29-20180812T0220,15,2018-08-12T17:15:40Z,8.660627609908019,81.41587078825985,260.2,260.2,12.0606,35.02426,4.01985,1027.7606
ru29-20180812T0220,15,2018-08-12T17:15:40Z,8.660627609908019,81.41587078825985,267.29,267.29,11.8821,35.02824,4.0034,1027.8303
ru29-20180812T0220,15,2018-08-12T17:15:40Z,8.660627609908019,81.41587078825985,274.43,274.43,11.7736,35.026672,3.99313,1027.8821
ru29-20180812T0220,15,2018-08-12T17:15:40Z,8.660627609908019,81.41587078825985,281.5,281.5,11.6919,35.030514,3.98599,1027.9325
ru29-20180812T0220,15,2018-08-12T17:15:40Z,8.660627609908019,81.41587078825985,289.18,289.18,11.6076,35.03071,3.97826,1027.9833
ru29-20180812T0220,15,2018-08-12T17:15:40Z,8.660627609908019,81.41587078825985,296.5,296.5,11.5656,35.02917,3.9744,1028.0228
ru29-20180812T0220,15,2018-08-12T17:15:40Z,8.660627609908019,81.41587078825985,303.84,303.84,11.5032,35.030823,3.96891,1028.069
ru29-20180812T0220,15,2018-08-12T17:15:40Z,8.660627609908019,81.41587078825985,310.78,310.78,11.4259,35.030426,3.96177,1028.1144
ru29-20180812T0220,15,2018-08-12T17:15:40Z,8.660627609908019,81.41587078825985,317.53,317.53,11.4039,35.030704,3.95999,1028.149
ru29-20180812T0220,15,2018-08-12T17:15:40Z,8.660627609908019,81.41587078825985,324.54,324.54,11.3414,35.031837,3.95443,1028.1932
ru29-20180812T0220,15,2018-08-12T17:15:40Z,8.660627609908019,81.41587078825985,331.33,331.33,11.2641,35.03082,3.94723,1028.2374
ru29-20180812T0220,15,2018-08-12T17:15:40Z,8.660627609908019,81.41587078825985,338.44,338.44,11.1627,35.03343,3.93811,1028.2905
ru29-20180812T0220,15,2018-08-12T17:15:40Z,8.660627609908019,81.41587078825985,345.48,345.48,11.1276,35.03088,3.93481,1028.3267
ru29-20180812T0220,15,2018-08-12T17:15:40Z,8.660627609908019,81.41587078825985,352.18,352.18,11.0921,35.031334,3.93176,1028.3636
ru29-20180812T0220,15,2018-08-12T17:15:40Z,8.660627609908019,81.41587078825985,359.37,359.37,11.0631,35.031254,3.9293,1028.4012
ru29-20180812T0220,15,2018-08-12T17:15:40Z,8.660627609908019,81.41587078825985,366.23,366.23,10.9726,35.031334,3.92097,1028.449
ru29-20180812T0220,15,2018-08-12T17:15:40Z,8.660627609908019,81.41587078825985,373.7,373.7,10.9261,35.031307,3.91686,1028.4911
ru29-20180812T0220,15,2018-08-12T17:15:40Z,8.660627609908019,81.41587078825985,381.3,381.3,10.9198,35.03116,3.91658,1028.5262
ru29-20180812T0220,15,2018-08-12T17:15:40Z,8.660627609908019,81.41587078825985,388.47,388.47,10.9033,35.03293,3.9155,1028.5627
ru29-20180812T0220,15,2018-08-12T17:15:40Z,8.660627609908019,81.41587078825985,396.05,396.05,10.8894,35.032337,3.91445,1028.5988
ru29-20180812T0220,15,2018-08-12T17:15:40Z,8.660627609908019,81.41587078825985,403.39,403.39,10.8617,35.032215,3.91212,1028.6367
ru29-20180812T0220,15,2018-08-12T17:15:40Z,8.660627609908019,81.41587078825985,411.09,411.09,10.8422,35.03091,3.91047,1028.6737
ru29-20180812T0220,15,2018-08-12T17:15:40Z,8.660627609908019,81.41587078825985,418.68,418.68,10.8155,35.031815,3.90835,1028.7134
ru29-20180812T0220,15,2018-08-12T17:15:40Z,8.660627609908019,81.41587078825985,425.88,425.88,10.6469,35.034866,3.89291,1028.7794
ru29-20180812T0220,15,2018-08-12T17:15:40Z,8.660627609908019,81.41587078825985,433.45,433.45,10.5735,35.034184,3.88619,1028.8264
ru29-20180812T0220,15,2018-08-12T17:15:40Z,8.660627609908019,81.41587078825985,440.51,440.51,10.5637,35.03198,3.88535,1028.858
ru29-20180812T0220,15,2018-08-12T17:15:40Z,8.660627609908019,81.41587078825985,447.84,447.84,10.4867,35.032883,3.87844,1028.9058
ru29-20180812T0220,15,2018-08-12T17:15:40Z,8.660627609908019,81.41587078825985,455.17,455.17,10.4368,35.033188,3.87405,1028.948
ru29-20180812T0220,15,2018-08-12T17:15:40Z,8.660627609908019,81.41587078825985,462.29,462.29,10.4042,35.03282,3.87123,1028.9856
ru29-20180812T0220,15,2018-08-12T17:15:40Z,8.660627609908019,81.41587078825985,469.88,469.88,10.3416,35.03264,3.8656,1029.031
ru29-20180812T0220,15,2018-08-12T17:15:40Z,8.660627609908019,81.41587078825985,477.21,477.21,10.2706,35.03261,3.85918,1029.0768
ru29-20180812T0220,15,2018-08-12T17:15:40Z,8.660627609908019,81.41587078825985,484.95,484.95,10.2297,35.034237,3.8558,1029.1201
ru29-20180812T0220,15,2018-08-12T17:15:40Z,8.660627609908019,81.41587078825985,492.59,492.59,10.2206,35.036743,3.85552,1029.158
ru29-20180812T0220,15,2018-08-12T17:15:40Z,8.660627609908019,81.41587078825985,500.04,500.04,10.2046,35.044865,3.85513,1029.2006
ru29-20180812T0220,15,2018-08-12T17:15:40Z,8.660627609908019,81.41587078825985,507.72,507.72,10.1925,35.058167,3.85563,1029.2474
ru29-20180812T0220,15,2018-08-12T17:15:40Z,8.660627609908019,81.41587078825985,515.22,515.22,10.0949,35.057137,3.8466,1029.298
ru29-20180812T0220,15,2018-08-12T17:15:40Z,8.660627609908019,81.41587078825985,523.12,523.12,9.9899,35.04698,3.836,1029.3446
ru29-20180812T0220,15,2018-08-12T17:15:40Z,8.660627609908019,81.41587078825985,531.1,531.1,9.8831,35.035435,3.82511,1029.3906
ru29-20180812T0220,15,2018-08-12T17:15:40Z,8.660627609908019,81.41587078825985,538.43,538.43,9.8358,35.035248,3.82094,1029.4318
ru29-20180812T0220,15,2018-08-12T17:15:40Z,8.660627609908019,81.41587078825985,546.1,546.1,9.7138,35.041145,3.81032,1029.4927
ru29-20180812T0220,15,2018-08-12T17:15:40Z,8.660627609908019,81.41587078825985,553.22,553.22,9.6203,35.03866,3.80156,1029.5393
ru29-20180812T0220,15,2018-08-12T17:15:40Z,8.660627609908019,81.41587078825985,560.31,560.31,9.5506,35.03615,3.79505,1029.5815
ru29-20180812T0220,15,2018-08-12T17:15:40Z,8.660627609908019,81.41587078825985,567.37,567.37,9.4916,35.036,3.78978,1029.6235
ru29-20180812T0220,15,2018-08-12T17:15:40Z,8.660627609908019,81.41587078825985,574.14,574.14,9.5004,35.040466,3.79134,1029.6558
ru29-20180812T0220,15,2018-08-12T17:15:40Z,8.660627609908019,81.41587078825985,580.82,580.82,9.3022,35.03875,3.77279,1029.7194
ru29-20180812T0220,15,2018-08-12T17:15:40Z,8.660627609908019,81.41587078825985,587.66,587.66,9.2816,35.03418,3.77071,1029.7501
ru29-20180812T0220,15,2018-08-12T17:15:40Z,8.660627609908019,81.41587078825985,594.63,594.63,9.2849,35.032455,3.77116,1029.7794
ru29-20180812T0220,15,2018-08-12T17:15:40Z,8.660627609908019,81.41587078825985,601.31,601.31,9.2346,35.029453,3.76643,1029.8159
ru29-20180812T0220,15,2018-08-12T17:15:40Z,8.660627609908019,81.41587078825985,607.32,607.32,9.1807,35.03461,3.76212,1029.8563
ru29-20180812T0220,15,2018-08-12T17:15:40Z,8.660627609908019,81.41587078825985,614.03,614.03,9.1635,35.03153,3.7605,1029.887
ru29-20180812T0220,15,2018-08-12T17:15:40Z,8.660627609908019,81.41587078825985,620.4,620.4,9.1337,35.031452,3.75797,1029.9207
ru29-20180812T0220,15,2018-08-12T17:15:40Z,8.660627609908019,81.41587078825985,627.14,627.14,9.0163,35.029625,3.74706,1029.97
ru29-20180812T0220,15,2018-08-12T17:15:40Z,8.660627609908019,81.41587078825985,634.17,634.17,8.9629,35.022057,3.74163,1030.0048
ru29-20180812T0220,15,2018-08-12T17:15:40Z,8.660627609908019,81.41587078825985,641.12,641.12,8.9066,35.01597,3.73607,1030.041
ru29-20180812T0220,15,2018-08-12T17:15:40Z,8.660627609908019,81.41587078825985,648.26,648.26,8.7774,35.009754,3.72368,1030.0905
ru29-20180812T0220,15,2018-08-12T17:15:40Z,8.660627609908019,81.41587078825985,655.07,655.07,8.7175,35.006092,3.71802,1030.1284
ru29-20180812T0220,15,2018-08-12T17:15:40Z,8.660627609908019,81.41587078825985,662.14,662.14,8.617,35.00245,3.70858,1030.1744
ru29-20180812T0220,15,2018-08-12T17:15:40Z,8.660627609908019,81.41587078825985,669.36,669.36,8.5919,34.998886,3.70621,1030.2084
ru29-20180812T0220,15,2018-08-12T17:15:40Z,8.660627609908019,81.41587078825985,676.24,676.24,8.5215,34.999825,3.70002,1030.252
ru29-20180812T0220,15,2018-08-12T17:15:40Z,8.660627609908019,81.41587078825985,683.21,683.21,8.4967,34.995735,3.69762,1030.2843
ru29-20180812T0220,15,2018-08-12T17:15:40Z,8.660627609908019,81.41587078825985,689.53,689.53,8.4746,34.991386,3.69542,1030.313
ru29-20180812T0220,15,2018-08-12T17:15:40Z,8.660627609908019,81.41587078825985,696.27,696.27,8.4628,34.991997,3.69467,1030.3457
ru29-20180812T0220,15,2018-08-12T17:15:40Z,8.660627609908019,81.41587078825985,703.19,703.19,8.4369,34.99132,3.69249,1030.3806
ru29-20180812T0220,15,2018-08-12T17:15:40Z,8.660627609908019,81.41587078825985,709.83,709.83,8.4101,34.991974,3.69034,1030.4155
ru29-20180812T0220,15,2018-08-12T17:15:40Z,8.660627609908019,81.41587078825985,716.51,716.51,8.3886,34.991924,3.68862,1030.4491
ru29-20180812T0220,15,2018-08-12T17:15:40Z,8.660627609908019,81.41587078825985,722.64,722.64,8.2249,34.989223,3.67337,1030.5021
ru29-20180812T0220,15,2018-08-12T17:15:40Z,8.660627609908019,81.41587078825985,729.03,729.03,8.1897,34.986893,3.67015,1030.5349
ru29-20180812T0220,15,2018-08-12T17:15:40Z,8.660627609908019,81.41587078825985,735.46,735.46,8.1457,34.982494,3.66592,1030.5676
ru29-20180812T0220,15,2018-08-12T17:15:40Z,8.660627609908019,81.41587078825985,741.66,741.66,8.1281,34.98184,3.66449,1030.5979
ru29-20180812T0220,15,2018-08-12T17:15:40Z,8.660627609908019,81.41587078825985,747.97,747.97,8.1175,34.981007,3.6637,1030.6274
ru29-20180812T0220,15,2018-08-12T17:15:40Z,8.660627609908019,81.41587078825985,753.88,753.88,8.1116,34.980072,3.66332,1030.6542
ru29-20180812T0220,15,2018-08-12T17:15:40Z,8.660627609908019,81.41587078825985,760.01,760.01,8.1127,34.982426,3.66391,1030.6833
ru29-20180812T0220,15,2018-08-12T17:15:40Z,8.660627609908019,81.41587078825985,766.02,766.02,8.0654,34.9837,3.65989,1030.7192
ru29-20180812T0220,15,2018-08-12T17:15:40Z,8.660627609908019,81.41587078825985,771.67,771.67,8.0382,34.98236,3.65748,1030.7482
ru29-20180812T0220,15,2018-08-12T17:15:40Z,8.660627609908019,81.41587078825985,778.03,778.03,8.0262,34.98097,3.65651,1030.7776
ru29-20180812T0220,15,2018-08-12T17:15:40Z,8.660627609908019,81.41587078825985,784.31,784.31,7.9948,34.980717,3.65384,1030.8109
ru29-20180812T0220,15,2018-08-12T17:15:40Z,8.660627609908019,81.41587078825985,791.07,791.07,7.9622,34.979397,3.65098,1030.8456
ru29-20180812T0220,15,2018-08-12T17:15:40Z,8.660627609908019,81.41587078825985,797.87,797.87,7.9282,34.97869,3.64805,1030.8812
ru29-20180812T0220,15,2018-08-12T17:15:40Z,8.660627609908019,81.41587078825985,804.46,804.46,7.8898,34.980946,3.64498,1030.919
ru29-20180812T0220,15,2018-08-12T17:15:40Z,8.660627609908019,81.41587078825985,811.24,811.24,7.8416,34.975067,3.64025,1030.9529
ru29-20180812T0220,15,2018-08-12T17:15:40Z,8.660627609908019,81.41587078825985,817.71,817.71,7.7778,34.97581,3.63468,1030.993
ru29-20180812T0220,15,2018-08-12T17:15:40Z,8.660627609908019,81.41587078825985,824.52,824.52,7.7459,34.972416,3.6317,1031.0262
ru29-20180812T0220,15,2018-08-12T17:15:40Z,8.660627609908019,81.41587078825985,831.68,831.68,7.6929,34.971268,3.62699,1031.0662
ru29-20180812T0220,15,2018-08-12T17:15:40Z,8.660627609908019,81.41587078825985,838.68,838.68,7.678,34.97103,3.62589,1031.0999
ru29-20180812T0220,15,2018-08-12T17:15:40Z,8.660627609908019,81.41587078825985,846.12,846.12,7.6633,34.967915,3.62456,1031.1333
ru29-20180812T0220,15,2018-08-12T17:15:40Z,8.660627609908019,81.41587078825985,853.12,853.12,7.5772,34.96674,3.61678,1031.178
ru29-20180812T0220,15,2018-08-12T17:15:40Z,8.660627609908019,81.41587078825985,860.17,860.17,7.5361,34.965546,3.61317,1031.2155
ru29-20180812T0220,15,2018-08-12T17:15:40Z,8.660627609908019,81.41587078825985,867.17,867.17,7.5109,34.95679,3.61033,1031.2441
ru29-20180812T0220,15,2018-08-12T17:15:40Z,8.660627609908019,81.41587078825985,873.77,873.77,7.4595,34.96142,3.60629,1031.2858
ru29-20180812T0220,15,2018-08-12T17:15:40Z,8.660627609908019,81.41587078825985,880.37,880.37,7.4333,34.96085,3.6041,1031.3193
ru29-20180812T0220,15,2018-08-12T17:15:40Z,8.660627609908019,81.41587078825985,886.27,886.27,7.4017,34.960155,3.60137,1031.3503
ru29-20180812T0220,15,2018-08-12T17:15:40Z,8.660627609908019,81.41587078825985,892.48,892.48,7.3079,34.962288,3.59317,1031.3951
ru29-20180812T0220,15,2018-08-12T17:15:40Z,8.660627609908019,81.41587078825985,898.95,898.95,7.2773,34.960835,3.59049,1031.4281
ru29-20180812T0220,15,2018-08-12T17:15:40Z,8.660627609908019,81.41587078825985,905.21,905.21,7.2555,34.957924,3.58848,1031.4574
ru29-20180812T0220,15,2018-08-12T17:15:40Z,8.660627609908019,81.41587078825985,910.95,910.95,7.2305,34.9527,3.58594,1031.4832
ru29-20180812T0220,15,2018-08-12T17:15:40Z,8.660627609908019,81.41587078825985,911.57,911.57,7.2289,34.953583,3.5859,1031.4869
ru29-20180812T0220,16,2018-08-12T18:32:53Z,8.659056574713995,81.4333767852961,911.57,911.57,7.2289,34.953583,3.5859,1031.4869
ru29-20180812T0220,16,2018-08-12T18:32:53Z,8.659056574713995,81.4333767852961,907.77,907.77,7.2451,34.95314,3.58719,1031.4669
ru29-20180812T0220,16,2018-08-12T18:32:53Z,8.659056574713995,81.4333767852961,898.27,898.27,7.2717,34.95884,3.58976,1031.4243
ru29-20180812T0220,16,2018-08-12T18:32:53Z,8.659056574713995,81.4333767852961,887.94,887.94,7.3275,34.961594,3.59472,1031.3711
ru29-20180812T0220,16,2018-08-12T18:32:53Z,8.659056574713995,81.4333767852961,876.48,876.48,7.3725,34.956913,3.59795,1031.3086
ru29-20180812T0220,16,2018-08-12T18:32:53Z,8.659056574713995,81.4333767852961,865.87,865.87,7.4343,34.95732,3.60324,1031.2512
ru29-20180812T0220,16,2018-08-12T18:32:53Z,8.659056574713995,81.4333767852961,854.53,854.53,7.4597,34.960476,3.60539,1031.1986
ru29-20180812T0220,16,2018-08-12T18:32:53Z,8.659056574713995,81.4333767852961,843.39,843.39,7.5296,34.96249,3.61156,1031.1387
ru29-20180812T0220,16,2018-08-12T18:32:53Z,8.659056574713995,81.4333767852961,831.58,831.58,7.6398,34.96561,3.62154,1031.0701
ru29-20180812T0220,16,2018-08-12T18:32:53Z,8.659056574713995,81.4333767852961,819.98,819.98,7.6654,34.96842,3.62367,1031.0159
ru29-20180812T0220,16,2018-08-12T18:32:53Z,8.659056574713995,81.4333767852961,808.62,808.62,7.7101,34.969276,3.6274,1030.9583
ru29-20180812T0220,16,2018-08-12T18:32:53Z,8.659056574713995,81.4333767852961,796.65,796.65,7.7662,34.97065,3.63221,1030.8962
ru29-20180812T0220,16,2018-08-12T18:32:53Z,8.659056574713995,81.4333767852961,785.55,785.55,7.8392,34.971928,3.63862,1030.8353
ru29-20180812T0220,16,2018-08-12T18:32:53Z,8.659056574713995,81.4333767852961,774.25,774.25,7.88,34.974106,3.64212,1030.7795
ru29-20180812T0220,16,2018-08-12T18:32:53Z,8.659056574713995,81.4333767852961,763.21,763.21,7.9568,34.97685,3.64903,1030.7194
ru29-20180812T0220,16,2018-08-12T18:32:53Z,8.659056574713995,81.4333767852961,752.77,752.77,8.0242,34.97706,3.65486,1030.6614
ru29-20180812T0220,16,2018-08-12T18:32:53Z,8.659056574713995,81.4333767852961,741.46,741.46,8.0457,34.97858,3.65651,1030.6083
ru29-20180812T0220,16,2018-08-12T18:32:53Z,8.659056574713995,81.4333767852961,730.86,730.86,8.0569,34.977726,3.65701,1030.5581
ru29-20180812T0220,16,2018-08-12T18:32:53Z,8.659056574713995,81.4333767852961,719.9,719.9,8.0981,34.978848,3.66047,1030.5028
ru29-20180812T0220,16,2018-08-12T18:32:53Z,8.659056574713995,81.4333767852961,709.42,709.42,8.2343,34.98434,3.67321,1030.4373
ru29-20180812T0220,16,2018-08-12T18:32:53Z,8.659056574713995,81.4333767852961,699.51,699.51,8.307,34.986538,3.67976,1030.3823
ru29-20180812T0220,16,2018-08-12T18:32:53Z,8.659056574713995,81.4333767852961,689.41,689.41,8.4319,34.9914,3.69143,1030.3197
ru29-20180812T0220,16,2018-08-12T18:32:53Z,8.659056574713995,81.4333767852961,680.2,680.2,8.5598,34.99464,3.70328,1030.2592
ru29-20180812T0220,16,2018-08-12T18:32:53Z,8.659056574713995,81.4333767852961,670.25,670.25,8.6078,34.996513,3.70751,1030.2078
ru29-20180812T0220,16,2018-08-12T18:32:53Z,8.659056574713995,81.4333767852961,660.4,660.4,8.7859,35.00748,3.72479,1030.1417
ru29-20180812T0220,16,2018-08-12T18:32:53Z,8.659056574713995,81.4333767852961,650.8,650.8,8.8488,35.01467,3.73095,1030.0934
ru29-20180812T0220,16,2018-08-12T18:32:53Z,8.659056574713995,81.4333767852961,641.07,641.07,8.9081,35.01996,3.73659,1030.0436
ru29-20180812T0220,16,2018-08-12T18:32:53Z,8.659056574713995,81.4333767852961,NaN,NaN,NaN,NaN,NaN,NaN
ru29-20180812T0220,16,2018-08-12T18:32:53Z,8.659056574713995,81.4333767852961,631.89,631.89,8.9547,35.021423,3.7407,1029.9955
ru29-20180812T0220,16,2018-08-12T18:32:53Z,8.659056574713995,81.4333767852961,622.43,622.43,9.0811,35.023476,3.75235,1029.9327
ru29-20180812T0220,16,2018-08-12T18:32:53Z,8.659056574713995,81.4333767852961,612.67,612.67,9.1011,35.025436,3.75399,1029.887
ru29-20180812T0220,16,2018-08-12T18:32:53Z,8.659056574713995,81.4333767852961,602.93,602.93,9.1558,35.02363,3.75853,1029.8324
ru29-20180812T0220,16,2018-08-12T18:32:53Z,8.659056574713995,81.4333767852961,592.44,592.44,9.2344,35.029533,3.76603,1029.7762
ru29-20180812T0220,16,2018-08-12T18:32:53Z,8.659056574713995,81.4333767852961,582.45,582.45,9.3124,35.031475,3.77312,1029.7192
ru29-20180812T0220,16,2018-08-12T18:32:53Z,8.659056574713995,81.4333767852961,571.78,571.78,9.4033,35.03496,3.78155,1029.6581
ru29-20180812T0220,16,2018-08-12T18:32:53Z,8.659056574713995,81.4333767852961,561.17,561.17,9.4922,35.030277,3.78901,1029.5912
ru29-20180812T0220,16,2018-08-12T18:32:53Z,8.659056574713995,81.4333767852961,551.1,551.1,9.593,35.03207,3.79825,1029.5295
ru29-20180812T0220,16,2018-08-12T18:32:53Z,8.659056574713995,81.4333767852961,540.91,540.91,9.8203,35.036648,3.81972,1029.4468
ru29-20180812T0220,16,2018-08-12T18:32:53Z,8.659056574713995,81.4333767852961,531.45,531.45,9.9236,35.04455,3.82985,1029.392
ru29-20180812T0220,16,2018-08-12T18:32:53Z,8.659056574713995,81.4333767852961,521.52,521.52,10.0629,35.055576,3.84369,1029.3308
ru29-20180812T0220,16,2018-08-12T18:32:53Z,8.659056574713995,81.4333767852961,509.51,509.51,10.1507,35.061592,3.85208,1029.2657
ru29-20180812T0220,16,2018-08-12T18:32:53Z,8.659056574713995,81.4333767852961,497.51,497.51,10.2053,35.041767,3.85478,1029.1866
ru29-20180812T0220,16,2018-08-12T18:32:53Z,8.659056574713995,81.4333767852961,484.8,484.8,10.2868,35.031685,3.86096,1029.107
ru29-20180812T0220,16,2018-08-12T18:32:53Z,8.659056574713995,81.4333767852961,472.27,472.27,10.4124,35.027584,3.87193,1029.0247
ru29-20180812T0220,16,2018-08-12T18:32:53Z,8.659056574713995,81.4333767852961,458.31,458.31,10.5207,35.0279,3.88164,1028.9425
ru29-20180812T0220,16,2018-08-12T18:32:53Z,8.659056574713995,81.4333767852961,444.73,444.73,10.6355,35.026463,3.89182,1028.8594
ru29-20180812T0220,16,2018-08-12T18:32:53Z,8.659056574713995,81.4333767852961,432.1,432.1,10.7627,35.025707,3.9033,1028.7786
ru29-20180812T0220,16,2018-08-12T18:32:53Z,8.659056574713995,81.4333767852961,418.64,418.64,10.7887,35.028973,3.90551,1028.7161
ru29-20180812T0220,16,2018-08-12T18:32:53Z,8.659056574713995,81.4333767852961,405.82,405.82,10.7915,35.029465,3.90526,1028.6586
ru29-20180812T0220,16,2018-08-12T18:32:53Z,8.659056574713995,81.4333767852961,392.36,392.36,10.8942,35.026993,3.91421,1028.5773
ru29-20180812T0220,16,2018-08-12T18:32:53Z,8.659056574713995,81.4333767852961,379.24,379.24,10.8978,35.029556,3.91423,1028.5199
ru29-20180812T0220,16,2018-08-12T18:32:53Z,8.659056574713995,81.4333767852961,366.94,366.94,10.9686,35.028645,3.92035,1028.4508
ru29-20180812T0220,16,2018-08-12T18:32:53Z,8.659056574713995,81.4333767852961,353.89,353.89,11.0939,35.027275,3.9316,1028.3678
ru29-20180812T0220,16,2018-08-12T18:32:53Z,8.659056574713995,81.4333767852961,341.22,341.22,11.1876,35.02753,3.94002,1028.2937
ru29-20180812T0220,16,2018-08-12T18:32:53Z,8.659056574713995,81.4333767852961,328.43,328.43,11.3501,35.02555,3.9548,1028.204
ru29-20180812T0220,16,2018-08-12T18:32:53Z,8.659056574713995,81.4333767852961,315.82,315.82,11.4261,35.025562,3.96152,1028.1332
ru29-20180812T0220,16,2018-08-12T18:32:53Z,8.659056574713995,81.4333767852961,303.38,303.38,11.4889,35.026394,3.96707,1028.0662
ru29-20180812T0220,16,2018-08-12T18:32:53Z,8.659056574713995,81.4333767852961,290.37,290.37,11.6397,35.024685,3.98078,1027.9777
ru29-20180812T0220,16,2018-08-12T18:32:53Z,8.659056574713995,81.4333767852961,278.49,278.49,11.7926,35.02172,3.99463,1027.8927
ru29-20180812T0220,16,2018-08-12T18:32:53Z,8.659056574713995,81.4333767852961,265.63,265.63,12.0613,35.016975,4.01941,1027.779
ru29-20180812T0220,16,2018-08-12T18:32:53Z,8.659056574713995,81.4333767852961,253.18,253.18,12.4419,35.021473,4.05601,1027.6516
ru29-20180812T0220,16,2018-08-12T18:32:53Z,8.659056574713995,81.4333767852961,241.03,241.03,12.7312,35.002285,4.08143,1027.5243
ru29-20180812T0220,16,2018-08-12T18:32:53Z,8.659056574713995,81.4333767852961,228.59,228.59,12.8881,35.001606,4.09599,1027.4365
ru29-20180812T0220,16,2018-08-12T18:32:53Z,8.659056574713995,81.4333767852961,216.76,216.76,12.9956,35.002003,4.10592,1027.3622
ru29-20180812T0220,16,2018-08-12T18:32:53Z,8.659056574713995,81.4333767852961,205.73,205.73,13.1573,34.99669,4.12055,1027.2759
ru29-20180812T0220,16,2018-08-12T18:32:53Z,8.659056574713995,81.4333767852961,194.25,194.25,13.4146,34.98729,4.14403,1027.1642
ru29-20180812T0220,16,2018-08-12T18:32:53Z,8.659056574713995,81.4333767852961,183.7,183.7,13.8518,34.9721,4.18449,1027.0138
ru29-20180812T0220,16,2018-08-12T18:32:53Z,8.659056574713995,81.4333767852961,173.05,173.05,14.5797,34.95757,4.25356,1026.7986
ru29-20180812T0220,16,2018-08-12T18:32:53Z,8.659056574713995,81.4333767852961,162.27,162.27,16.0238,34.89922,4.38867,1026.3812
ru29-20180812T0220,16,2018-08-12T18:32:53Z,8.659056574713995,81.4333767852961,151.42,151.42,16.3089,34.90133,4.41662,1026.2687
ru29-20180812T0220,16,2018-08-12T18:32:53Z,8.659056574713995,81.4333767852961,139.72,139.72,17.0133,34.88086,4.48364,1026.0348
ru29-20180812T0220,16,2018-08-12T18:32:53Z,8.659056574713995,81.4333767852961,129.02,129.02,17.7036,34.86543,4.55014,1025.8085
ru29-20180812T0220,16,2018-08-12T18:32:53Z,8.659056574713995,81.4333767852961,118.15,118.15,18.3271,34.85418,4.61069,1025.5974
ru29-20180812T0220,16,2018-08-12T18:32:53Z,8.659056574713995,81.4333767852961,108.18,108.18,19.4362,34.830605,4.7189,1025.2526
ru29-20180812T0220,16,2018-08-12T18:32:53Z,8.659056574713995,81.4333767852961,99.23,99.23,19.6642,34.832317,4.74172,1025.1554
ru29-20180812T0220,16,2018-08-12T18:32:53Z,8.659056574713995,81.4333767852961,89.76,89.76,20.1202,34.821793,4.78612,1024.9857
ru29-20180812T0220,16,2018-08-12T18:32:53Z,8.659056574713995,81.4333767852961,81.45,81.45,20.5676,34.814903,4.83025,1024.8247
ru29-20180812T0220,16,2018-08-12T18:32:53Z,8.659056574713995,81.4333767852961,74.09,74.09,21.3861,34.791683,4.91026,1024.5521
ru29-20180812T0220,16,2018-08-12T18:32:53Z,8.659056574713995,81.4333767852961,66.8,66.8,21.9518,34.759846,4.96363,1024.339
ru29-20180812T0220,16,2018-08-12T18:32:53Z,8.659056574713995,81.4333767852961,59.18,59.18,23.0836,34.70027,5.07152,1023.93854
ru29-20180812T0220,16,2018-08-12T18:32:53Z,8.659056574713995,81.4333767852961,51.55,51.55,24.2208,34.640507,5.18031,1023.5264
ru29-20180812T0220,16,2018-08-12T18:32:53Z,8.659056574713995,81.4333767852961,49.71,49.71,24.4455,34.644466,5.20394,1023.45435
ru29-20180812T0220,17,2018-08-12T22:40:48Z,8.653987963936864,81.4885800390709,9.12,9.12,28.7707,33.964535,5.55488,1021.4021
ru29-20180812T0220,17,2018-08-12T22:40:48Z,8.653987963936864,81.4885800390709,22.79,22.79,28.7762,33.96465,5.55603,1021.4589
ru29-20180812T0220,17,2018-08-12T22:40:48Z,8.653987963936864,81.4885800390709,35.42,35.42,28.7788,33.964375,5.55678,1021.51196
ru29-20180812T0220,17,2018-08-12T22:40:48Z,8.653987963936864,81.4885800390709,47.06,47.06,25.0024,34.66788,5.26456,1023.2925
ru29-20180812T0220,17,2018-08-12T22:40:48Z,8.653987963936864,81.4885800390709,57.17,57.17,23.3345,34.76217,5.10529,1023.90393
ru29-20180812T0220,17,2018-08-12T22:40:48Z,8.653987963936864,81.4885800390709,65.65,65.65,21.7566,34.82299,4.95165,1024.4365
ru29-20180812T0220,17,2018-08-12T22:40:48Z,8.653987963936864,81.4885800390709,74.99,74.99,21.1702,34.83472,4.8937,1024.6481
ru29-20180812T0220,17,2018-08-12T22:40:48Z,8.653987963936864,81.4885800390709,84.06,84.06,20.6879,34.839573,4.84563,1024.8224
ru29-20180812T0220,17,2018-08-12T22:40:48Z,8.653987963936864,81.4885800390709,93.67,93.67,19.7962,34.865112,4.7588,1025.1215
ru29-20180812T0220,17,2018-08-12T22:40:48Z,8.653987963936864,81.4885800390709,103.07,103.07,19.5203,34.857235,4.73038,1025.2288
ru29-20180812T0220,17,2018-08-12T22:40:48Z,8.653987963936864,81.4885800390709,111.44,111.44,18.185,34.904438,4.60208,1025.6421
ru29-20180812T0220,17,2018-08-12T22:40:48Z,8.653987963936864,81.4885800390709,119.83,119.83,17.4338,34.90383,4.52728,1025.8634
ru29-20180812T0220,17,2018-08-12T22:40:48Z,8.653987963936864,81.4885800390709,127.84,127.84,17.1454,34.899853,4.49844,1025.9653
ru29-20180812T0220,17,2018-08-12T22:40:48Z,8.653987963936864,81.4885800390709,135.01,135.01,16.6281,34.907166,4.44819,1026.1259
ru29-20180812T0220,17,2018-08-12T22:40:48Z,8.653987963936864,81.4885800390709,142.64,142.64,16.1933,34.920784,4.40699,1026.2719
ru29-20180812T0220,17,2018-08-12T22:40:48Z,8.653987963936864,81.4885800390709,149.97,149.97,15.7464,34.93932,4.36523,1026.4215
ru29-20180812T0220,17,2018-08-12T22:40:48Z,8.653987963936864,81.4885800390709,157.32,157.32,15.1313,34.9475,4.30588,1026.5994
ru29-20180812T0220,17,2018-08-12T22:40:48Z,8.653987963936864,81.4885800390709,164.75,164.75,14.1815,34.994007,4.21818,1026.8762
ru29-20180812T0220,17,2018-08-12T22:40:48Z,8.653987963936864,81.4885800390709,171.46,171.46,13.7441,34.998653,4.17629,1027.0027
ru29-20180812T0220,17,2018-08-12T22:40:48Z,8.653987963936864,81.4885800390709,178.08,178.08,13.2386,35.01686,4.12934,1027.1516
ru29-20180812T0220,17,2018-08-12T22:40:48Z,8.653987963936864,81.4885800390709,184.1,184.1,12.9606,35.01709,4.10266,1027.2356
ru29-20180812T0220,17,2018-08-12T22:40:48Z,8.653987963936864,81.4885800390709,190.21,190.21,12.9457,35.011387,4.10089,1027.2615
ru29-20180812T0220,17,2018-08-12T22:40:48Z,8.653987963936864,81.4885800390709,196.54,196.54,12.944,35.00865,4.10072,1027.2878
ru29-20180812T0220,17,2018-08-12T22:40:48Z,8.653987963936864,81.4885800390709,202.68,202.68,12.8475,35.013847,4.09219,1027.3389
ru29-20180812T0220,17,2018-08-12T22:40:48Z,8.653987963936864,81.4885800390709,209.59,209.59,12.6186,35.02267,4.07127,1027.4227
ru29-20180812T0220,17,2018-08-12T22:40:48Z,8.653987963936864,81.4885800390709,215.84,215.84,12.4229,35.025455,4.05293,1027.492
ru29-20180812T0220,17,2018-08-12T22:40:48Z,8.653987963936864,81.4885800390709,221.87,221.87,12.3862,35.02714,4.04983,1027.5275
ru29-20180812T0220,17,2018-08-12T22:40:48Z,8.653987963936864,81.4885800390709,228.17,228.17,12.3461,35.02801,4.04633,1027.5642
ru29-20180812T0220,17,2018-08-12T22:40:48Z,8.653987963936864,81.4885800390709,234.17,234.17,12.1598,35.028755,4.02871,1027.6284
ru29-20180812T0220,17,2018-08-12T22:40:48Z,8.653987963936864,81.4885800390709,240.47,240.47,11.8855,35.031025,4.00282,1027.712
ru29-20180812T0220,17,2018-08-12T22:40:48Z,8.653987963936864,81.4885800390709,247.41,247.41,11.8161,35.034676,3.99683,1027.7594
ru29-20180812T0220,17,2018-08-12T22:40:48Z,8.653987963936864,81.4885800390709,254.57,254.57,11.7902,35.035564,3.99475,1027.7971
ru29-20180812T0220,17,2018-08-12T22:40:48Z,8.653987963936864,81.4885800390709,262.38,262.38,11.6964,35.037655,3.9863,1027.8518
ru29-20180812T0220,17,2018-08-12T22:40:48Z,8.653987963936864,81.4885800390709,269.88,269.88,11.6343,35.03312,3.98021,1027.8937
ru29-20180812T0220,17,2018-08-12T22:40:48Z,8.653987963936864,81.4885800390709,277.91,277.91,11.5437,35.031395,3.9717,1027.9457
ru29-20180812T0220,17,2018-08-12T22:40:48Z,8.653987963936864,81.4885800390709,285.77,285.77,11.5096,35.030216,3.96866,1027.9865
ru29-20180812T0220,17,2018-08-12T22:40:48Z,8.653987963936864,81.4885800390709,293.34,293.34,11.4577,35.030396,3.96404,1028.0304
ru29-20180812T0220,17,2018-08-12T22:40:48Z,8.653987963936864,81.4885800390709,301.5,301.5,11.3853,35.031322,3.95756,1028.0814
ru29-20180812T0220,17,2018-08-12T22:40:48Z,8.653987963936864,81.4885800390709,308.94,308.94,11.3547,35.03103,3.95493,1028.1202
ru29-20180812T0220,17,2018-08-12T22:40:48Z,8.653987963936864,81.4885800390709,317.11,317.11,11.3018,35.030354,3.95016,1028.1664
ru29-20180812T0220,17,2018-08-12T22:40:48Z,8.653987963936864,81.4885800390709,325.4,325.4,11.2766,35.031185,3.9482,1028.2089
ru29-20180812T0220,17,2018-08-12T22:40:48Z,8.653987963936864,81.4885800390709,333.22,333.22,11.2332,35.030643,3.94434,1028.2517
ru29-20180812T0220,17,2018-08-12T22:40:48Z,8.653987963936864,81.4885800390709,341.38,341.38,11.1571,35.032684,3.93763,1028.3042
ru29-20180812T0220,17,2018-08-12T22:40:48Z,8.653987963936864,81.4885800390709,348.97,348.97,11.1325,35.033134,3.93566,1028.3431
ru29-20180812T0220,17,2018-08-12T22:40:48Z,8.653987963936864,81.4885800390709,357.19,357.19,11.0855,35.034008,3.93162,1028.3894
ru29-20180812T0220,17,2018-08-12T22:40:48Z,8.653987963936864,81.4885800390709,365.8,365.8,10.9696,35.032986,3.92083,1028.449
ru29-20180812T0220,17,2018-08-12T22:40:48Z,8.653987963936864,81.4885800390709,373.63,373.63,10.9019,35.031826,3.9146,1028.4957
ru29-20180812T0220,17,2018-08-12T22:40:48Z,8.653987963936864,81.4885800390709,381.72,381.72,10.8727,35.0317,3.91216,1028.5374
ru29-20180812T0220,17,2018-08-12T22:40:48Z,8.653987963936864,81.4885800390709,389.62,389.62,10.8419,35.031982,3.9096,1028.5786
ru29-20180812T0220,17,2018-08-12T22:40:48Z,8.653987963936864,81.4885800390709,397.52,397.52,10.7583,35.027664,3.90155,1028.6262
ru29-20180812T0220,17,2018-08-12T22:40:48Z,8.653987963936864,81.4885800390709,405.77,405.77,10.6961,35.031784,3.8964,1028.678
ru29-20180812T0220,17,2018-08-12T22:40:48Z,8.653987963936864,81.4885800390709,413.1,413.1,10.6214,35.02875,3.88931,1028.7223
ru29-20180812T0220,17,2018-08-12T22:40:48Z,8.653987963936864,81.4885800390709,420.47,420.47,10.5952,35.031647,3.88743,1028.7623
ru29-20180812T0220,17,2018-08-12T22:40:48Z,8.653987963936864,81.4885800390709,427.67,427.67,10.5779,35.032234,3.88616,1028.7982
ru29-20180812T0220,17,2018-08-12T22:40:48Z,8.653987963936864,81.4885800390709,435.18,435.18,10.4303,35.03318,3.87255,1028.8597
ru29-20180812T0220,17,2018-08-12T22:40:48Z,8.653987963936864,81.4885800390709,442.18,442.18,10.3646,35.032505,3.86655,1028.9027
ru29-20180812T0220,17,2018-08-12T22:40:48Z,8.653987963936864,81.4885800390709,449.09,449.09,10.339,35.032875,3.86446,1028.9386
ru29-20180812T0220,17,2018-08-12T22:40:48Z,8.653987963936864,81.4885800390709,456.21,456.21,10.2645,35.04006,3.85841,1028.9896
ru29-20180812T0220,17,2018-08-12T22:40:48Z,8.653987963936864,81.4885800390709,462.95,462.95,10.2392,35.04091,3.85639,1029.0251
ru29-20180812T0220,17,2018-08-12T22:40:48Z,8.653987963936864,81.4885800390709,469.78,469.78,10.117,35.057796,3.84676,1029.0911
ru29-20180812T0220,17,2018-08-12T22:40:48Z,8.653987963936864,81.4885800390709,476.85,476.85,10.0337,35.051136,3.83852,1029.1327
ru29-20180812T0220,17,2018-08-12T22:40:48Z,8.653987963936864,81.4885800390709,483.93,483.93,9.9364,35.051796,3.82968,1029.1825
ru29-20180812T0220,17,2018-08-12T22:40:48Z,8.653987963936864,81.4885800390709,491.45,491.45,9.7751,35.047817,3.81436,1029.2421
ru29-20180812T0220,17,2018-08-12T22:40:48Z,8.653987963936864,81.4885800390709,498.24,498.24,9.6959,35.036694,3.80609,1029.278
ru29-20180812T0220,17,2018-08-12T22:40:48Z,8.653987963936864,81.4885800390709,505.56,505.56,9.7703,35.064453,3.81615,1029.3191
ru29-20180812T0220,17,2018-08-12T22:40:48Z,8.653987963936864,81.4885800390709,512.56,512.56,9.6942,35.062992,3.80912,1029.3629
ru29-20180812T0220,17,2018-08-12T22:40:48Z,8.653987963936864,81.4885800390709,519.19,519.19,9.6463,35.058002,3.8044,1029.3972
ru29-20180812T0220,17,2018-08-12T22:40:48Z,8.653987963936864,81.4885800390709,526.22,526.22,9.5344,35.048798,3.79325,1029.4414
ru29-20180812T0220,17,2018-08-12T22:40:48Z,8.653987963936864,81.4885800390709,533.01,533.01,9.5387,35.047207,3.7938,1029.4698
ru29-20180812T0220,17,2018-08-12T22:40:48Z,8.653987963936864,81.4885800390709,540.01,540.01,9.5391,35.04663,3.79409,1029.5007
ru29-20180812T0220,17,2018-08-12T22:40:48Z,8.653987963936864,81.4885800390709,546.75,546.75,9.5113,35.04412,3.79152,1029.5339
ru29-20180812T0220,17,2018-08-12T22:40:48Z,8.653987963936864,81.4885800390709,553.02,553.02,9.443,35.04067,3.78502,1029.5714
ru29-20180812T0220,17,2018-08-12T22:40:48Z,8.653987963936864,81.4885800390709,559.47,559.47,9.42,35.039165,3.78299,1029.6033
ru29-20180812T0220,17,2018-08-12T22:40:48Z,8.653987963936864,81.4885800390709,565.48,565.48,9.39,35.039818,3.78049,1029.636
ru29-20180812T0220,17,2018-08-12T22:40:48Z,8.653987963936864,81.4885800390709,571.84,571.84,9.3568,35.03608,3.77728,1029.6675
ru29-20180812T0220,17,2018-08-12T22:40:48Z,8.653987963936864,81.4885800390709,578.22,578.22,9.3159,35.034542,3.77356,1029.702
ru29-20180812T0220,17,2018-08-12T22:40:48Z,8.653987963936864,81.4885800390709,584.43,584.43,9.2358,35.030357,3.76589,1029.7407
ru29-20180812T0220,17,2018-08-12T22:40:48Z,8.653987963936864,81.4885800390709,590.74,590.74,9.1254,35.02895,3.75565,1029.7871
ru29-20180812T0220,17,2018-08-12T22:40:48Z,8.653987963936864,81.4885800390709,596.84,596.84,8.973,35.030804,3.74178,1029.8424
ru29-20180812T0220,17,2018-08-12T22:40:48Z,8.653987963936864,81.4885800390709,603.41,603.41,8.9474,35.023327,3.73895,1029.8705
ru29-20180812T0220,17,2018-08-12T22:40:48Z,8.653987963936864,81.4885800390709,610.26,610.26,8.9163,35.020584,3.73607,1029.9044
ru29-20180812T0220,17,2018-08-12T22:40:48Z,8.653987963936864,81.4885800390709,616.88,616.88,8.8713,35.016083,3.73171,1029.9384
ru29-20180812T0220,17,2018-08-12T22:40:48Z,8.653987963936864,81.4885800390709,623.82,623.82,8.7714,35.012184,3.72228,1029.9836
ru29-20180812T0220,17,2018-08-12T22:40:48Z,8.653987963936864,81.4885800390709,630.49,630.49,8.7182,35.00682,3.71708,1030.0186
ru29-20180812T0220,17,2018-08-12T22:40:48Z,8.653987963936864,81.4885800390709,637.36,637.36,8.6439,35.00632,3.71038,1030.0616
ru29-20180812T0220,17,2018-08-12T22:40:48Z,8.653987963936864,81.4885800390709,644.33,644.33,8.6116,35.005226,3.70756,1030.0975
ru29-20180812T0220,17,2018-08-12T22:40:48Z,8.653987963936864,81.4885800390709,650.89,650.89,8.5959,35.005135,3.70637,1030.1296
ru29-20180812T0220,17,2018-08-12T22:40:48Z,8.653987963936864,81.4885800390709,657.68,657.68,8.5663,35.00683,3.70406,1030.1665
ru29-20180812T0220,17,2018-08-12T22:40:48Z,8.653987963936864,81.4885800390709,664.5,664.5,8.5607,35.007412,3.70389,1030.1985
ru29-20180812T0220,17,2018-08-12T22:40:48Z,8.653987963936864,81.4885800390709,671.64,671.64,8.5456,35.007725,3.70282,1030.2334
ru29-20180812T0220,17,2018-08-12T22:40:48Z,8.653987963936864,81.4885800390709,678.63,678.63,8.472,35.006794,3.69616,1030.2765
ru29-20180812T0220,17,2018-08-12T22:40:48Z,8.653987963936864,81.4885800390709,685.1,685.1,8.4198,35.001,3.69102,1030.3098
ru29-20180812T0220,17,2018-08-12T22:40:48Z,8.653987963936864,81.4885800390709,692.03,692.03,8.3847,34.999344,3.68789,1030.3456
ru29-20180812T0220,17,2018-08-12T22:40:48Z,8.653987963936864,81.4885800390709,698.87,698.87,8.3037,34.993275,3.68006,1030.3853
ru29-20180812T0220,17,2018-08-12T22:40:48Z,8.653987963936864,81.4885800390709,705.62,705.62,8.2558,34.99127,3.6757,1030.422
ru29-20180812T0220,17,2018-08-12T22:40:48Z,8.653987963936864,81.4885800390709,712.35,712.35,8.2498,34.992287,3.67553,1030.4541
ru29-20180812T0220,17,2018-08-12T22:40:48Z,8.653987963936864,81.4885800390709,718.83,718.83,8.1948,34.989754,3.67045,1030.4905
ru29-20180812T0220,17,2018-08-12T22:40:48Z,8.653987963936864,81.4885800390709,725.56,725.56,8.1603,34.9889,3.66745,1030.5258
ru29-20180812T0220,17,2018-08-12T22:40:48Z,8.653987963936864,81.4885800390709,731.89,731.89,8.1284,34.98809,3.66468,1030.5588
ru29-20180812T0220,17,2018-08-12T22:40:48Z,8.653987963936864,81.4885800390709,738.52,738.52,8.0168,34.985363,3.65433,1030.6051
ru29-20180812T0220,17,2018-08-12T22:40:48Z,8.653987963936864,81.4885800390709,745.05,745.05,7.9965,34.980164,3.65224,1030.6338
ru29-20180812T0220,17,2018-08-12T22:40:48Z,8.653987963936864,81.4885800390709,751.26,751.26,7.9958,34.98075,3.6525,1030.6622
ru29-20180812T0220,17,2018-08-12T22:40:48Z,8.653987963936864,81.4885800390709,757.77,757.77,7.9965,34.980984,3.65287,1030.6915
ru29-20180812T0220,17,2018-08-12T22:40:48Z,8.653987963936864,81.4885800390709,764.16,764.16,8.0072,34.982773,3.65431,1030.7198
ru29-20180812T0220,17,2018-08-12T22:40:48Z,8.653987963936864,81.4885800390709,770.85,770.85,8.0045,34.985764,3.65463,1030.7527
ru29-20180812T0220,17,2018-08-12T22:40:48Z,8.653987963936864,81.4885800390709,777.58,777.58,7.9842,34.98571,3.65303,1030.7863
ru29-20180812T0220,17,2018-08-12T22:40:48Z,8.653987963936864,81.4885800390709,784.05,784.05,7.9602,34.982502,3.65078,1030.8169
ru29-20180812T0220,17,2018-08-12T22:40:48Z,8.653987963936864,81.4885800390709,790.65,790.65,7.9039,34.984474,3.64602,1030.8573
ru29-20180812T0220,17,2018-08-12T22:40:48Z,8.653987963936864,81.4885800390709,796.74,796.74,7.8906,34.982666,3.64488,1030.8855
ru29-20180812T0220,17,2018-08-12T22:40:48Z,8.653987963936864,81.4885800390709,803.12,803.12,7.8681,34.981945,3.643,1030.9174
ru29-20180812T0220,17,2018-08-12T22:40:48Z,8.653987963936864,81.4885800390709,809.32,809.32,7.8519,34.982,3.64177,1030.9479
ru29-20180812T0220,17,2018-08-12T22:40:48Z,8.653987963936864,81.4885800390709,815.1,815.1,7.7249,34.975693,3.62965,1030.9899
ru29-20180812T0220,17,2018-08-12T22:40:48Z,8.653987963936864,81.4885800390709,821.05,821.05,7.7201,34.973408,3.62925,1031.0156
ru29-20180812T0220,17,2018-08-12T22:40:48Z,8.653987963936864,81.4885800390709,827.0,827.0,7.7077,34.975685,3.62857,1031.0461
ru29-20180812T0220,17,2018-08-12T22:40:48Z,8.653987963936864,81.4885800390709,832.93,832.93,7.6405,34.97171,3.62223,1031.0808
ru29-20180812T0220,17,2018-08-12T22:40:48Z,8.653987963936864,81.4885800390709,838.75,838.75,7.5765,34.966053,3.61603,1031.1129
ru29-20180812T0220,17,2018-08-12T22:40:48Z,8.653987963936864,81.4885800390709,844.03,844.03,7.567,34.96509,3.61529,1031.1375
ru29-20180812T0220,17,2018-08-12T22:40:48Z,8.653987963936864,81.4885800390709,849.48,849.48,7.5379,34.96431,3.61276,1031.1661
ru29-20180812T0220,17,2018-08-12T22:40:48Z,8.653987963936864,81.4885800390709,854.82,854.82,7.5303,34.963688,3.61223,1031.1909
ru29-20180812T0220,17,2018-08-12T22:40:48Z,8.653987963936864,81.4885800390709,860.3,860.3,7.5151,34.963142,3.61101,1031.2175
ru29-20180812T0220,17,2018-08-12T22:40:48Z,8.653987963936864,81.4885800390709,866.08,866.08,7.5119,34.961483,3.61081,1031.2428
ru29-20180812T0220,17,2018-08-12T22:40:48Z,8.653987963936864,81.4885800390709,871.7,871.7,7.4909,34.962128,3.60917,1031.272
ru29-20180812T0220,17,2018-08-12T22:40:48Z,8.653987963936864,81.4885800390709,877.44,877.44,7.448,34.961037,3.60535,1031.3038
ru29-20180812T0220,17,2018-08-12T22:40:48Z,8.653987963936864,81.4885800390709,882.67,882.67,7.4302,34.95941,3.60378,1031.329
ru29-20180812T0220,17,2018-08-12T22:40:48Z,8.653987963936864,81.4885800390709,888.31,888.31,7.3916,34.95891,3.60041,1031.3602
ru29-20180812T0220,17,2018-08-12T22:40:48Z,8.653987963936864,81.4885800390709,893.96,893.96,7.3411,34.95806,3.59591,1031.3932
ru29-20180812T0220,17,2018-08-12T22:40:48Z,8.653987963936864,81.4885800390709,899.42,899.42,7.3268,34.95866,3.59488,1031.4204
ru29-20180812T0220,17,2018-08-12T22:40:48Z,8.653987963936864,81.4885800390709,905.24,905.24,7.317,34.95816,3.59418,1031.4479
ru29-20180812T0220,17,2018-08-12T22:40:48Z,8.653987963936864,81.4885800390709,909.98,909.98,7.2689,34.95812,3.58994,1031.4769
ru29-20180812T0220,18,2018-08-12T23:59:54Z,8.658113586925593,81.50267036741936,909.98,909.98,7.2689,34.95812,3.58994,1031.4769
ru29-20180812T0220,18,2018-08-12T23:59:54Z,8.658113586925593,81.50267036741936,909.52,909.52,7.27,34.957993,3.59001,1031.4745
ru29-20180812T0220,18,2018-08-12T23:59:54Z,8.658113586925593,81.50267036741936,904.39,904.39,7.314,34.956898,3.59375,1031.4435
ru29-20180812T0220,18,2018-08-12T23:59:54Z,8.658113586925593,81.50267036741936,893.76,893.76,7.3873,34.95569,3.59995,1031.3829
ru29-20180812T0220,18,2018-08-12T23:59:54Z,8.658113586925593,81.50267036741936,882.2,882.2,7.4143,34.95703,3.60207,1031.3276
ru29-20180812T0220,18,2018-08-12T23:59:54Z,8.658113586925593,81.50267036741936,870.91,870.91,7.4445,34.958828,3.60454,1031.2733
ru29-20180812T0220,18,2018-08-12T23:59:54Z,8.658113586925593,81.50267036741936,859.56,859.56,7.4781,34.95995,3.60726,1031.2178
ru29-20180812T0220,18,2018-08-12T23:59:54Z,8.658113586925593,81.50267036741936,848.13,848.13,7.4919,34.961117,3.60815,1031.165
ru29-20180812T0220,18,2018-08-12T23:59:54Z,8.658113586925593,81.50267036741936,837.11,837.11,7.5602,34.962276,3.6141,1031.1053
ru29-20180812T0220,18,2018-08-12T23:59:54Z,8.658113586925593,81.50267036741936,825.48,825.48,7.6582,34.967438,3.62315,1031.041
ru29-20180812T0220,18,2018-08-12T23:59:54Z,8.658113586925593,81.50267036741936,814.64,814.64,7.7196,34.97431,3.62901,1030.9877
ru29-20180812T0220,18,2018-08-12T23:59:54Z,8.658113586925593,81.50267036741936,803.14,803.14,7.7254,34.97303,3.62893,1030.934
ru29-20180812T0220,18,2018-08-12T23:59:54Z,8.658113586925593,81.50267036741936,791.76,791.76,7.7701,34.97688,3.63294,1030.8785
ru29-20180812T0220,18,2018-08-12T23:59:54Z,8.658113586925593,81.50267036741936,781.09,781.09,7.8691,34.981228,3.64207,1030.8176
ru29-20180812T0220,18,2018-08-12T23:59:54Z,8.658113586925593,81.50267036741936,769.86,769.86,7.8772,34.982468,3.64245,1030.7668
ru29-20180812T0220,18,2018-08-12T23:59:54Z,8.658113586925593,81.50267036741936,759.28,759.28,7.8882,34.983948,3.64315,1030.7186
ru29-20180812T0220,18,2018-08-12T23:59:54Z,8.658113586925593,81.50267036741936,748.55,748.55,7.925,34.982433,3.64596,1030.6631
ru29-20180812T0220,18,2018-08-12T23:59:54Z,8.658113586925593,81.50267036741936,737.96,737.96,7.9941,34.982,3.65188,1030.6038
ru29-20180812T0220,18,2018-08-12T23:59:54Z,8.658113586925593,81.50267036741936,728.11,728.11,8.0128,34.978477,3.65286,1030.5536
ru29-20180812T0220,18,2018-08-12T23:59:54Z,8.658113586925593,81.50267036741936,718.06,718.06,8.1199,34.980675,3.66259,1030.4923
ru29-20180812T0220,18,2018-08-12T23:59:54Z,8.658113586925593,81.50267036741936,708.49,708.49,8.1827,34.98388,3.66832,1030.4414
ru29-20180812T0220,18,2018-08-12T23:59:54Z,8.658113586925593,81.50267036741936,698.47,698.47,8.2056,34.985626,3.67018,1030.3939
ru29-20180812T0220,18,2018-08-12T23:59:54Z,8.658113586925593,81.50267036741936,687.93,687.93,8.3196,34.988132,3.68058,1030.3295
ru29-20180812T0220,18,2018-08-12T23:59:54Z,8.658113586925593,81.50267036741936,678.06,678.06,8.357,34.991554,3.68396,1030.2815
ru29-20180812T0220,18,2018-08-12T23:59:54Z,8.658113586925593,81.50267036741936,NaN,NaN,NaN,NaN,NaN,NaN
ru29-20180812T0220,18,2018-08-12T23:59:54Z,8.658113586925593,81.50267036741936,667.53,667.53,8.551,35.003662,3.70276,1030.2108
ru29-20180812T0220,18,2018-08-12T23:59:54Z,8.658113586925593,81.50267036741936,657.43,657.43,8.5457,34.997723,3.70126,1030.1617
ru29-20180812T0220,18,2018-08-12T23:59:54Z,8.658113586925593,81.50267036741936,646.65,646.65,8.6948,34.996555,3.71462,1030.087
ru29-20180812T0220,18,2018-08-12T23:59:54Z,8.658113586925593,81.50267036741936,636.0,636.0,8.765,35.00312,3.72135,1030.0323
ru29-20180812T0220,18,2018-08-12T23:59:54Z,8.658113586925593,81.50267036741936,625.64,625.64,8.8655,35.009594,3.73093,1029.9736
ru29-20180812T0220,18,2018-08-12T23:59:54Z,8.658113586925593,81.50267036741936,615.02,615.02,8.9207,35.015865,3.73624,1029.9214
ru29-20180812T0220,18,2018-08-12T23:59:54Z,8.658113586925593,81.50267036741936,604.97,604.97,8.993,35.019276,3.74291,1029.8665
ru29-20180812T0220,18,2018-08-12T23:59:54Z,8.658113586925593,81.50267036741936,594.34,594.34,9.0424,35.022594,3.7474,1029.8127
ru29-20180812T0220,18,2018-08-12T23:59:54Z,8.658113586925593,81.50267036741936,583.8,583.8,9.1285,35.02503,3.75526,1029.7524
ru29-20180812T0220,18,2018-08-12T23:59:54Z,8.658113586925593,81.50267036741936,573.32,573.32,9.2205,35.027935,3.76373,1029.6917
ru29-20180812T0220,18,2018-08-12T23:59:54Z,8.658113586925593,81.50267036741936,562.67,562.67,9.3353,35.030666,3.77433,1029.6259
ru29-20180812T0220,18,2018-08-12T23:59:54Z,8.658113586925593,81.50267036741936,552.65,552.65,9.4059,35.03863,3.78131,1029.5747
ru29-20180812T0220,18,2018-08-12T23:59:54Z,8.658113586925593,81.50267036741936,542.08,542.08,9.453,35.04189,3.7856,1029.5216
ru29-20180812T0220,18,2018-08-12T23:59:54Z,8.658113586925593,81.50267036741936,531.72,531.72,9.5011,35.04539,3.79002,1029.4694
ru29-20180812T0220,18,2018-08-12T23:59:54Z,8.658113586925593,81.50267036741936,522.08,522.08,9.5677,35.049824,3.79631,1029.4178
ru29-20180812T0220,18,2018-08-12T23:59:54Z,8.658113586925593,81.50267036741936,511.99,511.99,9.6412,35.055935,3.8034,1029.3643
ru29-20180812T0220,18,2018-08-12T23:59:54Z,8.658113586925593,81.50267036741936,502.13,502.13,9.7598,35.06378,3.81494,1029.305
ru29-20180812T0220,18,2018-08-12T23:59:54Z,8.658113586925593,81.50267036741936,491.79,491.79,9.8301,35.069973,3.82174,1029.251
ru29-20180812T0220,18,2018-08-12T23:59:54Z,8.658113586925593,81.50267036741936,481.66,481.66,9.8753,35.0456,3.82319,1029.1785
ru29-20180812T0220,18,2018-08-12T23:59:54Z,8.658113586925593,81.50267036741936,472.1,472.1,10.0523,35.045803,3.83955,1029.1039
ru29-20180812T0220,18,2018-08-12T23:59:54Z,8.658113586925593,81.50267036741936,462.25,462.25,10.2384,35.037125,3.85591,1029.0192
ru29-20180812T0220,18,2018-08-12T23:59:54Z,8.658113586925593,81.50267036741936,452.73,452.73,10.2686,35.03574,3.85822,1028.97
ru29-20180812T0220,18,2018-08-12T23:59:54Z,8.658113586925593,81.50267036741936,442.97,442.97,10.3291,35.03085,3.86305,1028.9114
ru29-20180812T0220,18,2018-08-12T23:59:54Z,8.658113586925593,81.50267036741936,433.04,433.04,10.3613,35.030956,3.86568,1028.8612
ru29-20180812T0220,18,2018-08-12T23:59:54Z,8.658113586925593,81.50267036741936,423.39,423.39,10.5364,35.02777,3.88158,1028.7833
ru29-20180812T0220,18,2018-08-12T23:59:54Z,8.658113586925593,81.50267036741936,413.25,413.25,10.5581,35.03053,3.88347,1028.736
ru29-20180812T0220,18,2018-08-12T23:59:54Z,8.658113586925593,81.50267036741936,403.83,403.83,10.6686,35.026306,3.89315,1028.6702
ru29-20180812T0220,18,2018-08-12T23:59:54Z,8.658113586925593,81.50267036741936,394.18,394.18,10.7297,35.02789,3.8987,1028.6168
ru29-20180812T0220,18,2018-08-12T23:59:54Z,8.658113586925593,81.50267036741936,384.08,384.08,10.8369,35.027695,3.90845,1028.5515
ru29-20180812T0220,18,2018-08-12T23:59:54Z,8.658113586925593,81.50267036741936,372.49,372.49,10.9,35.027847,3.91397,1028.4879
ru29-20180812T0220,18,2018-08-12T23:59:54Z,8.658113586925593,81.50267036741936,360.28,360.28,10.922,35.02906,3.91565,1028.4302
ru29-20180812T0220,18,2018-08-12T23:59:54Z,8.658113586925593,81.50267036741936,348.51,348.51,11.0094,35.02766,3.92333,1028.36
ru29-20180812T0220,18,2018-08-12T23:59:54Z,8.658113586925593,81.50267036741936,336.54,336.54,11.1196,35.026707,3.93323,1028.2849
ru29-20180812T0220,18,2018-08-12T23:59:54Z,8.658113586925593,81.50267036741936,324.28,324.28,11.2872,35.02361,3.9484,1028.1959
ru29-20180812T0220,18,2018-08-12T23:59:54Z,8.658113586925593,81.50267036741936,312.49,312.49,11.3591,35.027084,3.95511,1028.1322
ru29-20180812T0220,18,2018-08-12T23:59:54Z,8.658113586925593,81.50267036741936,300.05,300.05,11.4487,35.026394,3.96307,1028.059
ru29-20180812T0220,18,2018-08-12T23:59:54Z,8.658113586925593,81.50267036741936,288.01,288.01,11.5439,35.026295,3.97165,1027.9868
ru29-20180812T0220,18,2018-08-12T23:59:54Z,8.658113586925593,81.50267036741936,275.34,275.34,11.6558,35.02726,3.98192,1027.9094
ru29-20180812T0220,18,2018-08-12T23:59:54Z,8.658113586925593,81.50267036741936,262.82,262.82,11.7346,35.028942,3.9891,1027.8396
ru29-20180812T0220,18,2018-08-12T23:59:54Z,8.658113586925593,81.50267036741936,250.42,250.42,11.7882,35.025047,3.9933,1027.7708
ru29-20180812T0220,18,2018-08-12T23:59:54Z,8.658113586925593,81.50267036741936,237.5,237.5,12.2505,35.01082,4.03575,1027.6115
ru29-20180812T0220,18,2018-08-12T23:59:54Z,8.658113586925593,81.50267036741936,224.95,224.95,12.3609,35.016262,4.0464,1027.5378
ru29-20180812T0220,18,2018-08-12T23:59:54Z,8.658113586925593,81.50267036741936,212.06,212.06,12.8043,35.0005,4.08703,1027.3792
ru29-20180812T0220,18,2018-08-12T23:59:54Z,8.658113586925593,81.50267036741936,199.33,199.33,12.9538,34.999557,4.10084,1027.2913
ru29-20180812T0220,18,2018-08-12T23:59:54Z,8.658113586925593,81.50267036741936,187.44,187.44,13.3033,34.9912,4.13333,1027.16
ru29-20180812T0220,18,2018-08-12T23:59:54Z,8.658113586925593,81.50267036741936,175.48,175.48,13.6737,34.97894,4.16751,1027.0201
ru29-20180812T0220,18,2018-08-12T23:59:54Z,8.658113586925593,81.50267036741936,163.44,163.44,13.8152,34.980278,4.1809,1026.9379
ru29-20180812T0220,18,2018-08-12T23:59:54Z,8.658113586925593,81.50267036741936,151.65,151.65,14.9514,34.923523,4.28533,1026.5958
ru29-20180812T0220,18,2018-08-12T23:59:54Z,8.658113586925593,81.50267036741936,140.27,140.27,16.3489,34.883644,4.41809,1026.1967
ru29-20180812T0220,18,2018-08-12T23:59:54Z,8.658113586925593,81.50267036741936,130.62,130.62,17.0305,34.874317,4.4842,1025.9856
ru29-20180812T0220,18,2018-08-12T23:59:54Z,8.658113586925593,81.50267036741936,119.76,119.76,17.5388,34.870373,4.53387,1025.8119
ru29-20180812T0220,18,2018-08-12T23:59:54Z,8.658113586925593,81.50267036741936,109.53,109.53,18.3642,34.848835,4.6134,1025.5463
ru29-20180812T0220,18,2018-08-12T23:59:54Z,8.658113586925593,81.50267036741936,98.73,98.73,19.3144,34.830063,4.70615,1025.2426
ru29-20180812T0220,18,2018-08-12T23:59:54Z,8.658113586925593,81.50267036741936,89.18,89.18,20.2575,34.83835,4.80203,1024.9594
ru29-20180812T0220,18,2018-08-12T23:59:54Z,8.658113586925593,81.50267036741936,81.09,81.09,21.1335,34.809807,4.88711,1024.6656
ru29-20180812T0220,18,2018-08-12T23:59:54Z,8.658113586925593,81.50267036741936,71.97,71.97,21.459,34.775097,4.91551,1024.5101
ru29-20180812T0220,18,2018-08-12T23:59:54Z,8.658113586925593,81.50267036741936,64.08,64.08,22.0072,34.739006,4.96652,1024.2958
ru29-20180812T0220,18,2018-08-12T23:59:54Z,8.658113586925593,81.50267036741936,54.9,54.9,23.1681,34.704025,5.0805,1023.8984
ru29-20180812T0220,18,2018-08-12T23:59:54Z,8.658113586925593,81.50267036741936,49.29,49.29,23.9681,34.67142,5.15827,1023.6151
ru29-20180812T0220,19,2018-08-13T04:11:18Z,8.652782012202636,81.54617179738462,1.29,1.29,28.8535,33.90691,5.55475,1021.29785
ru29-20180812T0220,19,2018-08-13T04:11:18Z,8.652782012202636,81.54617179738462,6.32,6.32,28.8585,33.90585,5.55532,1021.3169
ru29-20180812T0220,19,2018-08-13T04:11:18Z,8.652782012202636,81.54617179738462,18.52,18.52,28.8739,33.912533,5.55839,1021.3691
ru29-20180812T0220,19,2018-08-13T04:11:18Z,8.652782012202636,81.54617179738462,32.25,32.25,28.8488,33.928562,5.55869,1021.44824
ru29-20180812T0220,19,2018-08-13T04:11:18Z,8.652782012202636,81.54617179738462,45.63,45.63,24.5213,34.677483,5.21601,1023.43896
ru29-20180812T0220,19,2018-08-13T04:11:18Z,8.652782012202636,81.54617179738462,55.71,55.71,23.6841,34.73204,5.13728,1023.7725
ru29-20180812T0220,19,2018-08-13T04:11:18Z,8.652782012202636,81.54617179738462,66.11,66.11,21.9297,34.82262,4.96932,1024.3899
ru29-20180812T0220,19,2018-08-13T04:11:18Z,8.652782012202636,81.54617179738462,76.03,76.03,21.3985,34.807533,4.9136,1024.5691
ru29-20180812T0220,19,2018-08-13T04:11:18Z,8.652782012202636,81.54617179738462,85.19,85.19,20.9455,34.8077,4.8679,1024.7333
ru29-20180812T0220,19,2018-08-13T04:11:18Z,8.652782012202636,81.54617179738462,93.6,93.6,20.4809,34.850143,4.82633,1024.9277
ru29-20180812T0220,19,2018-08-13T04:11:18Z,8.652782012202636,81.54617179738462,103.01,103.01,19.5729,34.861305,4.73618,1025.2178
ru29-20180812T0220,19,2018-08-13T04:11:18Z,8.652782012202636,81.54617179738462,112.12,112.12,18.7619,34.87322,4.65631,1025.4758
ru29-20180812T0220,19,2018-08-13T04:11:18Z,8.652782012202636,81.54617179738462,120.28,120.28,18.1275,34.890263,4.59504,1025.6843
ru29-20180812T0220,19,2018-08-13T04:11:18Z,8.652782012202636,81.54617179738462,128.24,128.24,17.0326,34.924732,4.49009,1026.0133
ru29-20180812T0220,19,2018-08-13T04:11:18Z,8.652782012202636,81.54617179738462,136.57,136.57,16.5911,34.914745,4.44545,1026.1473
ru29-20180812T0220,19,2018-08-13T04:11:18Z,8.652782012202636,81.54617179738462,144.31,144.31,16.0651,34.922882,4.39462,1026.3107
ru29-20180812T0220,19,2018-08-13T04:11:18Z,8.652782012202636,81.54617179738462,151.02,151.02,15.6806,34.93713,4.35854,1026.4396
ru29-20180812T0220,19,2018-08-13T04:11:18Z,8.652782012202636,81.54617179738462,157.94,157.94,14.446,34.989346,4.24325,1026.7853
ru29-20180812T0220,19,2018-08-13T04:11:18Z,8.652782012202636,81.54617179738462,164.61,164.61,14.0957,34.986195,4.20895,1026.888
ru29-20180812T0220,19,2018-08-13T04:11:18Z,8.652782012202636,81.54617179738462,171.35,171.35,13.7077,34.998383,4.17271,1027.0096
ru29-20180812T0220,19,2018-08-13T04:11:18Z,8.652782012202636,81.54617179738462,178.23,178.23,13.6752,34.9936,4.16934,1027.0433
ru29-20180812T0220,19,2018-08-13T04:11:18Z,8.652782012202636,81.54617179738462,185.18,185.18,13.5145,34.997944,4.15447,1027.1113
ru29-20180812T0220,19,2018-08-13T04:11:18Z,8.652782012202636,81.54617179738462,192.85,192.85,13.2441,34.997524,4.12849,1027.2013
ru29-20180812T0220,19,2018-08-13T04:11:18Z,8.652782012202636,81.54617179738462,200.38,200.38,12.9428,35.012333,4.10116,1027.3081
ru29-20180812T0220,19,2018-08-13T04:11:18Z,8.652782012202636,81.54617179738462,208.04,208.04,12.7855,35.014362,4.08648,1027.3757
ru29-20180812T0220,19,2018-08-13T04:11:18Z,8.652782012202636,81.54617179738462,215.47,215.47,12.6881,35.016026,4.07756,1027.4298
ru29-20180812T0220,19,2018-08-13T04:11:18Z,8.652782012202636,81.54617179738462,222.55,222.55,12.4692,35.0245,4.0576,1027.512
ru29-20180812T0220,19,2018-08-13T04:11:18Z,8.652782012202636,81.54617179738462,229.5,229.5,12.3404,35.030727,4.04612,1027.5734
ru29-20180812T0220,19,2018-08-13T04:11:18Z,8.652782012202636,81.54617179738462,235.72,235.72,12.2201,35.03312,4.03504,1027.6268
ru29-20180812T0220,19,2018-08-13T04:11:18Z,8.652782012202636,81.54617179738462,242.33,242.33,12.1016,35.028988,4.02349,1027.6765
ru29-20180812T0220,19,2018-08-13T04:11:18Z,8.652782012202636,81.54617179738462,248.8,248.8,11.9738,35.02572,4.01114,1027.7279
ru29-20180812T0220,19,2018-08-13T04:11:18Z,8.652782012202636,81.54617179738462,256.13,256.13,11.7896,35.03447,3.99465,1027.8033
ru29-20180812T0220,19,2018-08-13T04:11:18Z,8.652782012202636,81.54617179738462,263.71,263.71,11.7567,35.03147,3.99152,1027.8412
ru29-20180812T0220,19,2018-08-13T04:11:18Z,8.652782012202636,81.54617179738462,270.68,270.68,11.6957,35.029785,3.9858,1027.8828
ru29-20180812T0220,19,2018-08-13T04:11:18Z,8.652782012202636,81.54617179738462,278.06,278.06,11.6311,35.031876,3.98014,1027.9299
ru29-20180812T0220,19,2018-08-13T04:11:18Z,8.652782012202636,81.54617179738462,285.11,285.11,11.5998,35.030502,3.97731,1027.9664
ru29-20180812T0220,19,2018-08-13T04:11:18Z,8.652782012202636,81.54617179738462,291.68,291.68,11.5294,35.03021,3.97082,1028.009
ru29-20180812T0220,19,2018-08-13T04:11:18Z,8.652782012202636,81.54617179738462,298.36,298.36,11.4409,35.03175,3.96279,1028.0571
ru29-20180812T0220,19,2018-08-13T04:11:18Z,8.652782012202636,81.54617179738462,304.96,304.96,11.3997,35.03179,3.95914,1028.0945
ru29-20180812T0220,19,2018-08-13T04:11:18Z,8.652782012202636,81.54617179738462,311.95,311.95,11.3442,35.03154,3.95411,1028.1361
ru29-20180812T0220,19,2018-08-13T04:11:18Z,8.652782012202636,81.54617179738462,319.32,319.32,11.1961,35.033768,3.94049,1028.199
ru29-20180812T0220,19,2018-08-13T04:11:18Z,8.652782012202636,81.54617179738462,326.34,326.34,11.1845,35.032455,3.93956,1028.2316
ru29-20180812T0220,19,2018-08-13T04:11:18Z,8.652782012202636,81.54617179738462,333.85,333.85,11.1389,35.031925,3.93548,1028.2733
ru29-20180812T0220,19,2018-08-13T04:11:18Z,8.652782012202636,81.54617179738462,341.07,341.07,11.0714,35.032127,3.92937,1028.3185
ru29-20180812T0220,19,2018-08-13T04:11:18Z,8.652782012202636,81.54617179738462,349.0,349.0,11.0136,35.032417,3.92423,1028.3651
ru29-20180812T0220,19,2018-08-13T04:11:18Z,8.652782012202636,81.54617179738462,357.41,357.41,10.9518,35.031593,3.91862,1028.4137
ru29-20180812T0220,19,2018-08-13T04:11:18Z,8.652782012202636,81.54617179738462,365.62,365.62,10.9066,35.03159,3.91467,1028.4589
ru29-20180812T0220,19,2018-08-13T04:11:18Z,8.652782012202636,81.54617179738462,374.17,374.17,10.8815,35.03125,3.91262,1028.5016
ru29-20180812T0220,19,2018-08-13T04:11:18Z,8.652782012202636,81.54617179738462,382.6,382.6,10.8539,35.032642,3.9105,1028.5455
ru29-20180812T0220,19,2018-08-13T04:11:18Z,8.652782012202636,81.54617179738462,391.36,391.36,10.8233,35.032745,3.90798,1028.5905
ru29-20180812T0220,19,2018-08-13T04:11:18Z,8.652782012202636,81.54617179738462,400.39,400.39,10.702,35.03375,3.89692,1028.6543
ru29-20180812T0220,19,2018-08-13T04:11:18Z,8.652782012202636,81.54617179738462,409.02,409.02,10.6693,35.03127,3.89394,1028.697
ru29-20180812T0220,19,2018-08-13T04:11:18Z,8.652782012202636,81.54617179738462,417.8,417.8,10.6021,35.03156,3.88796,1028.749
ru29-20180812T0220,19,2018-08-13T04:11:18Z,8.652782012202636,81.54617179738462,425.88,425.88,10.553,35.03332,3.88382,1028.7957
ru29-20180812T0220,19,2018-08-13T04:11:18Z,8.652782012202636,81.54617179738462,434.18,434.18,10.5488,35.031338,3.88359,1028.832
ru29-20180812T0220,19,2018-08-13T04:11:18Z,8.652782012202636,81.54617179738462,442.27,442.27,10.5012,35.03295,3.87958,1028.8783
ru29-20180812T0220,19,2018-08-13T04:11:18Z,8.652782012202636,81.54617179738462,449.94,449.94,10.3799,35.034573,3.86855,1028.9362
ru29-20180812T0220,19,2018-08-13T04:11:18Z,8.652782012202636,81.54617179738462,458.06,458.06,10.3061,35.039135,3.86235,1028.9896
ru29-20180812T0220,19,2018-08-13T04:11:18Z,8.652782012202636,81.54617179738462,465.92,465.92,10.2695,35.05128,3.86042,1029.041
ru29-20180812T0220,19,2018-08-13T04:11:18Z,8.652782012202636,81.54617179738462,473.39,473.39,10.156,35.053543,3.8502,1029.0969
ru29-20180812T0220,19,2018-08-13T04:11:18Z,8.652782012202636,81.54617179738462,481.06,481.06,10.0607,35.05608,3.84175,1029.1505
ru29-20180812T0220,19,2018-08-13T04:11:18Z,8.652782012202636,81.54617179738462,487.94,487.94,10.0106,35.069492,3.83862,1029.2008
ru29-20180812T0220,19,2018-08-13T04:11:18Z,8.652782012202636,81.54617179738462,495.16,495.16,10.0119,35.089058,3.84098,1029.2482
ru29-20180812T0220,19,2018-08-13T04:11:18Z,8.652782012202636,81.54617179738462,502.4,502.4,9.9822,35.09056,3.83863,1029.2871
ru29-20180812T0220,19,2018-08-13T04:11:18Z,8.652782012202636,81.54617179738462,509.16,509.16,9.846,35.072224,3.82423,1029.3276
ru29-20180812T0220,19,2018-08-13T04:11:18Z,8.652782012202636,81.54617179738462,516.18,516.18,9.794,35.0662,3.81903,1029.3638
ru29-20180812T0220,19,2018-08-13T04:11:18Z,8.652782012202636,81.54617179738462,522.9,522.9,9.7954,35.068783,3.81971,1029.3956
ru29-20180812T0220,19,2018-08-13T04:11:18Z,8.652782012202636,81.54617179738462,529.85,529.85,9.7714,35.067806,3.81765,1029.4303
ru29-20180812T0220,19,2018-08-13T04:11:18Z,8.652782012202636,81.54617179738462,537.13,537.13,9.723,35.063465,3.81297,1029.4683
ru29-20180812T0220,19,2018-08-13T04:11:18Z,8.652782012202636,81.54617179738462,543.94,543.94,9.6825,35.069927,3.81007,1029.511
ru29-20180812T0220,19,2018-08-13T04:11:18Z,8.652782012202636,81.54617179738462,551.45,551.45,9.5785,35.062992,3.7999,1029.5577
ru29-20180812T0220,19,2018-08-13T04:11:18Z,8.652782012202636,81.54617179738462,558.62,558.62,9.5681,35.05977,3.79892,1029.5892
ru29-20180812T0220,19,2018-08-13T04:11:18Z,8.652782012202636,81.54617179738462,566.11,566.11,9.5615,35.05899,3.79855,1029.6234
ru29-20180812T0220,19,2018-08-13T04:11:18Z,8.652782012202636,81.54617179738462,573.64,573.64,9.4973,35.053303,3.79227,1029.6641
ru29-20180812T0220,19,2018-08-13T04:11:18Z,8.652782012202636,81.54617179738462,580.67,580.67,9.3767,35.042885,3.7802,1029.7089
ru29-20180812T0220,19,2018-08-13T04:11:18Z,8.652782012202636,81.54617179738462,588.0,588.0,9.2883,35.032463,3.77119,1029.7491
ru29-20180812T0220,19,2018-08-13T04:11:18Z,8.652782012202636,81.54617179738462,594.91,594.91,9.2469,35.031563,3.76751,1029.7866
ru29-20180812T0220,19,2018-08-13T04:11:18Z,8.652782012202636,81.54617179738462,601.97,601.97,9.0961,35.030003,3.75349,1029.8434
ru29-20180812T0220,19,2018-08-13T04:11:18Z,8.652782012202636,81.54617179738462,608.8,608.8,8.9776,35.026875,3.74236,1029.8922
ru29-20180812T0220,19,2018-08-13T04:11:18Z,8.652782012202636,81.54617179738462,615.64,615.64,8.9084,35.018024,3.73532,1029.928
ru29-20180812T0220,19,2018-08-13T04:11:18Z,8.652782012202636,81.54617179738462,622.56,622.56,8.9028,35.012608,3.73458,1029.9557
ru29-20180812T0220,19,2018-08-13T04:11:18Z,8.652782012202636,81.54617179738462,629.15,629.15,8.885,35.0123,3.73317,1029.9882
ru29-20180812T0220,19,2018-08-13T04:11:18Z,8.652782012202636,81.54617179738462,635.87,635.87,8.817,35.008835,3.72676,1030.0273
ru29-20180812T0220,19,2018-08-13T04:11:18Z,8.652782012202636,81.54617179738462,642.56,642.56,8.745,35.00255,3.71971,1030.0648
ru29-20180812T0220,19,2018-08-13T04:11:18Z,8.652782012202636,81.54617179738462,649.11,649.11,8.6858,34.99818,3.71404,1030.101
ru29-20180812T0220,19,2018-08-13T04:11:18Z,8.652782012202636,81.54617179738462,655.85,655.85,8.6426,34.99625,3.71011,1030.1371
ru29-20180812T0220,19,2018-08-13T04:11:18Z,8.652782012202636,81.54617179738462,662.48,662.48,8.575,34.995094,3.70397,1030.1774
ru29-20180812T0220,19,2018-08-13T04:11:18Z,8.652782012202636,81.54617179738462,669.55,669.55,8.5179,34.993267,3.69877,1030.2174
ru29-20180812T0220,19,2018-08-13T04:11:18Z,8.652782012202636,81.54617179738462,676.64,676.64,8.5072,34.991684,3.69793,1030.2499
ru29-20180812T0220,19,2018-08-13T04:11:18Z,8.652782012202636,81.54617179738462,683.52,683.52,8.416,34.991943,3.68974,1030.2964
ru29-20180812T0220,19,2018-08-13T04:11:18Z,8.652782012202636,81.54617179738462,690.81,690.81,8.3634,34.990986,3.68506,1030.3373
ru29-20180812T0220,19,2018-08-13T04:11:18Z,8.652782012202636,81.54617179738462,698.05,698.05,8.253,34.99075,3.67506,1030.3881
ru29-20180812T0220,19,2018-08-13T04:11:18Z,8.652782012202636,81.54617179738462,705.71,705.71,8.2121,34.990395,3.67155,1030.4291
ru29-20180812T0220,19,2018-08-13T04:11:18Z,8.652782012202636,81.54617179738462,713.42,713.42,8.1938,34.992294,3.67036,1030.4683
ru29-20180812T0220,19,2018-08-13T04:11:18Z,8.652782012202636,81.54617179738462,720.96,720.96,8.1485,34.988678,3.66613,1030.5068
ru29-20180812T0220,19,2018-08-13T04:11:18Z,8.652782012202636,81.54617179738462,728.84,728.84,8.1298,34.98908,3.66477,1030.5458
ru29-20180812T0220,19,2018-08-13T04:11:18Z,8.652782012202636,81.54617179738462,736.61,736.61,8.1124,34.98749,3.66334,1030.5823
ru29-20180812T0220,19,2018-08-13T04:11:18Z,8.652782012202636,81.54617179738462,744.75,744.75,8.0876,34.98913,3.66154,1030.6243
ru29-20180812T0220,19,2018-08-13T04:11:18Z,8.652782012202636,81.54617179738462,752.69,752.69,8.0777,34.98791,3.66085,1030.6606
ru29-20180812T0220,19,2018-08-13T04:11:18Z,8.652782012202636,81.54617179738462,760.37,760.37,8.0554,34.987705,3.65909,1030.6987
ru29-20180812T0220,19,2018-08-13T04:11:18Z,8.652782012202636,81.54617179738462,768.08,768.08,8.0511,34.98669,3.65893,1030.7333
ru29-20180812T0220,19,2018-08-13T04:11:18Z,8.652782012202636,81.54617179738462,775.44,775.44,8.0476,34.98622,3.65888,1030.7665
ru29-20180812T0220,19,2018-08-13T04:11:18Z,8.652782012202636,81.54617179738462,782.78,782.78,8.0206,34.986137,3.65668,1030.804
ru29-20180812T0220,19,2018-08-13T04:11:18Z,8.652782012202636,81.54617179738462,789.92,789.92,7.9937,34.986046,3.65448,1030.8403
ru29-20180812T0220,19,2018-08-13T04:11:18Z,8.652782012202636,81.54617179738462,796.84,796.84,7.9322,34.984715,3.64894,1030.8806
ru29-20180812T0220,19,2018-08-13T04:11:18Z,8.652782012202636,81.54617179738462,803.77,803.77,7.8766,34.98176,3.6438,1030.9187
ru29-20180812T0220,19,2018-08-13T04:11:18Z,8.652782012202636,81.54617179738462,810.46,810.46,7.8117,34.97848,3.63776,1030.9569
ru29-20180812T0220,19,2018-08-13T04:11:18Z,8.652782012202636,81.54617179738462,817.13,817.13,7.7721,34.979824,3.6345,1030.9945
ru29-20180812T0220,19,2018-08-13T04:11:18Z,8.652782012202636,81.54617179738462,823.74,823.74,7.6914,34.97205,3.62658,1031.0314
ru29-20180812T0220,19,2018-08-13T04:11:18Z,8.652782012202636,81.54617179738462,830.11,830.11,7.6929,34.97286,3.62707,1031.0604
ru29-20180812T0220,19,2018-08-13T04:11:18Z,8.652782012202636,81.54617179738462,836.33,836.33,7.6143,34.973217,3.62009,1031.1014
ru29-20180812T0220,19,2018-08-13T04:11:18Z,8.652782012202636,81.54617179738462,842.33,842.33,7.4927,34.966267,3.60845,1031.1428
ru29-20180812T0220,19,2018-08-13T04:11:18Z,8.652782012202636,81.54617179738462,848.92,848.92,7.4171,34.958973,3.60107,1031.1791
ru29-20180812T0220,19,2018-08-13T04:11:18Z,8.652782012202636,81.54617179738462,855.23,855.23,7.404,34.9557,3.59983,1031.207
ru29-20180812T0220,19,2018-08-13T04:11:18Z,8.652782012202636,81.54617179738462,861.02,861.02,7.3763,34.95569,3.59752,1031.2375
ru29-20180812T0220,19,2018-08-13T04:11:18Z,8.652782012202636,81.54617179738462,867.24,867.24,7.3605,34.953964,3.59617,1031.2667
ru29-20180812T0220,19,2018-08-13T04:11:18Z,8.652782012202636,81.54617179738462,873.23,873.23,7.3091,34.951443,3.59145,1031.2999
ru29-20180812T0220,19,2018-08-13T04:11:18Z,8.652782012202636,81.54617179738462,879.49,879.49,7.2991,34.953644,3.591,1031.3314
ru29-20180812T0220,19,2018-08-13T04:11:18Z,8.652782012202636,81.54617179738462,885.92,885.92,7.3046,34.954994,3.59191,1031.3605
ru29-20180812T0220,19,2018-08-13T04:11:18Z,8.652782012202636,81.54617179738462,892.17,892.17,7.2915,34.954884,3.59096,1031.3906
ru29-20180812T0220,19,2018-08-13T04:11:18Z,8.652782012202636,81.54617179738462,898.89,898.89,7.2778,34.95428,3.58993,1031.4226
ru29-20180812T0220,19,2018-08-13T04:11:18Z,8.652782012202636,81.54617179738462,905.48,905.48,7.2554,34.95421,3.58814,1031.4558
ru29-20180812T0220,19,2018-08-13T04:11:18Z,8.652782012202636,81.54617179738462,911.28,911.28,7.1841,34.952,3.58161,1031.4916
ru29-20180812T0220,19,2018-08-13T04:11:18Z,8.652782012202636,81.54617179738462,911.83,911.83,7.1826,34.950962,3.5814,1031.4935
ru29-20180812T0220,20,2018-08-13T05:28:32Z,8.636374984822385,81.5583904467113,911.83,911.83,7.1826,34.950962,3.5814,1031.4935
ru29-20180812T0220,20,2018-08-13T05:28:32Z,8.636374984822385,81.5583904467113,908.09,908.09,7.2473,34.951653,3.58727,1031.4668
ru29-20180812T0220,20,2018-08-13T05:28:32Z,8.636374984822385,81.5583904467113,898.33,898.33,7.2791,34.953026,3.58991,1031.4188
ru29-20180812T0220,20,2018-08-13T05:28:32Z,8.636374984822385,81.5583904467113,888.04,888.04,7.2994,34.954002,3.59143,1031.3701
ru29-20180812T0220,20,2018-08-13T05:28:32Z,8.636374984822385,81.5583904467113,877.07,877.07,7.3013,34.949318,3.5907,1031.3168
ru29-20180812T0220,20,2018-08-13T05:28:32Z,8.636374984822385,81.5583904467113,866.09,866.09,7.3711,34.953426,3.59705,1031.2594
ru29-20180812T0220,20,2018-08-13T05:28:32Z,8.636374984822385,81.5583904467113,855.72,855.72,7.4068,34.953644,3.59992,1031.2072
ru29-20180812T0220,20,2018-08-13T05:28:32Z,8.636374984822385,81.5583904467113,844.68,844.68,7.4337,34.95961,3.60248,1031.1578
ru29-20180812T0220,20,2018-08-13T05:28:32Z,8.636374984822385,81.5583904467113,834.45,834.45,7.6068,34.96649,3.61869,1031.089
ru29-20180812T0220,20,2018-08-13T05:28:32Z,8.636374984822385,81.5583904467113,823.53,823.53,7.7034,34.97062,3.62755,1031.0273
ru29-20180812T0220,20,2018-08-13T05:28:32Z,8.636374984822385,81.5583904467113,812.46,812.46,7.6823,34.969494,3.62501,1030.9802
ru29-20180812T0220,20,2018-08-13T05:28:32Z,8.636374984822385,81.5583904467113,801.92,801.92,7.7546,34.976418,3.6319,1030.9264
ru29-20180812T0220,20,2018-08-13T05:28:32Z,8.636374984822385,81.5583904467113,790.57,790.57,7.7932,34.97633,3.63498,1030.8689
ru29-20180812T0220,20,2018-08-13T05:28:32Z,8.636374984822385,81.5583904467113,779.69,779.69,7.863,34.97809,3.64115,1030.8099
ru29-20180812T0220,20,2018-08-13T05:28:32Z,8.636374984822385,81.5583904467113,768.6,768.6,7.9764,34.982666,3.65163,1030.7449
ru29-20180812T0220,20,2018-08-13T05:28:32Z,8.636374984822385,81.5583904467113,757.59,757.59,8.0081,34.984287,3.65425,1030.6914
ru29-20180812T0220,20,2018-08-13T05:28:32Z,8.636374984822385,81.5583904467113,747.32,747.32,8.0419,34.984325,3.65695,1030.6396
ru29-20180812T0220,20,2018-08-13T05:28:32Z,8.636374984822385,81.5583904467113,737.06,737.06,8.1017,34.986706,3.66229,1030.5854
ru29-20180812T0220,20,2018-08-13T05:28:32Z,8.636374984822385,81.5583904467113,727.55,727.55,8.1744,34.987415,3.66871,1030.5311
ru29-20180812T0220,20,2018-08-13T05:28:32Z,8.636374984822385,81.5583904467113,717.46,717.46,8.26,34.99055,3.67654,1030.474
ru29-20180812T0220,20,2018-08-13T05:28:32Z,8.636374984822385,81.5583904467113,707.48,707.48,8.4893,34.98542,3.69701,1030.3865
ru29-20180812T0220,20,2018-08-13T05:28:32Z,8.636374984822385,81.5583904467113,697.55,697.55,8.5423,34.989353,3.7019,1030.3359
ru29-20180812T0220,20,2018-08-13T05:28:32Z,8.636374984822385,81.5583904467113,687.13,687.13,8.6861,34.993576,3.71529,1030.268
ru29-20180812T0220,20,2018-08-13T05:28:32Z,8.636374984822385,81.5583904467113,677.16,677.16,8.7975,35.001316,3.72602,1030.2101
ru29-20180812T0220,20,2018-08-13T05:28:32Z,8.636374984822385,81.5583904467113,666.37,666.37,8.8849,35.007618,3.73434,1030.1515
ru29-20180812T0220,20,2018-08-13T05:28:32Z,8.636374984822385,81.5583904467113,655.26,655.26,8.9157,35.012608,3.73722,1030.1002
ru29-20180812T0220,20,2018-08-13T05:28:32Z,8.636374984822385,81.5583904467113,644.58,644.58,8.9451,35.018036,3.74003,1030.0514
ru29-20180812T0220,20,2018-08-13T05:28:32Z,8.636374984822385,81.5583904467113,633.12,633.12,9.1993,35.023514,3.76393,1029.96
ru29-20180812T0220,20,2018-08-13T05:28:32Z,8.636374984822385,81.5583904467113,622.12,622.12,9.2602,35.029354,3.76974,1029.9045
ru29-20180812T0220,20,2018-08-13T05:28:32Z,8.636374984822385,81.5583904467113,611.21,611.21,9.2974,35.03222,3.77304,1029.8513
ru29-20180812T0220,20,2018-08-13T05:28:32Z,8.636374984822385,81.5583904467113,600.28,600.28,9.3169,35.03401,3.77457,1029.8003
ru29-20180812T0220,20,2018-08-13T05:28:32Z,8.636374984822385,81.5583904467113,NaN,NaN,NaN,NaN,NaN,NaN
ru29-20180812T0220,20,2018-08-13T05:28:32Z,8.636374984822385,81.5583904467113,590.07,590.07,9.3215,35.03468,3.77462,1029.7543
ru29-20180812T0220,20,2018-08-13T05:28:32Z,8.636374984822385,81.5583904467113,579.32,579.32,9.3321,35.036266,3.7753,1029.7054
ru29-20180812T0220,20,2018-08-13T05:28:32Z,8.636374984822385,81.5583904467113,569.46,569.46,9.351,35.0395,3.77696,1029.6604
ru29-20180812T0220,20,2018-08-13T05:28:32Z,8.636374984822385,81.5583904467113,559.15,559.15,9.3617,35.04028,3.77759,1029.6129
ru29-20180812T0220,20,2018-08-13T05:28:32Z,8.636374984822385,81.5583904467113,548.95,548.95,9.4402,35.046688,3.78516,1029.5583
ru29-20180812T0220,20,2018-08-13T05:28:32Z,8.636374984822385,81.5583904467113,539.64,539.64,9.5171,35.05284,3.7926,1029.5078
ru29-20180812T0220,20,2018-08-13T05:28:32Z,8.636374984822385,81.5583904467113,529.94,529.94,9.6072,35.058212,3.8012,1029.4525
ru29-20180812T0220,20,2018-08-13T05:28:32Z,8.636374984822385,81.5583904467113,520.39,520.39,9.7202,35.065533,3.81217,1029.3953
ru29-20180812T0220,20,2018-08-13T05:28:32Z,8.636374984822385,81.5583904467113,510.31,510.31,9.7858,35.064503,3.81783,1029.3376
ru29-20180812T0220,20,2018-08-13T05:28:32Z,8.636374984822385,81.5583904467113,500.17,500.17,9.9852,35.078865,3.83767,1029.2675
ru29-20180812T0220,20,2018-08-13T05:28:32Z,8.636374984822385,81.5583904467113,490.35,490.35,10.0395,35.06077,3.84061,1029.1996
ru29-20180812T0220,20,2018-08-13T05:28:32Z,8.636374984822385,81.5583904467113,480.06,480.06,10.0757,35.053555,3.84288,1029.1414
ru29-20180812T0220,20,2018-08-13T05:28:32Z,8.636374984822385,81.5583904467113,470.0,470.0,10.1888,35.049553,3.85277,1029.0726
ru29-20180812T0220,20,2018-08-13T05:28:32Z,8.636374984822385,81.5583904467113,460.06,460.06,10.2827,35.03978,3.86028,1029.0034
ru29-20180812T0220,20,2018-08-13T05:28:32Z,8.636374984822385,81.5583904467113,450.1,450.1,10.3261,35.035408,3.86353,1028.9474
ru29-20180812T0220,20,2018-08-13T05:28:32Z,8.636374984822385,81.5583904467113,440.44,440.44,10.4803,35.02789,3.87701,1028.87
ru29-20180812T0220,20,2018-08-13T05:28:32Z,8.636374984822385,81.5583904467113,430.24,430.24,10.5578,35.029102,3.88405,1028.811
ru29-20180812T0220,20,2018-08-13T05:28:32Z,8.636374984822385,81.5583904467113,420.53,420.53,10.5656,35.03058,3.88451,1028.7672
ru29-20180812T0220,20,2018-08-13T05:28:32Z,8.636374984822385,81.5583904467113,410.31,410.31,10.5961,35.029564,3.88686,1028.7151
ru29-20180812T0220,20,2018-08-13T05:28:32Z,8.636374984822385,81.5583904467113,400.15,400.15,10.6225,35.02933,3.8889,1028.6646
ru29-20180812T0220,20,2018-08-13T05:28:32Z,8.636374984822385,81.5583904467113,390.8,390.8,10.7274,35.02988,3.89853,1028.6036
ru29-20180812T0220,20,2018-08-13T05:28:32Z,8.636374984822385,81.5583904467113,381.11,381.11,10.8304,35.03021,3.90795,1028.5414
ru29-20180812T0220,20,2018-08-13T05:28:32Z,8.636374984822385,81.5583904467113,371.89,371.89,10.8589,35.030113,3.91025,1028.4948
ru29-20180812T0220,20,2018-08-13T05:28:32Z,8.636374984822385,81.5583904467113,362.31,362.31,10.9053,35.029694,3.91421,1028.4429
ru29-20180812T0220,20,2018-08-13T05:28:32Z,8.636374984822385,81.5583904467113,352.67,352.67,10.9536,35.029778,3.9184,1028.3907
ru29-20180812T0220,20,2018-08-13T05:28:32Z,8.636374984822385,81.5583904467113,341.2,341.2,11.0906,35.030533,3.93105,1028.3142
ru29-20180812T0220,20,2018-08-13T05:28:32Z,8.636374984822385,81.5583904467113,328.45,328.45,11.1585,35.0292,3.93684,1028.2434
ru29-20180812T0220,20,2018-08-13T05:28:32Z,8.636374984822385,81.5583904467113,315.92,315.92,11.2279,35.0289,3.94289,1028.174
ru29-20180812T0220,20,2018-08-13T05:28:32Z,8.636374984822385,81.5583904467113,303.29,303.29,11.4139,35.025703,3.95981,1028.0796
ru29-20180812T0220,20,2018-08-13T05:28:32Z,8.636374984822385,81.5583904467113,290.2,290.2,11.5109,35.027935,3.96875,1028.0043
ru29-20180812T0220,20,2018-08-13T05:28:32Z,8.636374984822385,81.5583904467113,277.53,277.53,11.5663,35.02814,3.97352,1027.9371
ru29-20180812T0220,20,2018-08-13T05:28:32Z,8.636374984822385,81.5583904467113,264.35,264.35,11.6854,35.026447,3.98419,1027.854
ru29-20180812T0220,20,2018-08-13T05:28:32Z,8.636374984822385,81.5583904467113,251.65,251.65,11.7402,35.027164,3.98896,1027.7872
ru29-20180812T0220,20,2018-08-13T05:28:32Z,8.636374984822385,81.5583904467113,238.57,238.57,11.7871,35.029976,3.99317,1027.7218
ru29-20180812T0220,20,2018-08-13T05:28:32Z,8.636374984822385,81.5583904467113,225.51,225.51,12.0411,35.02191,4.01619,1027.6078
ru29-20180812T0220,20,2018-08-13T05:28:32Z,8.636374984822385,81.5583904467113,213.12,213.12,12.3255,35.018787,4.04272,1027.494
ru29-20180812T0220,20,2018-08-13T05:28:32Z,8.636374984822385,81.5583904467113,200.41,200.41,12.6198,35.008656,4.06952,1027.3707
ru29-20180812T0220,20,2018-08-13T05:28:32Z,8.636374984822385,81.5583904467113,188.25,188.25,12.864,35.001453,4.09185,1027.2617
ru29-20180812T0220,20,2018-08-13T05:28:32Z,8.636374984822385,81.5583904467113,175.13,175.13,13.4368,34.982014,4.14478,1027.0706
ru29-20180812T0220,20,2018-08-13T05:28:32Z,8.636374984822385,81.5583904467113,162.1,162.1,13.6166,34.982895,4.16178,1026.9757
ru29-20180812T0220,20,2018-08-13T05:28:32Z,8.636374984822385,81.5583904467113,149.65,149.65,13.8195,34.981052,4.18079,1026.8762
ru29-20180812T0220,20,2018-08-13T05:28:32Z,8.636374984822385,81.5583904467113,137.48,137.48,15.351,34.893845,4.32068,1026.4211
ru29-20180812T0220,20,2018-08-13T05:28:32Z,8.636374984822385,81.5583904467113,126.48,126.48,16.2845,34.883713,4.41112,1026.151
ru29-20180812T0220,20,2018-08-13T05:28:32Z,8.636374984822385,81.5583904467113,115.82,115.82,17.0089,34.87881,4.48192,1025.9292
ru29-20180812T0220,20,2018-08-13T05:28:32Z,8.636374984822385,81.5583904467113,106.69,106.69,18.0537,34.853535,4.58275,1025.615
ru29-20180812T0220,20,2018-08-13T05:28:32Z,8.636374984822385,81.5583904467113,97.03,97.03,18.7584,34.841545,4.65153,1025.3865
ru29-20180812T0220,20,2018-08-13T05:28:32Z,8.636374984822385,81.5583904467113,86.87,86.87,19.4703,34.835968,4.72206,1025.1548
ru29-20180812T0220,20,2018-08-13T05:28:32Z,8.636374984822385,81.5583904467113,78.39,78.39,20.274,34.81837,4.80078,1024.8927
ru29-20180812T0220,20,2018-08-13T05:28:32Z,8.636374984822385,81.5583904467113,68.22,68.22,21.0875,34.792656,4.87973,1024.6093
ru29-20180812T0220,20,2018-08-13T05:28:32Z,8.636374984822385,81.5583904467113,59.23,59.23,21.5869,34.774487,4.92792,1024.419
ru29-20180812T0220,20,2018-08-13T05:28:32Z,8.636374984822385,81.5583904467113,52.02,52.02,22.6963,34.725628,5.03478,1024.0381
ru29-20180812T0220,20,2018-08-13T05:28:32Z,8.636374984822385,81.5583904467113,49.5,49.5,23.2265,34.73595,5.09043,1023.88226
ru29-20180812T0220,21,2018-08-13T10:13:06Z,8.565788953304132,81.61122847688745,5.13,5.13,28.9784,33.913635,5.56882,1021.27783
ru29-20180812T0220,21,2018-08-13T10:13:06Z,8.565788953304132,81.61122847688745,17.17,17.17,28.9003,33.93005,5.56362,1021.3677
ru29-20180812T0220,21,2018-08-13T10:13:06Z,8.565788953304132,81.61122847688745,30.59,30.59,27.9084,34.25764,5.5085,1021.99756
ru29-20180812T0220,21,2018-08-13T10:13:06Z,8.565788953304132,81.61122847688745,44.5,44.5,23.8204,34.743633,5.15238,1023.69275
ru29-20180812T0220,21,2018-08-13T10:13:06Z,8.565788953304132,81.61122847688745,55.15,55.15,22.4384,34.792664,5.01711,1024.176
ru29-20180812T0220,21,2018-08-13T10:13:06Z,8.565788953304132,81.61122847688745,66.05,66.05,21.9776,34.78372,4.96927,1024.3466
ru29-20180812T0220,21,2018-08-13T10:13:06Z,8.565788953304132,81.61122847688745,75.29,75.29,21.1248,34.819054,4.88713,1024.6499
ru29-20180812T0220,21,2018-08-13T10:13:06Z,8.565788953304132,81.61122847688745,83.71,83.71,20.2426,34.849564,4.80166,1024.948
ru29-20180812T0220,21,2018-08-13T10:13:06Z,8.565788953304132,81.61122847688745,91.95,91.95,19.6989,34.847904,4.7468,1025.1263
ru29-20180812T0220,21,2018-08-13T10:13:06Z,8.565788953304132,81.61122847688745,100.33,100.33,18.7968,34.881832,4.66033,1025.4219
ru29-20180812T0220,21,2018-08-13T10:13:06Z,8.565788953304132,81.61122847688745,108.1,108.1,18.6539,34.869305,4.64482,1025.4827
ru29-20180812T0220,21,2018-08-13T10:13:06Z,8.565788953304132,81.61122847688745,115.7,115.7,17.7444,34.90044,4.55771,1025.7668
ru29-20180812T0220,21,2018-08-13T10:13:06Z,8.565788953304132,81.61122847688745,123.87,123.87,17.5596,34.89541,4.53903,1025.8441
ru29-20180812T0220,21,2018-08-13T10:13:06Z,8.565788953304132,81.61122847688745,133.01,133.01,16.5637,34.91249,4.44232,1026.1364
ru29-20180812T0220,21,2018-08-13T10:13:06Z,8.565788953304132,81.61122847688745,141.27,141.27,15.6295,34.95006,4.35451,1026.4181
ru29-20180812T0220,21,2018-08-13T10:13:06Z,8.565788953304132,81.61122847688745,149.35,149.35,14.4061,34.993195,4.23938,1026.7588
ru29-20180812T0220,21,2018-08-13T10:13:06Z,8.565788953304132,81.61122847688745,156.28,156.28,13.7711,34.997833,4.17816,1026.929
ru29-20180812T0220,21,2018-08-13T10:13:06Z,8.565788953304132,81.61122847688745,162.19,162.19,13.6525,34.995968,4.16667,1026.9786
ru29-20180812T0220,21,2018-08-13T10:13:06Z,8.565788953304132,81.61122847688745,167.8,167.8,13.605,34.994984,4.16219,1027.0128
ru29-20180812T0220,21,2018-08-13T10:13:06Z,8.565788953304132,81.61122847688745,173.16,173.16,13.5158,34.996502,4.15391,1027.0565
ru29-20180812T0220,21,2018-08-13T10:13:06Z,8.565788953304132,81.61122847688745,178.92,178.92,13.427,34.998005,4.14569,1027.1018
ru29-20180812T0220,21,2018-08-13T10:13:06Z,8.565788953304132,81.61122847688745,185.12,185.12,13.3188,35.000923,4.13576,1027.154
ru29-20180812T0220,21,2018-08-13T10:13:06Z,8.565788953304132,81.61122847688745,192.71,192.71,13.1941,35.00482,4.1244,1027.2167
ru29-20180812T0220,21,2018-08-13T10:13:06Z,8.565788953304132,81.61122847688745,200.08,200.08,13.1249,35.005558,4.11809,1027.2643
ru29-20180812T0220,21,2018-08-13T10:13:06Z,8.565788953304132,81.61122847688745,206.88,206.88,13.0976,35.006474,4.11584,1027.3008
ru29-20180812T0220,21,2018-08-13T10:13:06Z,8.565788953304132,81.61122847688745,214.04,214.04,12.9783,35.00903,4.10486,1027.3591
ru29-20180812T0220,21,2018-08-13T10:13:06Z,8.565788953304132,81.61122847688745,220.77,220.77,12.8383,35.01354,4.09207,1027.4211
ru29-20180812T0220,21,2018-08-13T10:13:06Z,8.565788953304132,81.61122847688745,228.22,228.22,12.574,35.02097,4.06761,1027.5134
ru29-20180812T0220,21,2018-08-13T10:13:06Z,8.565788953304132,81.61122847688745,235.65,235.65,12.33,35.022697,4.04456,1027.5967
ru29-20180812T0220,21,2018-08-13T10:13:06Z,8.565788953304132,81.61122847688745,243.17,243.17,11.894,35.04327,4.00501,1027.7319
ru29-20180812T0220,21,2018-08-13T10:13:06Z,8.565788953304132,81.61122847688745,251.15,251.15,11.8212,35.036667,3.99769,1027.7766
ru29-20180812T0220,21,2018-08-13T10:13:06Z,8.565788953304132,81.61122847688745,259.03,259.03,11.7795,35.035465,3.99391,1027.819
ru29-20180812T0220,21,2018-08-13T10:13:06Z,8.565788953304132,81.61122847688745,267.6,267.6,11.7327,35.03679,3.98993,1027.8674
ru29-20180812T0220,21,2018-08-13T10:13:06Z,8.565788953304132,81.61122847688745,276.38,276.38,11.631,35.031723,3.98004,1027.9224
ru29-20180812T0220,21,2018-08-13T10:13:06Z,8.565788953304132,81.61122847688745,284.73,284.73,11.5828,35.0355,3.97617,1027.9718
ru29-20180812T0220,21,2018-08-13T10:13:06Z,8.565788953304132,81.61122847688745,293.23,293.23,11.4667,35.032295,3.96509,1028.0297
ru29-20180812T0220,21,2018-08-13T10:13:06Z,8.565788953304132,81.61122847688745,301.4,301.4,11.4258,35.034336,3.96174,1028.0756
ru29-20180812T0220,21,2018-08-13T10:13:06Z,8.565788953304132,81.61122847688745,309.88,309.88,11.3536,35.04551,3.95633,1028.136
ru29-20180812T0220,21,2018-08-13T10:13:06Z,8.565788953304132,81.61122847688745,318.35,318.35,11.2661,35.04355,3.94813,1028.189
ru29-20180812T0220,21,2018-08-13T10:13:06Z,8.565788953304132,81.61122847688745,325.98,325.98,11.2484,35.040924,3.94651,1028.2244
ru29-20180812T0220,21,2018-08-13T10:13:06Z,8.565788953304132,81.61122847688745,333.42,333.42,11.1368,35.042065,3.93628,1028.2797
ru29-20180812T0220,21,2018-08-13T10:13:06Z,8.565788953304132,81.61122847688745,340.49,340.49,11.0628,35.037376,3.92905,1028.3217
ru29-20180812T0220,21,2018-08-13T10:13:06Z,8.565788953304132,81.61122847688745,347.55,347.55,10.9705,35.033806,3.92019,1028.3678
ru29-20180812T0220,21,2018-08-13T10:13:06Z,8.565788953304132,81.61122847688745,354.83,354.83,10.8951,35.033237,3.91326,1028.4141
ru29-20180812T0220,21,2018-08-13T10:13:06Z,8.565788953304132,81.61122847688745,362.22,362.22,10.8084,35.033848,3.90538,1028.4637
ru29-20180812T0220,21,2018-08-13T10:13:06Z,8.565788953304132,81.61122847688745,369.77,369.77,10.8047,35.031727,3.90515,1028.4966
ru29-20180812T0220,21,2018-08-13T10:13:06Z,8.565788953304132,81.61122847688745,376.97,376.97,10.7737,35.03289,3.90263,1028.5355
ru29-20180812T0220,21,2018-08-13T10:13:06Z,8.565788953304132,81.61122847688745,384.32,384.32,10.746,35.032234,3.90025,1028.573
ru29-20180812T0220,21,2018-08-13T10:13:06Z,8.565788953304132,81.61122847688745,391.82,391.82,10.7028,35.03167,3.89641,1028.6141
ru29-20180812T0220,21,2018-08-13T10:13:06Z,8.565788953304132,81.61122847688745,399.04,399.04,10.5767,35.034237,3.88498,1028.6719
ru29-20180812T0220,21,2018-08-13T10:13:06Z,8.565788953304132,81.61122847688745,406.95,406.95,10.4742,35.030197,3.87518,1028.723
ru29-20180812T0220,21,2018-08-13T10:13:06Z,8.565788953304132,81.61122847688745,414.51,414.51,10.4319,35.03309,3.87178,1028.7668
ru29-20180812T0220,21,2018-08-13T10:13:06Z,8.565788953304132,81.61122847688745,422.23,422.23,10.4124,35.033512,3.87031,1028.8054
ru29-20180812T0220,21,2018-08-13T10:13:06Z,8.565788953304132,81.61122847688745,429.91,429.91,10.3867,35.03445,3.8683,1028.8452
ru29-20180812T0220,21,2018-08-13T10:13:06Z,8.565788953304132,81.61122847688745,437.23,437.23,10.3587,35.038967,3.86641,1028.8866
ru29-20180812T0220,21,2018-08-13T10:13:06Z,8.565788953304132,81.61122847688745,444.9,444.9,10.3004,35.04594,3.8619,1028.937
ru29-20180812T0220,21,2018-08-13T10:13:06Z,8.565788953304132,81.61122847688745,452.36,452.36,10.2112,35.059124,3.85506,1028.997
ru29-20180812T0220,21,2018-08-13T10:13:06Z,8.565788953304132,81.61122847688745,459.97,459.97,10.0996,35.048363,3.84375,1029.043
ru29-20180812T0220,21,2018-08-13T10:13:06Z,8.565788953304132,81.61122847688745,467.49,467.49,10.0856,35.048622,3.84278,1029.0795
ru29-20180812T0220,21,2018-08-13T10:13:06Z,8.565788953304132,81.61122847688745,474.59,474.59,10.1066,35.060387,3.84624,1029.1166
ru29-20180812T0220,21,2018-08-13T10:13:06Z,8.565788953304132,81.61122847688745,481.88,481.88,10.1136,35.076305,3.84879,1029.1603
ru29-20180812T0220,21,2018-08-13T10:13:06Z,8.565788953304132,81.61122847688745,488.69,488.69,10.0839,35.0775,3.84639,1029.1971
ru29-20180812T0220,21,2018-08-13T10:13:06Z,8.565788953304132,81.61122847688745,495.58,495.58,10.0176,35.0754,3.8402,1029.2384
ru29-20180812T0220,21,2018-08-13T10:13:06Z,8.565788953304132,81.61122847688745,502.33,502.33,9.9184,35.0596,3.82955,1029.2742
ru29-20180812T0220,21,2018-08-13T10:13:06Z,8.565788953304132,81.61122847688745,508.7,508.7,9.9165,35.063377,3.83002,1029.306
ru29-20180812T0220,21,2018-08-13T10:13:06Z,8.565788953304132,81.61122847688745,515.27,515.27,9.8519,35.062424,3.8241,1029.3463
ru29-20180812T0220,21,2018-08-13T10:13:06Z,8.565788953304132,81.61122847688745,521.56,521.56,9.814,35.059345,3.82049,1029.3789
ru29-20180812T0220,21,2018-08-13T10:13:06Z,8.565788953304132,81.61122847688745,528.22,528.22,9.7546,35.05817,3.81505,1029.4185
ru29-20180812T0220,21,2018-08-13T10:13:06Z,8.565788953304132,81.61122847688745,534.74,534.74,9.7238,35.07003,3.81358,1029.4624
ru29-20180812T0220,21,2018-08-13T10:13:06Z,8.565788953304132,81.61122847688745,540.91,540.91,9.7204,35.071674,3.81369,1029.492
ru29-20180812T0220,21,2018-08-13T10:13:06Z,8.565788953304132,81.61122847688745,547.11,547.11,9.7241,35.073395,3.81448,1029.5204
ru29-20180812T0220,21,2018-08-13T10:13:06Z,8.565788953304132,81.61122847688745,553.36,553.36,9.6686,35.072292,3.8094,1029.5575
ru29-20180812T0220,21,2018-08-13T10:13:06Z,8.565788953304132,81.61122847688745,559.96,559.96,9.5597,35.06064,3.79827,1029.5974
ru29-20180812T0220,21,2018-08-13T10:13:06Z,8.565788953304132,81.61122847688745,566.72,566.72,9.3337,35.04696,3.77593,1029.657
ru29-20180812T0220,21,2018-08-13T10:13:06Z,8.565788953304132,81.61122847688745,573.22,573.22,9.2375,35.03806,3.7663,1029.696
ru29-20180812T0220,21,2018-08-13T10:13:06Z,8.565788953304132,81.61122847688745,580.08,580.08,9.1832,35.03325,3.76103,1029.7327
ru29-20180812T0220,21,2018-08-13T10:13:06Z,8.565788953304132,81.61122847688745,586.79,586.79,9.1765,35.031334,3.76051,1029.7623
ru29-20180812T0220,21,2018-08-13T10:13:06Z,8.565788953304132,81.61122847688745,593.97,593.97,9.1597,35.030346,3.75915,1029.7968
ru29-20180812T0220,21,2018-08-13T10:13:06Z,8.565788953304132,81.61122847688745,601.29,601.29,9.1237,35.029236,3.75598,1029.835
ru29-20180812T0220,21,2018-08-13T10:13:06Z,8.565788953304132,81.61122847688745,608.41,608.41,9.083,35.026657,3.75222,1029.872
ru29-20180812T0220,21,2018-08-13T10:13:06Z,8.565788953304132,81.61122847688745,615.58,615.58,9.0324,35.024765,3.7476,1029.9115
ru29-20180812T0220,21,2018-08-13T10:13:06Z,8.565788953304132,81.61122847688745,622.27,622.27,8.8358,35.01715,3.72872,1029.9695
ru29-20180812T0220,21,2018-08-13T10:13:06Z,8.565788953304132,81.61122847688745,629.44,629.44,8.8362,35.014305,3.7288,1029.9994
ru29-20180812T0220,21,2018-08-13T10:13:06Z,8.565788953304132,81.61122847688745,636.55,636.55,8.8239,35.011284,3.72767,1030.0311
ru29-20180812T0220,21,2018-08-13T10:13:06Z,8.565788953304132,81.61122847688745,643.29,643.29,8.8109,35.008068,3.72644,1030.061
ru29-20180812T0220,21,2018-08-13T10:13:06Z,8.565788953304132,81.61122847688745,650.29,650.29,8.79,35.008297,3.72481,1030.0962
ru29-20180812T0220,21,2018-08-13T10:13:06Z,8.565788953304132,81.61122847688745,657.02,657.02,8.7713,35.006172,3.72315,1030.128
ru29-20180812T0220,21,2018-08-13T10:13:06Z,8.565788953304132,81.61122847688745,664.14,664.14,8.6727,35.00353,3.71398,1030.1748
ru29-20180812T0220,21,2018-08-13T10:13:06Z,8.565788953304132,81.61122847688745,671.33,671.33,8.629,35.004097,3.71026,1030.215
ru29-20180812T0220,21,2018-08-13T10:13:06Z,8.565788953304132,81.61122847688745,678.39,678.39,8.611,35.001835,3.70867,1030.2479
ru29-20180812T0220,21,2018-08-13T10:13:06Z,8.565788953304132,81.61122847688745,685.83,685.83,8.54,34.997955,3.70199,1030.2904
ru29-20180812T0220,21,2018-08-13T10:13:06Z,8.565788953304132,81.61122847688745,693.05,693.05,8.5238,34.995834,3.70059,1030.324
ru29-20180812T0220,21,2018-08-13T10:13:06Z,8.565788953304132,81.61122847688745,700.55,700.55,8.4937,34.989864,3.69754,1030.358
ru29-20180812T0220,21,2018-08-13T10:13:06Z,8.565788953304132,81.61122847688745,707.77,707.77,8.4629,34.993256,3.6953,1030.3983
ru29-20180812T0220,21,2018-08-13T10:13:06Z,8.565788953304132,81.61122847688745,715.02,715.02,8.4351,34.99262,3.69296,1030.435
ru29-20180812T0220,21,2018-08-13T10:13:06Z,8.565788953304132,81.61122847688745,722.37,722.37,8.3795,34.98646,3.68751,1030.4727
ru29-20180812T0220,21,2018-08-13T10:13:06Z,8.565788953304132,81.61122847688745,729.45,729.45,8.3586,34.987957,3.68601,1030.5092
ru29-20180812T0220,21,2018-08-13T10:13:06Z,8.565788953304132,81.61122847688745,736.7,736.7,8.3571,34.98843,3.68623,1030.5424
ru29-20180812T0220,21,2018-08-13T10:13:06Z,8.565788953304132,81.61122847688745,743.79,743.79,8.3153,34.991497,3.68293,1030.5836
ru29-20180812T0220,21,2018-08-13T10:13:06Z,8.565788953304132,81.61122847688745,750.3,750.3,8.2396,34.992058,3.67621,1030.626
ru29-20180812T0220,21,2018-08-13T10:13:06Z,8.565788953304132,81.61122847688745,757.19,757.19,8.2216,34.991394,3.67477,1030.6594
ru29-20180812T0220,21,2018-08-13T10:13:06Z,8.565788953304132,81.61122847688745,763.68,763.68,8.1769,34.990772,3.67083,1030.6957
ru29-20180812T0220,21,2018-08-13T10:13:06Z,8.565788953304132,81.61122847688745,770.42,770.42,8.1343,34.98996,3.66708,1030.7324
ru29-20180812T0220,21,2018-08-13T10:13:06Z,8.565788953304132,81.61122847688745,777.1,777.1,8.0998,34.98752,3.66393,1030.7662
ru29-20180812T0220,21,2018-08-13T10:13:06Z,8.565788953304132,81.61122847688745,783.61,783.61,8.0361,34.98649,3.65819,1030.8053
ru29-20180812T0220,21,2018-08-13T10:13:06Z,8.565788953304132,81.61122847688745,790.22,790.22,8.0012,34.98583,3.65517,1030.8403
ru29-20180812T0220,21,2018-08-13T10:13:06Z,8.565788953304132,81.61122847688745,796.23,796.23,7.945,34.985645,3.65019,1030.8765
ru29-20180812T0220,21,2018-08-13T10:13:06Z,8.565788953304132,81.61122847688745,802.54,802.54,7.8983,34.984093,3.64598,1030.9114
ru29-20180812T0220,21,2018-08-13T10:13:06Z,8.565788953304132,81.61122847688745,808.79,808.79,7.8745,34.98216,3.64386,1030.9419
ru29-20180812T0220,21,2018-08-13T10:13:06Z,8.565788953304132,81.61122847688745,814.46,814.46,7.8532,34.982285,3.64214,1030.971
ru29-20180812T0220,21,2018-08-13T10:13:06Z,8.565788953304132,81.61122847688745,820.39,820.39,7.8036,34.981285,3.6377,1031.005
ru29-20180812T0220,21,2018-08-13T10:13:06Z,8.565788953304132,81.61122847688745,825.98,825.98,7.7407,34.97906,3.6319,1031.0388
ru29-20180812T0220,21,2018-08-13T10:13:06Z,8.565788953304132,81.61122847688745,831.36,831.36,7.7035,34.97816,3.6286,1031.0684
ru29-20180812T0220,21,2018-08-13T10:13:06Z,8.565788953304132,81.61122847688745,836.91,836.91,7.6864,34.976063,3.62706,1031.0945
ru29-20180812T0220,21,2018-08-13T10:13:06Z,8.565788953304132,81.61122847688745,842.34,842.34,7.6777,34.974464,3.62634,1031.119
ru29-20180812T0220,21,2018-08-13T10:13:06Z,8.565788953304132,81.61122847688745,848.08,848.08,7.6408,34.971462,3.62289,1031.1486
ru29-20180812T0220,21,2018-08-13T10:13:06Z,8.565788953304132,81.61122847688745,853.25,853.25,7.552,34.965088,3.6143,1031.1814
ru29-20180812T0220,21,2018-08-13T10:13:06Z,8.565788953304132,81.61122847688745,858.98,858.98,7.4171,34.962273,3.60181,1031.2269
ru29-20180812T0220,21,2018-08-13T10:13:06Z,8.565788953304132,81.61122847688745,864.54,864.54,7.3777,34.960762,3.59827,1031.2571
ru29-20180812T0220,21,2018-08-13T10:13:06Z,8.565788953304132,81.61122847688745,870.47,870.47,7.3653,34.959457,3.59726,1031.2848
ru29-20180812T0220,21,2018-08-13T10:13:06Z,8.565788953304132,81.61122847688745,876.79,876.79,7.3363,34.956593,3.59459,1031.3156
ru29-20180812T0220,21,2018-08-13T10:13:06Z,8.565788953304132,81.61122847688745,882.72,882.72,7.2708,34.958668,3.58899,1031.3545
ru29-20180812T0220,21,2018-08-13T10:13:06Z,8.565788953304132,81.61122847688745,889.36,889.36,7.1811,34.949955,3.5802,1031.392
ru29-20180812T0220,21,2018-08-13T10:13:06Z,8.565788953304132,81.61122847688745,895.82,895.82,7.128,34.947407,3.57535,1031.4275
ru29-20180812T0220,21,2018-08-13T10:13:06Z,8.565788953304132,81.61122847688745,902.52,902.52,7.0651,34.943325,3.56947,1031.4645
ru29-20180812T0220,21,2018-08-13T10:13:06Z,8.565788953304132,81.61122847688745,909.39,909.39,7.0242,34.9407,3.56576,1031.4999
ru29-20180812T0220,21,2018-08-13T10:13:06Z,8.565788953304132,81.61122847688745,912.46,912.46,7.0167,34.93948,3.56509,1031.5139
ru29-20180812T0220,22,2018-08-13T11:34:28Z,8.548553131637412,81.61873262117297,912.46,912.46,7.0167,34.93948,3.56509,1031.5139
ru29-20180812T0220,22,2018-08-13T11:34:28Z,8.548553131637412,81.61873262117297,910.63,910.63,7.0276,34.93976,3.56604,1031.5042
ru29-20180812T0220,22,2018-08-13T11:34:28Z,8.548553131637412,81.61873262117297,904.32,904.32,7.0651,34.94128,3.56936,1031.471
ru29-20180812T0220,22,2018-08-13T11:34:28Z,8.548553131637412,81.61873262117297,894.67,894.67,7.1975,34.947544,3.58172,1031.4113
ru29-20180812T0220,22,2018-08-13T11:34:28Z,8.548553131637412,81.61873262117297,885.11,885.11,7.3203,34.95169,3.59302,1031.3518
ru29-20180812T0220,22,2018-08-13T11:34:28Z,8.548553131637412,81.61873262117297,875.76,875.76,7.368,34.95807,3.59761,1031.307
ru29-20180812T0220,22,2018-08-13T11:34:28Z,8.548553131637412,81.61873262117297,865.88,865.88,7.4181,34.958366,3.60184,1031.2546
ru29-20180812T0220,22,2018-08-13T11:34:28Z,8.548553131637412,81.61873262117297,856.22,856.22,7.5391,34.96396,3.61313,1031.1959
ru29-20180812T0220,22,2018-08-13T11:34:28Z,8.548553131637412,81.61873262117297,846.06,846.06,7.6346,34.9676,3.62187,1031.1375
ru29-20180812T0220,22,2018-08-13T11:34:28Z,8.548553131637412,81.61873262117297,835.82,835.82,7.6661,34.972713,3.62482,1031.0903
ru29-20180812T0220,22,2018-08-13T11:34:28Z,8.548553131637412,81.61873262117297,826.32,826.32,7.6723,34.97526,3.62522,1031.0486
ru29-20180812T0220,22,2018-08-13T11:34:28Z,8.548553131637412,81.61873262117297,816.46,816.46,7.6933,34.9757,3.62678,1031.0012
ru29-20180812T0220,22,2018-08-13T11:34:28Z,8.548553131637412,81.61873262117297,806.87,806.87,7.7243,34.976902,3.62935,1030.954
ru29-20180812T0220,22,2018-08-13T11:34:28Z,8.548553131637412,81.61873262117297,796.95,796.95,7.7748,34.9774,3.63365,1030.9015
ru29-20180812T0220,22,2018-08-13T11:34:28Z,8.548553131637412,81.61873262117297,787.42,787.42,7.8378,34.98006,3.63933,1030.8503
ru29-20180812T0220,22,2018-08-13T11:34:28Z,8.548553131637412,81.61873262117297,778.42,778.42,7.8657,34.979744,3.6415,1030.805
ru29-20180812T0220,22,2018-08-13T11:34:28Z,8.548553131637412,81.61873262117297,769.18,769.18,7.8978,34.981037,3.6442,1030.7593
ru29-20180812T0220,22,2018-08-13T11:34:28Z,8.548553131637412,81.61873262117297,760.42,760.42,7.9286,34.981888,3.64676,1030.7155
ru29-20180812T0220,22,2018-08-13T11:34:28Z,8.548553131637412,81.61873262117297,751.25,751.25,7.9947,34.984196,3.65272,1030.665
ru29-20180812T0220,22,2018-08-13T11:34:28Z,8.548553131637412,81.61873262117297,742.21,742.21,8.0339,34.984287,3.65598,1030.618
ru29-20180812T0220,22,2018-08-13T11:34:28Z,8.548553131637412,81.61873262117297,733.5,733.5,8.1234,34.986446,3.66413,1030.5657
ru29-20180812T0220,22,2018-08-13T11:34:28Z,8.548553131637412,81.61873262117297,724.3,724.3,8.1818,34.98861,3.66937,1030.5162
ru29-20180812T0220,22,2018-08-13T11:34:28Z,8.548553131637412,81.61873262117297,715.38,715.38,8.2286,34.99009,3.67348,1030.4695
ru29-20180812T0220,22,2018-08-13T11:34:28Z,8.548553131637412,81.61873262117297,706.23,706.23,8.3211,34.98709,3.68142,1030.4105
ru29-20180812T0220,22,2018-08-13T11:34:28Z,8.548553131637412,81.61873262117297,697.08,697.08,8.3456,34.985126,3.68312,1030.3638
ru29-20180812T0220,22,2018-08-13T11:34:28Z,8.548553131637412,81.61873262117297,688.25,688.25,8.4119,34.990208,3.6894,1030.3169
ru29-20180812T0220,22,2018-08-13T11:34:28Z,8.548553131637412,81.61873262117297,678.94,678.94,8.5311,34.993233,3.70041,1030.2573
ru29-20180812T0220,22,2018-08-13T11:34:28Z,8.548553131637412,81.61873262117297,670.04,670.04,8.6054,34.999813,3.70759,1030.2098
ru29-20180812T0220,22,2018-08-13T11:34:28Z,8.548553131637412,81.61873262117297,660.9,660.9,8.69,35.002403,3.71535,1030.1564
ru29-20180812T0220,22,2018-08-13T11:34:28Z,8.548553131637412,81.61873262117297,651.91,651.91,8.7795,35.004444,3.72353,1030.1023
ru29-20180812T0220,22,2018-08-13T11:34:28Z,8.548553131637412,81.61873262117297,643.37,643.37,8.8204,35.008976,3.72742,1030.0605
ru29-20180812T0220,22,2018-08-13T11:34:28Z,8.548553131637412,81.61873262117297,634.01,634.01,8.9924,35.019222,3.74412,1029.9968
ru29-20180812T0220,22,2018-08-13T11:34:28Z,8.548553131637412,81.61873262117297,625.32,625.32,9.0324,35.022823,3.74784,1029.9536
ru29-20180812T0220,22,2018-08-13T11:34:28Z,8.548553131637412,81.61873262117297,616.2,616.2,9.1451,35.02565,3.7583,1029.8953
ru29-20180812T0220,22,2018-08-13T11:34:28Z,8.548553131637412,81.61873262117297,606.71,606.71,9.2408,35.032566,3.76755,1029.8414
ru29-20180812T0220,22,2018-08-13T11:34:28Z,8.548553131637412,81.61873262117297,597.42,597.42,9.5236,35.049034,3.79538,1029.7626
ru29-20180812T0220,22,2018-08-13T11:34:28Z,8.548553131637412,81.61873262117297,588.04,588.04,9.603,35.061043,3.80363,1029.7158
ru29-20180812T0220,22,2018-08-13T11:34:28Z,8.548553131637412,81.61873262117297,578.62,578.62,9.6257,35.066895,3.80593,1029.6741
ru29-20180812T0220,22,2018-08-13T11:34:28Z,8.548553131637412,81.61873262117297,569.98,569.98,9.6766,35.07038,3.8107,1029.629
ru29-20180812T0220,22,2018-08-13T11:34:28Z,8.548553131637412,81.61873262117297,560.94,560.94,9.7221,35.071564,3.81472,1029.5813
ru29-20180812T0220,22,2018-08-13T11:34:28Z,8.548553131637412,81.61873262117297,552.23,552.23,9.7083,35.06784,3.81267,1029.5419
ru29-20180812T0220,22,2018-08-13T11:34:28Z,8.548553131637412,81.61873262117297,543.25,543.25,9.7279,35.070934,3.81443,1029.5005
ru29-20180812T0220,22,2018-08-13T11:34:28Z,8.548553131637412,81.61873262117297,533.39,533.39,9.7327,35.065594,3.81393,1029.4514
ru29-20180812T0220,22,2018-08-13T11:34:28Z,8.548553131637412,81.61873262117297,522.43,522.43,9.7643,35.059376,3.81583,1029.3917
ru29-20180812T0220,22,2018-08-13T11:34:28Z,8.548553131637412,81.61873262117297,510.72,510.72,9.8144,35.049915,3.81913,1029.323
ru29-20180812T0220,22,2018-08-13T11:34:28Z,8.548553131637412,81.61873262117297,498.78,498.78,9.8297,35.049694,3.82003,1029.2666
ru29-20180812T0220,22,2018-08-13T11:34:28Z,8.548553131637412,81.61873262117297,487.48,487.48,9.8684,35.053852,3.8236,1029.2122
ru29-20180812T0220,22,2018-08-13T11:34:28Z,8.548553131637412,81.61873262117297,475.59,475.59,9.8914,35.052288,3.8251,1029.1536
ru29-20180812T0220,22,2018-08-13T11:34:28Z,8.548553131637412,81.61873262117297,464.29,464.29,9.9831,35.06255,3.83429,1029.0945
ru29-20180812T0220,22,2018-08-13T11:34:28Z,8.548553131637412,81.61873262117297,452.43,452.43,10.1259,35.070225,3.84806,1029.0215
ru29-20180812T0220,22,2018-08-13T11:34:28Z,8.548553131637412,81.61873262117297,440.61,440.61,10.1094,35.054222,3.8444,1028.959
ru29-20180812T0220,22,2018-08-13T11:34:28Z,8.548553131637412,81.61873262117297,429.42,429.42,10.1482,35.050198,3.84719,1028.8987
ru29-20180812T0220,22,2018-08-13T11:34:28Z,8.548553131637412,81.61873262117297,417.56,417.56,10.3092,35.041405,3.86108,1028.8094
ru29-20180812T0220,22,2018-08-13T11:34:28Z,8.548553131637412,81.61873262117297,406.19,406.19,10.3839,35.031662,3.86671,1028.7373
ru29-20180812T0220,22,2018-08-13T11:34:28Z,8.548553131637412,81.61873262117297,393.89,393.89,10.4234,35.03076,3.86983,1028.6743
ru29-20180812T0220,22,2018-08-13T11:34:28Z,8.548553131637412,81.61873262117297,381.26,381.26,10.5209,35.028645,3.87833,1028.5981
ru29-20180812T0220,22,2018-08-13T11:34:28Z,8.548553131637412,81.61873262117297,369.81,369.81,10.67,35.02853,3.892,1028.5193
ru29-20180812T0220,22,2018-08-13T11:34:28Z,8.548553131637412,81.61873262117297,357.67,357.67,10.768,35.028057,3.90075,1028.4464
ru29-20180812T0220,22,2018-08-13T11:34:28Z,8.548553131637412,81.61873262117297,345.99,345.99,10.8047,35.02996,3.90392,1028.3888
ru29-20180812T0220,22,2018-08-13T11:34:28Z,8.548553131637412,81.61873262117297,333.89,333.89,10.9225,35.02858,3.91448,1028.3116
ru29-20180812T0220,22,2018-08-13T11:34:28Z,8.548553131637412,81.61873262117297,321.94,321.94,11.0661,35.03237,3.92804,1028.2341
ru29-20180812T0220,22,2018-08-13T11:34:28Z,8.548553131637412,81.61873262117297,310.22,310.22,11.2066,35.037437,3.94146,1028.159
ru29-20180812T0220,22,2018-08-13T11:34:28Z,8.548553131637412,81.61873262117297,298.11,298.11,11.295,35.038418,3.94948,1028.089
ru29-20180812T0220,22,2018-08-13T11:34:28Z,8.548553131637412,81.61873262117297,286.81,286.81,11.4323,35.036064,3.96189,1028.0105
ru29-20180812T0220,22,2018-08-13T11:34:28Z,8.548553131637412,81.61873262117297,275.28,275.28,11.4521,35.028114,3.96247,1027.949
ru29-20180812T0220,22,2018-08-13T11:34:28Z,8.548553131637412,81.61873262117297,263.63,263.63,11.6329,35.030487,3.97953,1027.864
ru29-20180812T0220,22,2018-08-13T11:34:28Z,8.548553131637412,81.61873262117297,252.62,252.62,11.7218,35.03103,3.98763,1027.7981
ru29-20180812T0220,22,2018-08-13T11:34:28Z,8.548553131637412,81.61873262117297,241.25,241.25,11.7715,35.032913,3.99209,1027.7391
ru29-20180812T0220,22,2018-08-13T11:34:28Z,8.548553131637412,81.61873262117297,230.47,230.47,11.8458,35.030457,3.9985,1027.6747
ru29-20180812T0220,22,2018-08-13T11:34:28Z,8.548553131637412,81.61873262117297,219.35,219.35,12.5128,35.00967,4.06013,1027.4774
ru29-20180812T0220,22,2018-08-13T11:34:28Z,8.548553131637412,81.61873262117297,208.61,208.61,12.857,34.999477,4.09187,1027.3523
ru29-20180812T0220,22,2018-08-13T11:34:28Z,8.548553131637412,81.61873262117297,198.7,198.7,13.1246,34.994255,4.11681,1027.2494
ru29-20180812T0220,22,2018-08-13T11:34:28Z,8.548553131637412,81.61873262117297,188.34,188.34,13.2037,34.998013,4.12442,1027.19
ru29-20180812T0220,22,2018-08-13T11:34:28Z,8.548553131637412,81.61873262117297,178.69,178.69,13.5035,34.985767,4.15182,1027.0753
ru29-20180812T0220,22,2018-08-13T11:34:28Z,8.548553131637412,81.61873262117297,168.66,168.66,13.647,34.984493,4.1652,1026.9998
ru29-20180812T0220,22,2018-08-13T11:34:28Z,8.548553131637412,81.61873262117297,158.35,158.35,13.956,34.96748,4.19303,1026.8755
ru29-20180812T0220,22,2018-08-13T11:34:28Z,8.548553131637412,81.61873262117297,148.33,148.33,14.4415,34.951485,4.23828,1026.7145
ru29-20180812T0220,22,2018-08-13T11:34:28Z,8.548553131637412,81.61873262117297,139.39,139.39,15.7032,34.908184,4.35703,1026.3607
ru29-20180812T0220,22,2018-08-13T11:34:28Z,8.548553131637412,81.61873262117297,130.4,130.4,16.7289,34.879707,4.45486,1026.0607
ru29-20180812T0220,22,2018-08-13T11:34:28Z,8.548553131637412,81.61873262117297,121.98,121.98,17.4702,34.87142,4.52725,1025.8392
ru29-20180812T0220,22,2018-08-13T11:34:28Z,8.548553131637412,81.61873262117297,113.83,113.83,18.8552,34.828682,4.66045,1025.4255
ru29-20180812T0220,22,2018-08-13T11:34:28Z,8.548553131637412,81.61873262117297,106.11,106.11,18.9264,34.84837,4.66962,1025.3885
ru29-20180812T0220,22,2018-08-13T11:34:28Z,8.548553131637412,81.61873262117297,98.35,98.35,19.2793,34.84329,4.70419,1025.26
ru29-20180812T0220,22,2018-08-13T11:34:28Z,8.548553131637412,81.61873262117297,91.86,91.86,20.0673,34.82377,4.7811,1025.0105
ru29-20180812T0220,22,2018-08-13T11:34:28Z,8.548553131637412,81.61873262117297,84.2,84.2,20.8274,34.81153,4.85633,1024.7639
ru29-20180812T0220,22,2018-08-13T11:34:28Z,8.548553131637412,81.61873262117297,76.05,76.05,21.3434,34.786633,4.90536,1024.5685
ru29-20180812T0220,22,2018-08-13T11:34:28Z,8.548553131637412,81.61873262117297,68.55,68.55,21.8076,34.78325,4.95195,1024.4047
ru29-20180812T0220,22,2018-08-13T11:34:28Z,8.548553131637412,81.61873262117297,62.18,62.18,23.0174,34.711082,5.06626,1023.9788
ru29-20180812T0220,22,2018-08-13T11:34:28Z,8.548553131637412,81.61873262117297,56.29,56.29,23.8078,34.681744,5.14342,1023.70056
ru29-20180812T0220,22,2018-08-13T11:34:28Z,8.548553131637412,81.61873262117297,51.72,51.72,24.599,34.592625,5.21293,1023.37775
ru29-20180812T0220,22,2018-08-13T11:34:28Z,8.548553131637412,81.61873262117297,50.35,50.35,24.7421,34.556675,5.22281,1023.3015
ru29-20180812T0220,23,2018-08-14T10:08:10Z,8.308718163719266,81.82005465273534,5.85,5.85,29.0287,33.920414,5.57505,1021.2692
ru29-20180812T0220,23,2018-08-14T10:08:10Z,8.308718163719266,81.82005465273534,17.37,17.37,28.9894,33.916626,5.5709,1021.3288
ru29-20180812T0220,23,2018-08-14T10:08:10Z,8.308718163719266,81.82005465273534,30.43,30.43,28.9351,33.912766,5.56525,1021.3999
ru29-20180812T0220,23,2018-08-14T10:08:10Z,8.308718163719266,81.82005465273534,42.63,42.63,25.6616,34.64221,5.32926,1023.05194
ru29-20180812T0220,23,2018-08-14T10:08:10Z,8.308718163719266,81.82005465273534,52.89,52.89,23.9577,34.701336,5.16131,1023.65643
ru29-20180812T0220,23,2018-08-14T10:08:10Z,8.308718163719266,81.82005465273534,61.95,61.95,22.4973,34.780365,5.02186,1024.1794
ru29-20180812T0220,23,2018-08-14T10:08:10Z,8.308718163719266,81.82005465273534,71.27,71.27,21.3958,34.825916,4.91543,1024.5631
ru29-20180812T0220,23,2018-08-14T10:08:10Z,8.308718163719266,81.82005465273534,80.48,80.48,20.4678,34.853046,4.82479,1024.8763
ru29-20180812T0220,23,2018-08-14T10:08:10Z,8.308718163719266,81.82005465273534,90.55,90.55,19.2473,34.86876,4.70369,1025.2537
ru29-20180812T0220,23,2018-08-14T10:08:10Z,8.308718163719266,81.82005465273534,99.43,99.43,18.4931,34.877483,4.62927,1025.4916
ru29-20180812T0220,23,2018-08-14T10:08:10Z,8.308718163719266,81.82005465273534,108.3,108.3,17.7768,34.894577,4.55994,1025.7218
ru29-20180812T0220,23,2018-08-14T10:08:10Z,8.308718163719266,81.82005465273534,116.83,116.83,16.7193,34.919083,4.4578,1026.0334
ru29-20180812T0220,23,2018-08-14T10:08:10Z,8.308718163719266,81.82005465273534,123.71,123.71,16.3206,34.921062,4.41879,1026.159
ru29-20180812T0220,23,2018-08-14T10:08:10Z,8.308718163719266,81.82005465273534,131.16,131.16,15.9218,34.931805,4.38088,1026.2925
ru29-20180812T0220,23,2018-08-14T10:08:10Z,8.308718163719266,81.82005465273534,139.03,139.03,15.3249,34.949356,4.32432,1026.4766
ru29-20180812T0220,23,2018-08-14T10:08:10Z,8.308718163719266,81.82005465273534,146.66,146.66,15.0624,34.954514,4.29941,1026.573
ru29-20180812T0220,23,2018-08-14T10:08:10Z,8.308718163719266,81.82005465273534,154.37,154.37,13.6781,35.01469,4.17081,1026.953
ru29-20180812T0220,23,2018-08-14T10:08:10Z,8.308718163719266,81.82005465273534,161.19,161.19,13.4212,35.00774,4.14537,1027.0316
ru29-20180812T0220,23,2018-08-14T10:08:10Z,8.308718163719266,81.82005465273534,167.5,167.5,13.134,35.013775,4.11839,1027.1237
ru29-20180812T0220,23,2018-08-14T10:08:10Z,8.308718163719266,81.82005465273534,173.13,173.13,13.0346,35.01151,4.10876,1027.1674
ru29-20180812T0220,23,2018-08-14T10:08:10Z,8.308718163719266,81.82005465273534,179.34,179.34,12.9536,35.013943,4.10144,1027.2134
ru29-20180812T0220,23,2018-08-14T10:08:10Z,8.308718163719266,81.82005465273534,185.63,185.63,12.7201,35.022274,4.07998,1027.2952
ru29-20180812T0220,23,2018-08-14T10:08:10Z,8.308718163719266,81.82005465273534,191.72,191.72,12.6902,35.022385,4.07737,1027.3285
ru29-20180812T0220,23,2018-08-14T10:08:10Z,8.308718163719266,81.82005465273534,198.4,198.4,12.6162,35.022476,4.07052,1027.3732
ru29-20180812T0220,23,2018-08-14T10:08:10Z,8.308718163719266,81.82005465273534,205.06,205.06,12.4454,35.0263,4.05471,1027.4401
ru29-20180812T0220,23,2018-08-14T10:08:10Z,8.308718163719266,81.82005465273534,212.34,212.34,12.3354,35.02991,4.04479,1027.4972
ru29-20180812T0220,23,2018-08-14T10:08:10Z,8.308718163719266,81.82005465273534,219.9,219.9,12.2899,35.027813,4.04052,1027.5383
ru29-20180812T0220,23,2018-08-14T10:08:10Z,8.308718163719266,81.82005465273534,227.15,227.15,12.1949,35.03147,4.03206,1027.5923
ru29-20180812T0220,23,2018-08-14T10:08:10Z,8.308718163719266,81.82005465273534,234.35,234.35,12.0962,35.037308,4.02347,1027.6484
ru29-20180812T0220,23,2018-08-14T10:08:10Z,8.308718163719266,81.82005465273534,241.18,241.18,11.9546,35.04247,4.01067,1027.7106
ru29-20180812T0220,23,2018-08-14T10:08:10Z,8.308718163719266,81.82005465273534,248.76,248.76,11.8879,35.04384,4.00473,1027.7585
ru29-20180812T0220,23,2018-08-14T10:08:10Z,8.308718163719266,81.82005465273534,256.27,256.27,11.8373,35.045326,4.00035,1027.8031
ru29-20180812T0220,23,2018-08-14T10:08:10Z,8.308718163719266,81.82005465273534,263.39,263.39,11.7901,35.04455,3.99605,1027.8435
ru29-20180812T0220,23,2018-08-14T10:08:10Z,8.308718163719266,81.82005465273534,270.9,270.9,11.7398,35.043472,3.99144,1027.886
ru29-20180812T0220,23,2018-08-14T10:08:10Z,8.308718163719266,81.82005465273534,278.38,278.38,11.611,35.0452,3.97958,1027.9456
ru29-20180812T0220,23,2018-08-14T10:08:10Z,8.308718163719266,81.82005465273534,285.58,285.58,11.5155,35.043354,3.97055,1027.9946
ru29-20180812T0220,23,2018-08-14T10:08:10Z,8.308718163719266,81.82005465273534,293.14,293.14,11.3757,35.04102,3.95725,1028.0533
ru29-20180812T0220,23,2018-08-14T10:08:10Z,8.308718163719266,81.82005465273534,300.19,300.19,11.2874,35.038467,3.94885,1028.0997
ru29-20180812T0220,23,2018-08-14T10:08:10Z,8.308718163719266,81.82005465273534,307.43,307.43,11.1442,35.035957,3.93522,1028.1572
ru29-20180812T0220,23,2018-08-14T10:08:10Z,8.308718163719266,81.82005465273534,314.76,314.76,11.1418,35.034504,3.93517,1028.1895
ru29-20180812T0220,23,2018-08-14T10:08:10Z,8.308718163719266,81.82005465273534,322.03,322.03,11.1239,35.031906,3.93352,1028.2233
ru29-20180812T0220,23,2018-08-14T10:08:10Z,8.308718163719266,81.82005465273534,329.82,329.82,10.9859,35.034164,3.92091,1028.2859
ru29-20180812T0220,23,2018-08-14T10:08:10Z,8.308718163719266,81.82005465273534,337.44,337.44,10.9177,35.03348,3.91467,1028.3322
ru29-20180812T0220,23,2018-08-14T10:08:10Z,8.308718163719266,81.82005465273534,344.93,344.93,10.8767,35.033676,3.91111,1028.3735
ru29-20180812T0220,23,2018-08-14T10:08:10Z,8.308718163719266,81.82005465273534,352.25,352.25,10.8404,35.034454,3.90805,1028.4137
ru29-20180812T0220,23,2018-08-14T10:08:10Z,8.308718163719266,81.82005465273534,359.18,359.18,10.748,35.03838,3.89994,1028.465
ru29-20180812T0220,23,2018-08-14T10:08:10Z,8.308718163719266,81.82005465273534,366.72,366.72,10.7105,35.038067,3.89667,1028.5054
ru29-20180812T0220,23,2018-08-14T10:08:10Z,8.308718163719266,81.82005465273534,374.18,374.18,10.545,35.03783,3.88122,1028.5692
ru29-20180812T0220,23,2018-08-14T10:08:10Z,8.308718163719266,81.82005465273534,381.83,381.83,10.5113,35.04123,3.87869,1028.6123
ru29-20180812T0220,23,2018-08-14T10:08:10Z,8.308718163719266,81.82005465273534,389.27,389.27,10.4773,35.047024,3.87636,1028.6564
ru29-20180812T0220,23,2018-08-14T10:08:10Z,8.308718163719266,81.82005465273534,396.31,396.31,10.398,35.062576,3.87067,1028.7145
ru29-20180812T0220,23,2018-08-14T10:08:10Z,8.308718163719266,81.82005465273534,403.92,403.92,10.3644,35.062046,3.86776,1028.7544
ru29-20180812T0220,23,2018-08-14T10:08:10Z,8.308718163719266,81.82005465273534,411.29,411.29,10.3333,35.070652,3.86598,1028.7997
ru29-20180812T0220,23,2018-08-14T10:08:10Z,8.308718163719266,81.82005465273534,418.68,418.68,10.3516,35.079086,3.86888,1028.836
ru29-20180812T0220,23,2018-08-14T10:08:10Z,8.308718163719266,81.82005465273534,425.79,425.79,10.3068,35.07062,3.8641,1028.8695
ru29-20180812T0220,23,2018-08-14T10:08:10Z,8.308718163719266,81.82005465273534,432.6,432.6,10.1265,35.046715,3.84493,1028.9142
ru29-20180812T0220,23,2018-08-14T10:08:10Z,8.308718163719266,81.82005465273534,440.02,440.02,10.0919,35.05092,3.84239,1028.957
ru29-20180812T0220,23,2018-08-14T10:08:10Z,8.308718163719266,81.82005465273534,447.2,447.2,10.0882,35.064804,3.84372,1029.0006
ru29-20180812T0220,23,2018-08-14T10:08:10Z,8.308718163719266,81.82005465273534,454.61,454.61,10.0076,35.058014,3.83574,1029.0431
ru29-20180812T0220,23,2018-08-14T10:08:10Z,8.308718163719266,81.82005465273534,462.13,462.13,9.9568,35.06068,3.83152,1029.088
ru29-20180812T0220,23,2018-08-14T10:08:10Z,8.308718163719266,81.82005465273534,469.33,469.33,10.0148,35.07982,3.83921,1029.1248
ru29-20180812T0220,23,2018-08-14T10:08:10Z,8.308718163719266,81.82005465273534,476.91,476.91,10.011,35.089058,3.84009,1029.1665
ru29-20180812T0220,23,2018-08-14T10:08:10Z,8.308718163719266,81.82005465273534,484.16,484.16,9.9028,35.072052,3.82849,1029.2053
ru29-20180812T0220,23,2018-08-14T10:08:10Z,8.308718163719266,81.82005465273534,491.91,491.91,9.8214,35.06227,3.82017,1029.2471
ru29-20180812T0220,23,2018-08-14T10:08:10Z,8.308718163719266,81.82005465273534,499.62,499.62,9.7472,35.051594,3.81245,1029.2865
ru29-20180812T0220,23,2018-08-14T10:08:10Z,8.308718163719266,81.82005465273534,507.2,507.2,9.695,35.047894,3.80749,1029.327
ru29-20180812T0220,23,2018-08-14T10:08:10Z,8.308718163719266,81.82005465273534,514.93,514.93,9.7013,35.066326,3.81022,1029.3749
ru29-20180812T0220,23,2018-08-14T10:08:10Z,8.308718163719266,81.82005465273534,522.39,522.39,9.6119,35.05809,3.8013,1029.4177
ru29-20180812T0220,23,2018-08-14T10:08:10Z,8.308718163719266,81.82005465273534,530.18,530.18,9.542,35.049297,3.79419,1029.4583
ru29-20180812T0220,23,2018-08-14T10:08:10Z,8.308718163719266,81.82005465273534,538.25,538.25,9.5143,35.045574,3.79157,1029.4965
ru29-20180812T0220,23,2018-08-14T10:08:10Z,8.308718163719266,81.82005465273534,546.29,546.29,9.4862,35.04224,3.78895,1029.5349
ru29-20180812T0220,23,2018-08-14T10:08:10Z,8.308718163719266,81.82005465273534,554.65,554.65,9.3784,35.030495,3.77802,1029.5822
ru29-20180812T0220,23,2018-08-14T10:08:10Z,8.308718163719266,81.82005465273534,562.52,562.52,9.2987,35.029346,3.77075,1029.6306
ru29-20180812T0220,23,2018-08-14T10:08:10Z,8.308718163719266,81.82005465273534,570.79,570.79,9.2376,35.024433,3.76489,1029.6746
ru29-20180812T0220,23,2018-08-14T10:08:10Z,8.308718163719266,81.82005465273534,578.93,578.93,9.1929,35.022736,3.76088,1029.7175
ru29-20180812T0220,23,2018-08-14T10:08:10Z,8.308718163719266,81.82005465273534,586.44,586.44,9.1621,35.019165,3.75797,1029.7538
ru29-20180812T0220,23,2018-08-14T10:08:10Z,8.308718163719266,81.82005465273534,594.23,594.23,9.1304,35.01997,3.75541,1029.7949
ru29-20180812T0220,23,2018-08-14T10:08:10Z,8.308718163719266,81.82005465273534,601.37,601.37,9.0889,35.019516,3.75178,1029.8339
ru29-20180812T0220,23,2018-08-14T10:08:10Z,8.308718163719266,81.82005465273534,608.7,608.7,9.0385,35.01787,3.74721,1029.8741
ru29-20180812T0220,23,2018-08-14T10:08:10Z,8.308718163719266,81.82005465273534,615.73,615.73,8.9944,35.01737,3.74333,1029.913
ru29-20180812T0220,23,2018-08-14T10:08:10Z,8.308718163719266,81.82005465273534,622.55,622.55,8.9601,35.01549,3.74023,1029.948
ru29-20180812T0220,23,2018-08-14T10:08:10Z,8.308718163719266,81.82005465273534,629.79,629.79,8.9207,35.013077,3.73662,1029.9855
ru29-20180812T0220,23,2018-08-14T10:08:10Z,8.308718163719266,81.82005465273534,636.96,636.96,8.8821,35.011883,3.7332,1030.0233
ru29-20180812T0220,23,2018-08-14T10:08:10Z,8.308718163719266,81.82005465273534,644.39,644.39,8.7811,35.00863,3.72375,1030.0715
ru29-20180812T0220,23,2018-08-14T10:08:10Z,8.308718163719266,81.82005465273534,651.87,651.87,8.678,35.008896,3.71445,1030.1229
ru29-20180812T0220,23,2018-08-14T10:08:10Z,8.308718163719266,81.82005465273534,658.83,658.83,8.6367,35.004894,3.71051,1030.1582
ru29-20180812T0220,23,2018-08-14T10:08:10Z,8.308718163719266,81.82005465273534,665.92,665.92,8.612,35.006058,3.70862,1030.1951
ru29-20180812T0220,23,2018-08-14T10:08:10Z,8.308718163719266,81.82005465273534,672.56,672.56,8.5579,35.00867,3.7041,1030.2362
ru29-20180812T0220,23,2018-08-14T10:08:10Z,8.308718163719266,81.82005465273534,679.88,679.88,8.5417,35.00735,3.70278,1030.2708
ru29-20180812T0220,23,2018-08-14T10:08:10Z,8.308718163719266,81.82005465273534,687.35,687.35,8.4943,35.00517,3.69847,1030.3107
ru29-20180812T0220,23,2018-08-14T10:08:10Z,8.308718163719266,81.82005465273534,694.36,694.36,8.4843,35.004307,3.69776,1030.3431
ru29-20180812T0220,23,2018-08-14T10:08:10Z,8.308718163719266,81.82005465273534,701.59,701.59,8.4646,35.002876,3.6961,1030.3778
ru29-20180812T0220,23,2018-08-14T10:08:10Z,8.308718163719266,81.82005465273534,708.62,708.62,8.4066,35.0017,3.69088,1030.4182
ru29-20180812T0220,23,2018-08-14T10:08:10Z,8.308718163719266,81.82005465273534,715.94,715.94,8.389,34.999836,3.68938,1030.4526
ru29-20180812T0220,23,2018-08-14T10:08:10Z,8.308718163719266,81.82005465273534,723.42,723.42,8.3223,34.997787,3.68329,1030.4958
ru29-20180812T0220,23,2018-08-14T10:08:10Z,8.308718163719266,81.82005465273534,730.63,730.63,8.2872,34.998306,3.68038,1030.5345
ru29-20180812T0220,23,2018-08-14T10:08:10Z,8.308718163719266,81.82005465273534,738.41,738.41,8.2823,34.997654,3.6802,1030.5698
ru29-20180812T0220,23,2018-08-14T10:08:10Z,8.308718163719266,81.82005465273534,745.78,745.78,8.266,34.99796,3.67903,1030.606
ru29-20180812T0220,23,2018-08-14T10:08:10Z,8.308718163719266,81.82005465273534,753.32,753.32,8.2457,34.996624,3.67734,1030.6421
ru29-20180812T0220,23,2018-08-14T10:08:10Z,8.308718163719266,81.82005465273534,760.7,760.7,8.2293,34.996704,3.67614,1030.6781
ru29-20180812T0220,23,2018-08-14T10:08:10Z,8.308718163719266,81.82005465273534,767.6,767.6,8.1402,34.991802,3.66768,1030.7202
ru29-20180812T0220,23,2018-08-14T10:08:10Z,8.308718163719266,81.82005465273534,774.83,774.83,8.0574,34.9851,3.65966,1030.7612
ru29-20180812T0220,23,2018-08-14T10:08:10Z,8.308718163719266,81.82005465273534,781.61,781.61,8.0146,34.98143,3.65563,1030.796
ru29-20180812T0220,23,2018-08-14T10:08:10Z,8.308718163719266,81.82005465273534,788.28,788.28,7.9669,34.981262,3.65147,1030.8337
ru29-20180812T0220,23,2018-08-14T10:08:10Z,8.308718163719266,81.82005465273534,795.15,795.15,7.9651,34.97965,3.65145,1030.8636
ru29-20180812T0220,23,2018-08-14T10:08:10Z,8.308718163719266,81.82005465273534,801.71,801.71,7.9658,34.98019,3.65185,1030.8934
ru29-20180812T0220,23,2018-08-14T10:08:10Z,8.308718163719266,81.82005465273534,808.65,808.65,7.9334,34.980614,3.64918,1030.9303
ru29-20180812T0220,23,2018-08-14T10:08:10Z,8.308718163719266,81.82005465273534,815.04,815.04,7.8868,34.97913,3.64499,1030.9656
ru29-20180812T0220,23,2018-08-14T10:08:10Z,8.308718163719266,81.82005465273534,821.62,821.62,7.7985,34.976887,3.63687,1031.0079
ru29-20180812T0220,23,2018-08-14T10:08:10Z,8.308718163719266,81.82005465273534,828.16,828.16,7.7372,34.976055,3.63139,1031.0469
ru29-20180812T0220,23,2018-08-14T10:08:10Z,8.308718163719266,81.82005465273534,834.49,834.49,7.7276,34.973866,3.63057,1031.0752
ru29-20180812T0220,23,2018-08-14T10:08:10Z,8.308718163719266,81.82005465273534,841.21,841.21,7.7076,34.97433,3.62905,1031.109
ru29-20180812T0220,23,2018-08-14T10:08:10Z,8.308718163719266,81.82005465273534,847.53,847.53,7.6847,34.976906,3.62744,1031.1432
ru29-20180812T0220,23,2018-08-14T10:08:10Z,8.308718163719266,81.82005465273534,854.53,854.53,7.6159,34.970036,3.62073,1031.1805
ru29-20180812T0220,23,2018-08-14T10:08:10Z,8.308718163719266,81.82005465273534,861.46,861.46,7.5938,34.967308,3.61873,1031.2131
ru29-20180812T0220,23,2018-08-14T10:08:10Z,8.308718163719266,81.82005465273534,868.02,868.02,7.5498,34.964283,3.61466,1031.2474
ru29-20180812T0220,23,2018-08-14T10:08:10Z,8.308718163719266,81.82005465273534,874.94,874.94,7.4926,34.9627,3.60952,1031.2866
ru29-20180812T0220,23,2018-08-14T10:08:10Z,8.308718163719266,81.82005465273534,881.56,881.56,7.4628,34.963024,3.60708,1031.3215
ru29-20180812T0220,23,2018-08-14T10:08:10Z,8.308718163719266,81.82005465273534,888.07,888.07,7.3805,34.96277,3.59973,1031.364
ru29-20180812T0220,23,2018-08-14T10:08:10Z,8.308718163719266,81.82005465273534,894.77,894.77,7.3258,34.959343,3.59465,1031.4003
ru29-20180812T0220,23,2018-08-14T10:08:10Z,8.308718163719266,81.82005465273534,901.3,901.3,7.3011,34.95868,3.59259,1031.4331
ru29-20180812T0220,23,2018-08-14T10:08:10Z,8.308718163719266,81.82005465273534,908.1,908.1,7.2527,34.963074,3.58882,1031.4749
ru29-20180812T0220,23,2018-08-14T10:08:10Z,8.308718163719266,81.82005465273534,909.87,909.87,7.2499,34.96255,3.58859,1031.4829
ru29-20180812T0220,24,2018-08-14T11:26:31Z,8.301643178351608,81.83598788720528,909.87,909.87,7.2499,34.96255,3.58859,1031.4829
ru29-20180812T0220,24,2018-08-14T11:26:31Z,8.301643178351608,81.83598788720528,906.74,906.74,7.2576,34.96173,3.58909,1031.4669
ru29-20180812T0220,24,2018-08-14T11:26:31Z,8.301643178351608,81.83598788720528,896.58,896.58,7.3216,34.95641,3.59407,1031.4067
ru29-20180812T0220,24,2018-08-14T11:26:31Z,8.301643178351608,81.83598788720528,885.02,885.02,7.3968,34.959686,3.60082,1031.3452
ru29-20180812T0220,24,2018-08-14T11:26:31Z,8.301643178351608,81.83598788720528,872.96,872.96,7.5119,34.95968,3.61094,1031.2722
ru29-20180812T0220,24,2018-08-14T11:26:31Z,8.301643178351608,81.83598788720528,863.28,863.28,7.5706,34.96223,3.61619,1031.2212
ru29-20180812T0220,24,2018-08-14T11:26:31Z,8.301643178351608,81.83598788720528,853.28,853.28,7.628,34.968132,3.62162,1031.1714
ru29-20180812T0220,24,2018-08-14T11:26:31Z,8.301643178351608,81.83598788720528,842.96,842.96,7.7213,34.972336,3.63021,1031.113
ru29-20180812T0220,24,2018-08-14T11:26:31Z,8.301643178351608,81.83598788720528,832.87,832.87,7.7432,34.97251,3.63182,1031.0642
ru29-20180812T0220,24,2018-08-14T11:26:31Z,8.301643178351608,81.83598788720528,822.09,822.09,7.87,34.97447,3.6433,1030.9963
ru29-20180812T0220,24,2018-08-14T11:26:31Z,8.301643178351608,81.83598788720528,811.74,811.74,7.9274,34.977123,3.64843,1030.9424
ru29-20180812T0220,24,2018-08-14T11:26:31Z,8.301643178351608,81.83598788720528,801.06,801.06,7.9621,34.97946,3.65141,1030.8905
ru29-20180812T0220,24,2018-08-14T11:26:31Z,8.301643178351608,81.83598788720528,790.17,790.17,7.9684,34.97911,3.65149,1030.8403
ru29-20180812T0220,24,2018-08-14T11:26:31Z,8.301643178351608,81.83598788720528,779.59,779.59,7.997,34.978374,3.65362,1030.7875
ru29-20180812T0220,24,2018-08-14T11:26:31Z,8.301643178351608,81.83598788720528,768.35,768.35,8.0256,34.979115,3.65586,1030.7328
ru29-20180812T0220,24,2018-08-14T11:26:31Z,8.301643178351608,81.83598788720528,757.77,757.77,8.1777,34.9892,3.6705,1030.6677
ru29-20180812T0220,24,2018-08-14T11:26:31Z,8.301643178351608,81.83598788720528,746.86,746.86,8.2268,34.99367,3.67502,1030.614
ru29-20180812T0220,24,2018-08-14T11:26:31Z,8.301643178351608,81.83598788720528,736.1,736.1,8.2787,34.99464,3.67948,1030.5577
ru29-20180812T0220,24,2018-08-14T11:26:31Z,8.301643178351608,81.83598788720528,726.04,726.04,8.2907,34.99633,3.68032,1030.5118
ru29-20180812T0220,24,2018-08-14T11:26:31Z,8.301643178351608,81.83598788720528,715.94,715.94,8.2984,34.996033,3.68057,1030.465
ru29-20180812T0220,24,2018-08-14T11:26:31Z,8.301643178351608,81.83598788720528,706.52,706.52,8.3647,34.997803,3.68651,1030.4128
ru29-20180812T0220,24,2018-08-14T11:26:31Z,8.301643178351608,81.83598788720528,696.8,696.8,8.403,34.99886,3.68976,1030.3635
ru29-20180812T0220,24,2018-08-14T11:26:31Z,8.301643178351608,81.83598788720528,687.26,687.26,8.4894,35.00149,3.69766,1030.3082
ru29-20180812T0220,24,2018-08-14T11:26:31Z,8.301643178351608,81.83598788720528,678.26,678.26,8.5354,35.003864,3.70179,1030.2618
ru29-20180812T0220,24,2018-08-14T11:26:31Z,8.301643178351608,81.83598788720528,668.78,668.78,8.595,35.00316,3.70688,1030.2086
ru29-20180812T0220,24,2018-08-14T11:26:31Z,8.301643178351608,81.83598788720528,659.68,659.68,8.6229,35.002934,3.70907,1030.1628
ru29-20180812T0220,24,2018-08-14T11:26:31Z,8.301643178351608,81.83598788720528,649.97,649.97,8.6663,35.002876,3.7127,1030.1118
ru29-20180812T0220,24,2018-08-14T11:26:31Z,8.301643178351608,81.83598788720528,640.69,640.69,8.7935,35.004646,3.72437,1030.0497
ru29-20180812T0220,24,2018-08-14T11:26:31Z,8.301643178351608,81.83598788720528,631.86,631.86,8.8778,35.00818,3.73222,1029.9983
ru29-20180812T0220,24,2018-08-14T11:26:31Z,8.301643178351608,81.83598788720528,622.6,622.6,8.9527,35.01102,3.73911,1029.946
ru29-20180812T0220,24,2018-08-14T11:26:31Z,8.301643178351608,81.83598788720528,613.9,613.9,8.9877,35.014122,3.74231,1029.9034
ru29-20180812T0220,24,2018-08-14T11:26:31Z,8.301643178351608,81.83598788720528,604.46,604.46,9.0201,35.0154,3.74506,1029.8564
ru29-20180812T0220,24,2018-08-14T11:26:31Z,8.301643178351608,81.83598788720528,594.93,594.93,9.126,35.016464,3.75469,1029.7961
ru29-20180812T0220,24,2018-08-14T11:26:31Z,8.301643178351608,81.83598788720528,585.78,585.78,9.1566,35.01777,3.75729,1029.7507
ru29-20180812T0220,24,2018-08-14T11:26:31Z,8.301643178351608,81.83598788720528,576.01,576.01,9.2454,35.020042,3.76543,1029.6932
ru29-20180812T0220,24,2018-08-14T11:26:31Z,8.301643178351608,81.83598788720528,566.59,566.59,9.2985,35.027687,3.77075,1029.6476
ru29-20180812T0220,24,2018-08-14T11:26:31Z,8.301643178351608,81.83598788720528,556.81,556.81,9.3416,35.034748,3.77506,1029.6017
ru29-20180812T0220,24,2018-08-14T11:26:31Z,8.301643178351608,81.83598788720528,547.2,547.2,9.4064,35.03545,3.78081,1029.5477
ru29-20180812T0220,24,2018-08-14T11:26:31Z,8.301643178351608,81.83598788720528,537.73,537.73,9.4678,35.03854,3.78648,1029.4968
ru29-20180812T0220,24,2018-08-14T11:26:31Z,8.301643178351608,81.83598788720528,528.07,528.07,9.5262,35.04645,3.79233,1029.4493
ru29-20180812T0220,24,2018-08-14T11:26:31Z,8.301643178351608,81.83598788720528,518.75,518.75,9.6008,35.05468,3.79976,1029.4008
ru29-20180812T0220,24,2018-08-14T11:26:31Z,8.301643178351608,81.83598788720528,506.92,506.92,9.7672,35.06736,3.8162,1029.328
ru29-20180812T0220,24,2018-08-14T11:26:31Z,8.301643178351608,81.83598788720528,495.18,495.18,9.8378,35.06692,3.82232,1029.2623
ru29-20180812T0220,24,2018-08-14T11:26:31Z,8.301643178351608,81.83598788720528,483.81,483.81,9.9208,35.064903,3.82948,1029.195
ru29-20180812T0220,24,2018-08-14T11:26:31Z,8.301643178351608,81.83598788720528,472.06,472.06,9.9918,35.05819,3.83503,1029.1243
ru29-20180812T0220,24,2018-08-14T11:26:31Z,8.301643178351608,81.83598788720528,460.18,460.18,10.0775,35.0638,3.84318,1029.0599
ru29-20180812T0220,24,2018-08-14T11:26:31Z,8.301643178351608,81.83598788720528,448.87,448.87,10.2075,35.078365,3.85645,1028.997
ru29-20180812T0220,24,2018-08-14T11:26:31Z,8.301643178351608,81.83598788720528,437.47,437.47,10.3066,35.06589,3.86413,1028.9182
ru29-20180812T0220,24,2018-08-14T11:26:31Z,8.301643178351608,81.83598788720528,426.26,426.26,10.3593,35.076077,3.86965,1028.8662
ru29-20180812T0220,24,2018-08-14T11:26:31Z,8.301643178351608,81.83598788720528,415.03,415.03,10.4085,35.05705,3.87195,1028.7921
ru29-20180812T0220,24,2018-08-14T11:26:31Z,8.301643178351608,81.83598788720528,403.79,403.79,10.4837,35.04348,3.87726,1028.7174
ru29-20180812T0220,24,2018-08-14T11:26:31Z,8.301643178351608,81.83598788720528,392.51,392.51,10.5419,35.032322,3.88119,1028.6476
ru29-20180812T0220,24,2018-08-14T11:26:31Z,8.301643178351608,81.83598788720528,380.81,380.81,10.6908,35.033073,3.89492,1028.5682
ru29-20180812T0220,24,2018-08-14T11:26:31Z,8.301643178351608,81.83598788720528,369.55,369.55,10.72,35.03435,3.89733,1028.5134
ru29-20180812T0220,24,2018-08-14T11:26:31Z,8.301643178351608,81.83598788720528,357.95,357.95,10.86,35.028732,3.9096,1028.431
ru29-20180812T0220,24,2018-08-14T11:26:31Z,8.301643178351608,81.83598788720528,346.53,346.53,10.9158,35.02877,3.91442,1028.3695
ru29-20180812T0220,24,2018-08-14T11:26:31Z,8.301643178351608,81.83598788720528,335.81,335.81,11.0084,35.028442,3.92275,1028.304
ru29-20180812T0220,24,2018-08-14T11:26:31Z,8.301643178351608,81.83598788720528,324.9,324.9,11.0802,35.029602,3.92924,1028.2426
ru29-20180812T0220,24,2018-08-14T11:26:31Z,8.301643178351608,81.83598788720528,314.14,314.14,11.1518,35.033527,3.936,1028.184
ru29-20180812T0220,24,2018-08-14T11:26:31Z,8.301643178351608,81.83598788720528,303.19,303.19,11.2892,35.033756,3.94868,1028.1091
ru29-20180812T0220,24,2018-08-14T11:26:31Z,8.301643178351608,81.83598788720528,292.35,292.35,11.4176,35.036186,3.96074,1028.0381
ru29-20180812T0220,24,2018-08-14T11:26:31Z,8.301643178351608,81.83598788720528,282.01,282.01,11.4553,35.036156,3.96389,1027.9846
ru29-20180812T0220,24,2018-08-14T11:26:31Z,8.301643178351608,81.83598788720528,271.71,271.71,11.6841,35.03821,3.98559,1027.8962
ru29-20180812T0220,24,2018-08-14T11:26:31Z,8.301643178351608,81.83598788720528,261.47,261.47,11.7472,35.03453,3.99082,1027.8354
ru29-20180812T0220,24,2018-08-14T11:26:31Z,8.301643178351608,81.83598788720528,250.23,250.23,11.9429,35.028442,4.00851,1027.7424
ru29-20180812T0220,24,2018-08-14T11:26:31Z,8.301643178351608,81.83598788720528,238.63,238.63,11.9984,35.029087,4.0134,1027.6803
ru29-20180812T0220,24,2018-08-14T11:26:31Z,8.301643178351608,81.83598788720528,227.14,227.14,12.1583,35.020084,4.02736,1027.5907
ru29-20180812T0220,24,2018-08-14T11:26:31Z,8.301643178351608,81.83598788720528,215.81,215.81,12.3063,35.018612,4.04097,1027.5096
ru29-20180812T0220,24,2018-08-14T11:26:31Z,8.301643178351608,81.83598788720528,204.98,204.98,12.6152,35.012802,4.06971,1027.3953
ru29-20180812T0220,24,2018-08-14T11:26:31Z,8.301643178351608,81.83598788720528,193.79,193.79,12.8103,35.006447,4.08742,1027.3011
ru29-20180812T0220,24,2018-08-14T11:26:31Z,8.301643178351608,81.83598788720528,182.96,182.96,13.0452,35.003746,4.10941,1027.203
ru29-20180812T0220,24,2018-08-14T11:26:31Z,8.301643178351608,81.83598788720528,172.51,172.51,13.2741,34.992413,4.12996,1027.1006
ru29-20180812T0220,24,2018-08-14T11:26:31Z,8.301643178351608,81.83598788720528,161.88,161.88,13.7634,34.97237,4.17494,1026.9358
ru29-20180812T0220,24,2018-08-14T11:26:31Z,8.301643178351608,81.83598788720528,152.18,152.18,15.1049,34.910065,4.29894,1026.5537
ru29-20180812T0220,24,2018-08-14T11:26:31Z,8.301643178351608,81.83598788720528,141.66,141.66,15.4684,34.919804,4.33529,1026.4331
ru29-20180812T0220,24,2018-08-14T11:26:31Z,8.301643178351608,81.83598788720528,131.7,131.7,15.8538,34.909027,4.37164,1026.293
ru29-20180812T0220,24,2018-08-14T11:26:31Z,8.301643178351608,81.83598788720528,123.0,123.0,16.4114,34.906807,4.42614,1026.1237
ru29-20180812T0220,24,2018-08-14T11:26:31Z,8.301643178351608,81.83598788720528,113.43,113.43,16.8801,34.881348,4.46931,1025.9513
ru29-20180812T0220,24,2018-08-14T11:26:31Z,8.301643178351608,81.83598788720528,104.45,104.45,17.984,34.86136,4.5766,1025.6284
ru29-20180812T0220,24,2018-08-14T11:26:31Z,8.301643178351608,81.83598788720528,95.64,95.64,18.574,34.851387,4.63413,1025.4346
ru29-20180812T0220,24,2018-08-14T11:26:31Z,8.301643178351608,81.83598788720528,86.42,86.42,19.3859,34.831234,4.71296,1025.1711
ru29-20180812T0220,24,2018-08-14T11:26:31Z,8.301643178351608,81.83598788720528,78.27,78.27,19.9595,34.827568,4.77007,1024.9827
ru29-20180812T0220,24,2018-08-14T11:26:31Z,8.301643178351608,81.83598788720528,70.3,70.3,20.8101,34.802345,4.85283,1024.7012
ru29-20180812T0220,24,2018-08-14T11:26:31Z,8.301643178351608,81.83598788720528,62.99,62.99,22.0706,34.750477,4.97441,1024.282
ru29-20180812T0220,24,2018-08-14T11:26:31Z,8.301643178351608,81.83598788720528,56.55,56.55,22.6717,34.72932,5.03293,1024.0676
ru29-20180812T0220,24,2018-08-14T11:26:31Z,8.301643178351608,81.83598788720528,51.07,51.07,23.5534,34.667526,5.11515,1023.74194
ru29-20180812T0220,24,2018-08-14T11:26:31Z,8.301643178351608,81.83598788720528,49.37,49.37,23.7939,34.668526,5.13995,1023.66473
ru29-20180812T0220,25,2018-08-14T18:27:38Z,8.26045518523199,81.92437254277458,4.58,4.58,28.7526,33.755943,5.5225,1021.23206
ru29-20180812T0220,25,2018-08-14T18:27:38Z,8.26045518523199,81.92437254277458,15.46,15.46,28.7683,33.755707,5.52453,1021.2733
ru29-20180812T0220,25,2018-08-14T18:27:38Z,8.26045518523199,81.92437254277458,28.45,28.45,28.7754,33.755054,5.5257,1021.3261
ru29-20180812T0220,25,2018-08-14T18:27:38Z,8.26045518523199,81.92437254277458,40.72,40.72,25.2914,34.749733,5.30536,1023.2388
ru29-20180812T0220,25,2018-08-14T18:27:38Z,8.26045518523199,81.92437254277458,50.84,50.84,24.2478,34.791183,5.20311,1023.62933
ru29-20180812T0220,25,2018-08-14T18:27:38Z,8.26045518523199,81.92437254277458,62.37,62.37,22.7506,34.814587,5.05228,1024.1349
ru29-20180812T0220,25,2018-08-14T18:27:38Z,8.26045518523199,81.92437254277458,72.64,72.64,21.0536,34.853996,4.88413,1024.6844
ru29-20180812T0220,25,2018-08-14T18:27:38Z,8.26045518523199,81.92437254277458,82.37,82.37,19.7599,34.871128,4.75537,1025.0863
ru29-20180812T0220,25,2018-08-14T18:27:38Z,8.26045518523199,81.92437254277458,91.53,91.53,19.037,34.874023,4.68318,1025.316
ru29-20180812T0220,25,2018-08-14T18:27:38Z,8.26045518523199,81.92437254277458,100.47,100.47,18.577,34.87979,4.63801,1025.4767
ru29-20180812T0220,25,2018-08-14T18:27:38Z,8.26045518523199,81.92437254277458,109.6,109.6,17.9121,34.892242,4.57325,1025.6924
ru29-20180812T0220,25,2018-08-14T18:27:38Z,8.26045518523199,81.92437254277458,118.0,118.0,17.4956,34.894306,4.53226,1025.833
ru29-20180812T0220,25,2018-08-14T18:27:38Z,8.26045518523199,81.92437254277458,125.89,125.89,16.9402,34.90583,4.47863,1026.0106
ru29-20180812T0220,25,2018-08-14T18:27:38Z,8.26045518523199,81.92437254277458,132.55,132.55,16.5708,34.913338,4.4431,1026.1333
ru29-20180812T0220,25,2018-08-14T18:27:38Z,8.26045518523199,81.92437254277458,138.36,138.36,15.6365,34.954086,4.35552,1026.4067
ru29-20180812T0220,25,2018-08-14T18:27:38Z,8.26045518523199,81.92437254277458,144.0,144.0,15.0158,34.96085,4.29541,1026.5764
ru29-20180812T0220,25,2018-08-14T18:27:38Z,8.26045518523199,81.92437254277458,149.37,149.37,14.9196,34.954372,4.28549,1026.6166
ru29-20180812T0220,25,2018-08-14T18:27:38Z,8.26045518523199,81.92437254277458,155.44,155.44,14.3842,34.98242,4.23634,1026.7822
ru29-20180812T0220,25,2018-08-14T18:27:38Z,8.26045518523199,81.92437254277458,162.41,162.41,14.0661,34.988407,4.2062,1026.8862
ru29-20180812T0220,25,2018-08-14T18:27:38Z,8.26045518523199,81.92437254277458,169.69,169.69,13.534,35.008495,4.1568,1027.0465
ru29-20180812T0220,25,2018-08-14T18:27:38Z,8.26045518523199,81.92437254277458,176.83,176.83,13.2368,35.00435,4.12779,1027.1368
ru29-20180812T0220,25,2018-08-14T18:27:38Z,8.26045518523199,81.92437254277458,183.86,183.86,13.1475,35.009052,4.11993,1027.1901
ru29-20180812T0220,25,2018-08-14T18:27:38Z,8.26045518523199,81.92437254277458,190.9,190.9,13.0396,35.011936,4.11008,1027.2458
ru29-20180812T0220,25,2018-08-14T18:27:38Z,8.26045518523199,81.92437254277458,197.75,197.75,12.9387,35.00817,4.10021,1027.294
ru29-20180812T0220,25,2018-08-14T18:27:38Z,8.26045518523199,81.92437254277458,203.95,203.95,12.8038,35.0159,4.08823,1027.355
ru29-20180812T0220,25,2018-08-14T18:27:38Z,8.26045518523199,81.92437254277458,210.22,210.22,12.6124,35.02153,4.07058,1027.4259
ru29-20180812T0220,25,2018-08-14T18:27:38Z,8.26045518523199,81.92437254277458,215.52,215.52,12.517,35.022335,4.06168,1027.4694
ru29-20180812T0220,25,2018-08-14T18:27:38Z,8.26045518523199,81.92437254277458,220.7,220.7,12.418,35.029774,4.05312,1027.518
ru29-20180812T0220,25,2018-08-14T18:27:38Z,8.26045518523199,81.92437254277458,225.88,225.88,12.3181,35.026882,4.04341,1027.5587
ru29-20180812T0220,25,2018-08-14T18:27:38Z,8.26045518523199,81.92437254277458,230.75,230.75,12.2273,35.0262,4.0348,1027.5979
ru29-20180812T0220,25,2018-08-14T18:27:38Z,8.26045518523199,81.92437254277458,235.56,235.56,12.0211,35.034462,4.016,1027.6663
ru29-20180812T0220,25,2018-08-14T18:27:38Z,8.26045518523199,81.92437254277458,240.13,240.13,11.9521,35.03541,4.00966,1027.7009
ru29-20180812T0220,25,2018-08-14T18:27:38Z,8.26045518523199,81.92437254277458,245.47,245.47,11.8093,35.03722,3.99635,1027.754
ru29-20180812T0220,25,2018-08-14T18:27:38Z,8.26045518523199,81.92437254277458,251.29,251.29,11.7464,35.03433,3.99027,1027.7899
ru29-20180812T0220,25,2018-08-14T18:27:38Z,8.26045518523199,81.92437254277458,257.37,257.37,11.6806,35.03579,3.98437,1027.8309
ru29-20180812T0220,25,2018-08-14T18:27:38Z,8.26045518523199,81.92437254277458,264.17,264.17,11.6051,35.032978,3.97714,1027.8737
ru29-20180812T0220,25,2018-08-14T18:27:38Z,8.26045518523199,81.92437254277458,270.88,270.88,11.5676,35.03504,3.97405,1027.9125
ru29-20180812T0220,25,2018-08-14T18:27:38Z,8.26045518523199,81.92437254277458,277.63,277.63,11.5276,35.03934,3.97095,1027.9537
ru29-20180812T0220,25,2018-08-14T18:27:38Z,8.26045518523199,81.92437254277458,284.58,284.58,11.4266,35.04086,3.96173,1028.0052
ru29-20180812T0220,25,2018-08-14T18:27:38Z,8.26045518523199,81.92437254277458,291.44,291.44,11.3813,35.03775,3.95738,1028.0422
ru29-20180812T0220,25,2018-08-14T18:27:38Z,8.26045518523199,81.92437254277458,298.67,298.67,11.3166,35.036606,3.95139,1028.0859
ru29-20180812T0220,25,2018-08-14T18:27:38Z,8.26045518523199,81.92437254277458,305.44,305.44,11.2963,35.035347,3.94962,1028.1191
ru29-20180812T0220,25,2018-08-14T18:27:38Z,8.26045518523199,81.92437254277458,314.01,314.01,11.2082,35.034348,3.94147,1028.1733
ru29-20180812T0220,25,2018-08-14T18:27:38Z,8.26045518523199,81.92437254277458,322.47,322.47,11.1199,35.03462,3.93343,1028.2281
ru29-20180812T0220,25,2018-08-14T18:27:38Z,8.26045518523199,81.92437254277458,330.54,330.54,11.0637,35.033745,3.92833,1028.2742
ru29-20180812T0220,25,2018-08-14T18:27:38Z,8.26045518523199,81.92437254277458,339.45,339.45,10.9725,35.035385,3.92018,1028.3324
ru29-20180812T0220,25,2018-08-14T18:27:38Z,8.26045518523199,81.92437254277458,347.8,347.8,10.9153,35.037075,3.91526,1028.3818
ru29-20180812T0220,25,2018-08-14T18:27:38Z,8.26045518523199,81.92437254277458,356.03,356.03,10.9021,35.037327,3.91439,1028.4213
ru29-20180812T0220,25,2018-08-14T18:27:38Z,8.26045518523199,81.92437254277458,363.98,363.98,10.8597,35.038754,3.91084,1028.466
ru29-20180812T0220,25,2018-08-14T18:27:38Z,8.26045518523199,81.92437254277458,371.44,371.44,10.762,35.038204,3.9018,1028.5171
ru29-20180812T0220,25,2018-08-14T18:27:38Z,8.26045518523199,81.92437254277458,378.94,378.94,10.6434,35.04078,3.89109,1028.5746
ru29-20180812T0220,25,2018-08-14T18:27:38Z,8.26045518523199,81.92437254277458,386.54,386.54,10.5991,35.04361,3.88749,1028.619
ru29-20180812T0220,25,2018-08-14T18:27:38Z,8.26045518523199,81.92437254277458,393.49,393.49,10.5562,35.05656,3.885,1028.6682
ru29-20180812T0220,25,2018-08-14T18:27:38Z,8.26045518523199,81.92437254277458,400.5,400.5,10.5355,35.05999,3.88368,1028.706
ru29-20180812T0220,25,2018-08-14T18:27:38Z,8.26045518523199,81.92437254277458,407.32,407.32,10.4361,35.05469,3.874,1028.7507
ru29-20180812T0220,25,2018-08-14T18:27:38Z,8.26045518523199,81.92437254277458,414.89,414.89,10.2957,35.04323,3.85986,1028.8014
ru29-20180812T0220,25,2018-08-14T18:27:38Z,8.26045518523199,81.92437254277458,422.31,422.31,10.2358,35.041893,3.85437,1028.8445
ru29-20180812T0220,25,2018-08-14T18:27:38Z,8.26045518523199,81.92437254277458,429.36,429.36,10.1853,35.039963,3.8497,1028.8838
ru29-20180812T0220,25,2018-08-14T18:27:38Z,8.26045518523199,81.92437254277458,436.67,436.67,10.1063,35.037914,3.84233,1028.9292
ru29-20180812T0220,25,2018-08-14T18:27:38Z,8.26045518523199,81.92437254277458,443.69,443.69,10.0533,35.036316,3.83746,1028.969
ru29-20180812T0220,25,2018-08-14T18:27:38Z,8.26045518523199,81.92437254277458,451.26,451.26,10.0095,35.035652,3.83358,1029.0104
ru29-20180812T0220,25,2018-08-14T18:27:38Z,8.26045518523199,81.92437254277458,458.98,458.98,9.9795,35.03627,3.83114,1029.0508
ru29-20180812T0220,25,2018-08-14T18:27:38Z,8.26045518523199,81.92437254277458,466.12,466.12,9.9159,35.03684,3.82549,1029.0947
ru29-20180812T0220,25,2018-08-14T18:27:38Z,8.26045518523199,81.92437254277458,473.66,473.66,9.9774,35.065372,3.83444,1029.1396
ru29-20180812T0220,25,2018-08-14T18:27:38Z,8.26045518523199,81.92437254277458,480.69,480.69,9.9252,35.061337,3.82941,1029.1774
ru29-20180812T0220,25,2018-08-14T18:27:38Z,8.26045518523199,81.92437254277458,488.01,488.01,9.8957,35.056435,3.82646,1029.2117
ru29-20180812T0220,25,2018-08-14T18:27:38Z,8.26045518523199,81.92437254277458,495.55,495.55,9.8246,35.052303,3.81966,1029.255
ru29-20180812T0220,25,2018-08-14T18:27:38Z,8.26045518523199,81.92437254277458,502.66,502.66,9.7678,35.046036,3.81399,1029.2922
ru29-20180812T0220,25,2018-08-14T18:27:38Z,8.26045518523199,81.92437254277458,510.07,510.07,9.6903,35.045612,3.80695,1029.3389
ru29-20180812T0220,25,2018-08-14T18:27:38Z,8.26045518523199,81.92437254277458,517.21,517.21,9.6261,35.039436,3.8006,1029.3776
ru29-20180812T0220,25,2018-08-14T18:27:38Z,8.26045518523199,81.92437254277458,524.97,524.97,9.6011,35.041893,3.79882,1029.4187
ru29-20180812T0220,25,2018-08-14T18:27:38Z,8.26045518523199,81.92437254277458,532.35,532.35,9.6314,35.05202,3.80299,1029.4542
ru29-20180812T0220,25,2018-08-14T18:27:38Z,8.26045518523199,81.92437254277458,539.45,539.45,9.6291,35.05125,3.80301,1029.4858
ru29-20180812T0220,25,2018-08-14T18:27:38Z,8.26045518523199,81.92437254277458,546.74,546.74,9.6125,35.046795,3.80133,1029.5181
ru29-20180812T0220,25,2018-08-14T18:27:38Z,8.26045518523199,81.92437254277458,554.0,554.0,9.557,35.044426,3.79618,1029.5586
ru29-20180812T0220,25,2018-08-14T18:27:38Z,8.26045518523199,81.92437254277458,561.74,561.74,9.5453,35.054363,3.79638,1029.603
ru29-20180812T0220,25,2018-08-14T18:27:38Z,8.26045518523199,81.92437254277458,569.3,569.3,9.4745,35.049187,3.78953,1029.6455
ru29-20180812T0220,25,2018-08-14T18:27:38Z,8.26045518523199,81.92437254277458,576.64,576.64,9.4283,35.04799,3.78538,1029.6857
ru29-20180812T0220,25,2018-08-14T18:27:38Z,8.26045518523199,81.92437254277458,584.49,584.49,9.3545,35.041893,3.77818,1029.7291
ru29-20180812T0220,25,2018-08-14T18:27:38Z,8.26045518523199,81.92437254277458,592.08,592.08,9.2972,35.03799,3.77274,1029.7701
ru29-20180812T0220,25,2018-08-14T18:27:38Z,8.26045518523199,81.92437254277458,600.22,600.22,9.262,35.036816,3.76967,1029.8119
ru29-20180812T0220,25,2018-08-14T18:27:38Z,8.26045518523199,81.92437254277458,608.03,608.03,9.222,35.036625,3.76623,1029.8538
ru29-20180812T0220,25,2018-08-14T18:27:38Z,8.26045518523199,81.92437254277458,615.73,615.73,9.1662,35.032482,3.76092,1029.8949
ru29-20180812T0220,25,2018-08-14T18:27:38Z,8.26045518523199,81.92437254277458,623.7,623.7,9.0714,35.02645,3.75178,1029.9424
ru29-20180812T0220,25,2018-08-14T18:27:38Z,8.26045518523199,81.92437254277458,631.4,631.4,9.0057,35.021473,3.74547,1029.9845
ru29-20180812T0220,25,2018-08-14T18:27:38Z,8.26045518523199,81.92437254277458,639.59,639.59,8.9817,35.018494,3.74329,1030.0231
ru29-20180812T0220,25,2018-08-14T18:27:38Z,8.26045518523199,81.92437254277458,647.6,647.6,8.9258,35.01509,3.73807,1030.066
ru29-20180812T0220,25,2018-08-14T18:27:38Z,8.26045518523199,81.92437254277458,655.22,655.22,8.8654,35.013737,3.73261,1030.1096
ru29-20180812T0220,25,2018-08-14T18:27:38Z,8.26045518523199,81.92437254277458,662.94,662.94,8.8558,35.0123,3.73191,1030.1448
ru29-20180812T0220,25,2018-08-14T18:27:38Z,8.26045518523199,81.92437254277458,670.26,670.26,8.8498,35.012955,3.73173,1030.1792
ru29-20180812T0220,25,2018-08-14T18:27:38Z,8.26045518523199,81.92437254277458,677.88,677.88,8.8468,35.013466,3.73183,1030.2142
ru29-20180812T0220,25,2018-08-14T18:27:38Z,8.26045518523199,81.92437254277458,685.26,685.26,8.8023,35.016273,3.72825,1030.2572
ru29-20180812T0220,25,2018-08-14T18:27:38Z,8.26045518523199,81.92437254277458,692.18,692.18,8.6804,35.01263,3.71679,1030.3064
ru29-20180812T0220,25,2018-08-14T18:27:38Z,8.26045518523199,81.92437254277458,699.5,699.5,8.6414,35.00758,3.71298,1030.3419
ru29-20180812T0220,25,2018-08-14T18:27:38Z,8.26045518523199,81.92437254277458,706.63,706.63,8.6378,35.00691,3.71289,1030.374
ru29-20180812T0220,25,2018-08-14T18:27:38Z,8.26045518523199,81.92437254277458,714.04,714.04,8.6328,35.006435,3.7127,1030.4077
ru29-20180812T0220,25,2018-08-14T18:27:38Z,8.26045518523199,81.92437254277458,721.55,721.55,8.6151,35.00705,3.71143,1030.445
ru29-20180812T0220,25,2018-08-14T18:27:38Z,8.26045518523199,81.92437254277458,728.73,728.73,8.5791,35.007088,3.70838,1030.4833
ru29-20180812T0220,25,2018-08-14T18:27:38Z,8.26045518523199,81.92437254277458,736.19,736.19,8.5349,35.006634,3.70453,1030.524
ru29-20180812T0220,25,2018-08-14T18:27:38Z,8.26045518523199,81.92437254277458,743.48,743.48,8.5258,35.004665,3.70381,1030.5568
ru29-20180812T0220,25,2018-08-14T18:27:38Z,8.26045518523199,81.92437254277458,751.04,751.04,8.5144,35.00505,3.70311,1030.5929
ru29-20180812T0220,25,2018-08-14T18:27:38Z,8.26045518523199,81.92437254277458,758.59,758.59,8.5046,35.00323,3.70235,1030.627
ru29-20180812T0220,25,2018-08-14T18:27:38Z,8.26045518523199,81.92437254277458,765.84,765.84,8.4671,35.00384,3.69922,1030.6664
ru29-20180812T0220,25,2018-08-14T18:27:38Z,8.26045518523199,81.92437254277458,773.17,773.17,8.4237,35.002193,3.69533,1030.7053
ru29-20180812T0220,25,2018-08-14T18:27:38Z,8.26045518523199,81.92437254277458,780.11,780.11,8.3917,35.001194,3.69255,1030.7411
ru29-20180812T0220,25,2018-08-14T18:27:38Z,8.26045518523199,81.92437254277458,787.3,787.3,8.3417,35.001755,3.68825,1030.7823
ru29-20180812T0220,25,2018-08-14T18:27:38Z,8.26045518523199,81.92437254277458,794.35,794.35,8.2925,34.995636,3.68339,1030.8175
ru29-20180812T0220,25,2018-08-14T18:27:38Z,8.26045518523199,81.92437254277458,800.92,800.92,8.2415,34.99032,3.67842,1030.8514
ru29-20180812T0220,25,2018-08-14T18:27:38Z,8.26045518523199,81.92437254277458,807.61,807.61,8.147,34.985863,3.66949,1030.8939
ru29-20180812T0220,25,2018-08-14T18:27:38Z,8.26045518523199,81.92437254277458,814.14,814.14,8.0492,34.980816,3.6602,1030.9358
ru29-20180812T0220,25,2018-08-14T18:27:38Z,8.26045518523199,81.92437254277458,820.74,820.74,8.0192,34.979897,3.65761,1030.9697
ru29-20180812T0220,25,2018-08-14T18:27:38Z,8.26045518523199,81.92437254277458,827.23,827.23,7.9687,34.980034,3.65321,1031.0073
ru29-20180812T0220,25,2018-08-14T18:27:38Z,8.26045518523199,81.92437254277458,833.35,833.35,7.9593,34.979485,3.65255,1031.036
ru29-20180812T0220,25,2018-08-14T18:27:38Z,8.26045518523199,81.92437254277458,839.66,839.66,7.9021,34.98013,3.64757,1031.0743
ru29-20180812T0220,25,2018-08-14T18:27:38Z,8.26045518523199,81.92437254277458,845.72,845.72,7.8236,34.979225,3.64046,1031.1139
ru29-20180812T0220,25,2018-08-14T18:27:38Z,8.26045518523199,81.92437254277458,851.77,851.77,7.8036,34.977127,3.63867,1031.1427
ru29-20180812T0220,25,2018-08-14T18:27:38Z,8.26045518523199,81.92437254277458,857.8,857.8,7.7853,34.974525,3.63699,1031.1708
ru29-20180812T0220,25,2018-08-14T18:27:38Z,8.26045518523199,81.92437254277458,863.62,863.62,7.7617,34.973316,3.63494,1031.1998
ru29-20180812T0220,25,2018-08-14T18:27:38Z,8.26045518523199,81.92437254277458,869.48,869.48,7.723,34.97316,3.63159,1031.2324
ru29-20180812T0220,25,2018-08-14T18:27:38Z,8.26045518523199,81.92437254277458,875.02,875.02,7.7186,34.974648,3.63156,1031.2592
ru29-20180812T0220,25,2018-08-14T18:27:38Z,8.26045518523199,81.92437254277458,880.79,880.79,7.6822,34.975452,3.62851,1031.2917
ru29-20180812T0220,25,2018-08-14T18:27:38Z,8.26045518523199,81.92437254277458,886.54,886.54,7.6647,34.97592,3.62718,1031.3208
ru29-20180812T0220,25,2018-08-14T18:27:38Z,8.26045518523199,81.92437254277458,892.01,892.01,7.5596,34.976765,3.61776,1031.3633
ru29-20180812T0220,25,2018-08-14T18:27:38Z,8.26045518523199,81.92437254277458,897.98,897.98,7.5111,34.97128,3.61302,1031.3938
ru29-20180812T0220,25,2018-08-14T18:27:38Z,8.26045518523199,81.92437254277458,903.38,903.38,7.3911,34.967426,3.6018,1031.4347
ru29-20180812T0220,25,2018-08-14T18:27:38Z,8.26045518523199,81.92437254277458,908.6,908.6,7.311,34.96043,3.59398,1031.4657
ru29-20180812T0220,26,2018-08-14T19:47:06Z,8.252695315624793,81.94255767433027,908.6,908.6,7.311,34.96043,3.59398,1031.4657
ru29-20180812T0220,26,2018-08-14T19:47:06Z,8.252695315624793,81.94255767433027,908.44,908.44,7.3151,34.96041,3.59435,1031.4642
ru29-20180812T0220,26,2018-08-14T19:47:06Z,8.252695315624793,81.94255767433027,903.45,903.45,7.3573,34.96201,3.59818,1031.4363
ru29-20180812T0220,26,2018-08-14T19:47:06Z,8.252695315624793,81.94255767433027,892.13,892.13,7.5383,34.96443,3.61465,1031.3578
ru29-20180812T0220,26,2018-08-14T19:47:06Z,8.252695315624793,81.94255767433027,880.18,880.18,7.6604,34.970573,3.62601,1031.2888
ru29-20180812T0220,26,2018-08-14T19:47:06Z,8.252695315624793,81.94255767433027,867.72,867.72,7.6904,34.973133,3.62849,1031.2299
ru29-20180812T0220,26,2018-08-14T19:47:06Z,8.252695315624793,81.94255767433027,855.46,855.46,7.7213,34.97051,3.63058,1031.1677
ru29-20180812T0220,26,2018-08-14T19:47:06Z,8.252695315624793,81.94255767433027,843.19,843.19,7.7909,34.97519,3.63694,1031.1047
ru29-20180812T0220,26,2018-08-14T19:47:06Z,8.252695315624793,81.94255767433027,831.44,831.44,7.8103,34.977425,3.63844,1031.0505
ru29-20180812T0220,26,2018-08-14T19:47:06Z,8.252695315624793,81.94255767433027,820.22,820.22,7.9055,34.97687,3.64674,1030.984
ru29-20180812T0220,26,2018-08-14T19:47:06Z,8.252695315624793,81.94255767433027,808.68,808.68,7.9589,34.977295,3.65124,1030.9236
ru29-20180812T0220,26,2018-08-14T19:47:06Z,8.252695315624793,81.94255767433027,797.53,797.53,8.06,34.978104,3.66023,1030.8573
ru29-20180812T0220,26,2018-08-14T19:47:06Z,8.252695315624793,81.94255767433027,786.01,786.01,8.0877,34.980587,3.66254,1030.8029
ru29-20180812T0220,26,2018-08-14T19:47:06Z,8.252695315624793,81.94255767433027,774.34,774.34,8.2776,34.9868,3.6803,1030.7234
ru29-20180812T0220,26,2018-08-14T19:47:06Z,8.252695315624793,81.94255767433027,763.05,763.05,8.3386,34.996265,3.68639,1030.6698
ru29-20180812T0220,26,2018-08-14T19:47:06Z,8.252695315624793,81.94255767433027,751.53,751.53,8.4158,34.997936,3.69325,1030.6063
ru29-20180812T0220,26,2018-08-14T19:47:06Z,8.252695315624793,81.94255767433027,740.49,740.49,8.4893,35.00055,3.69988,1030.5464
ru29-20180812T0220,26,2018-08-14T19:47:06Z,8.252695315624793,81.94255767433027,728.85,728.85,8.5401,35.00298,3.70435,1030.4873
ru29-20180812T0220,26,2018-08-14T19:47:06Z,8.252695315624793,81.94255767433027,717.41,717.41,8.6328,35.003628,3.71258,1030.4207
ru29-20180812T0220,26,2018-08-14T19:47:06Z,8.252695315624793,81.94255767433027,706.36,706.36,8.6353,35.005917,3.71255,1030.3724
ru29-20180812T0220,26,2018-08-14T19:47:06Z,8.252695315624793,81.94255767433027,694.87,694.87,8.7065,35.008743,3.71898,1030.3109
ru29-20180812T0220,26,2018-08-14T19:47:06Z,8.252695315624793,81.94255767433027,683.89,683.89,8.7621,35.010876,3.72391,1030.2538
ru29-20180812T0220,26,2018-08-14T19:47:06Z,8.252695315624793,81.94255767433027,672.38,672.38,8.832,35.011234,3.72999,1030.1904
ru29-20180812T0220,26,2018-08-14T19:47:06Z,8.252695315624793,81.94255767433027,660.51,660.51,8.8758,35.01315,3.73376,1030.1311
ru29-20180812T0220,26,2018-08-14T19:47:06Z,8.252695315624793,81.94255767433027,649.01,649.01,8.8992,35.01251,3.73539,1030.075
ru29-20180812T0220,26,2018-08-14T19:47:06Z,8.252695315624793,81.94255767433027,636.71,636.71,9.0086,35.02028,3.74586,1030.0068
ru29-20180812T0220,26,2018-08-14T19:47:06Z,8.252695315624793,81.94255767433027,625.12,625.12,9.0832,35.023426,3.75266,1029.9443
ru29-20180812T0220,26,2018-08-14T19:47:06Z,8.252695315624793,81.94255767433027,612.97,612.97,9.1883,35.028355,3.76248,1029.8754
ru29-20180812T0220,26,2018-08-14T19:47:06Z,8.252695315624793,81.94255767433027,601.01,601.01,9.2734,35.03487,3.77059,1029.8119
ru29-20180812T0220,26,2018-08-14T19:47:06Z,8.252695315624793,81.94255767433027,589.91,589.91,9.3706,35.038017,3.77956,1029.7476
ru29-20180812T0220,26,2018-08-14T19:47:06Z,8.252695315624793,81.94255767433027,578.38,578.38,9.5211,35.04543,3.79396,1029.6749
ru29-20180812T0220,26,2018-08-14T19:47:06Z,8.252695315624793,81.94255767433027,567.0,567.0,9.4929,35.041092,3.79038,1029.6256
ru29-20180812T0220,26,2018-08-14T19:47:06Z,8.252695315624793,81.94255767433027,556.44,556.44,9.5831,35.04988,3.79928,1029.5691
ru29-20180812T0220,26,2018-08-14T19:47:06Z,8.252695315624793,81.94255767433027,545.17,545.17,9.5857,35.049877,3.79903,1029.5182
ru29-20180812T0220,26,2018-08-14T19:47:06Z,8.252695315624793,81.94255767433027,534.47,534.47,9.5781,35.043262,3.7972,1029.4664
ru29-20180812T0220,26,2018-08-14T19:47:06Z,8.252695315624793,81.94255767433027,523.45,523.45,9.5745,35.03095,3.79518,1029.4081
ru29-20180812T0220,26,2018-08-14T19:47:06Z,8.252695315624793,81.94255767433027,512.62,512.62,9.6918,35.039303,3.80659,1029.3451
ru29-20180812T0220,26,2018-08-14T19:47:06Z,8.252695315624793,81.94255767433027,502.08,502.08,9.8321,35.05008,3.82044,1029.2812
ru29-20180812T0220,26,2018-08-14T19:47:06Z,8.252695315624793,81.94255767433027,491.2,491.2,9.8877,35.056606,3.82586,1029.2275
ru29-20180812T0220,26,2018-08-14T19:47:06Z,8.252695315624793,81.94255767433027,480.56,480.56,9.9404,35.06007,3.83072,1029.1731
ru29-20180812T0220,26,2018-08-14T19:47:06Z,8.252695315624793,81.94255767433027,469.59,469.59,9.9199,35.034267,3.82577,1029.1075
ru29-20180812T0220,26,2018-08-14T19:47:06Z,8.252695315624793,81.94255767433027,458.65,458.65,9.9946,35.032337,3.83217,1029.0436
ru29-20180812T0220,26,2018-08-14T19:47:06Z,8.252695315624793,81.94255767433027,448.38,448.38,10.0751,35.033943,3.8395,1028.9843
ru29-20180812T0220,26,2018-08-14T19:47:06Z,8.252695315624793,81.94255767433027,437.56,437.56,10.1272,35.03516,3.84408,1028.9274
ru29-20180812T0220,26,2018-08-14T19:47:06Z,8.252695315624793,81.94255767433027,427.36,427.36,10.1944,35.035954,3.85008,1028.87
ru29-20180812T0220,26,2018-08-14T19:47:06Z,8.252695315624793,81.94255767433027,416.74,416.74,10.2341,35.03659,3.85344,1028.8158
ru29-20180812T0220,26,2018-08-14T19:47:06Z,8.252695315624793,81.94255767433027,406.17,406.17,10.3264,35.038265,3.8619,1028.7529
ru29-20180812T0220,26,2018-08-14T19:47:06Z,8.252695315624793,81.94255767433027,396.54,396.54,10.4432,35.041782,3.87292,1028.6912
ru29-20180812T0220,26,2018-08-14T19:47:06Z,8.252695315624793,81.94255767433027,386.12,386.12,10.5167,35.05218,3.88048,1028.639
ru29-20180812T0220,26,2018-08-14T19:47:06Z,8.252695315624793,81.94255767433027,375.97,375.97,10.601,35.038548,3.8867,1028.5674
ru29-20180812T0220,26,2018-08-14T19:47:06Z,8.252695315624793,81.94255767433027,365.46,365.46,10.6752,35.03524,3.89297,1028.5042
ru29-20180812T0220,26,2018-08-14T19:47:06Z,8.252695315624793,81.94255767433027,355.13,355.13,10.8844,35.03231,3.91216,1028.4166
ru29-20180812T0220,26,2018-08-14T19:47:06Z,8.252695315624793,81.94255767433027,344.35,344.35,10.9384,35.031067,3.91671,1028.3573
ru29-20180812T0220,26,2018-08-14T19:47:06Z,8.252695315624793,81.94255767433027,333.64,333.64,11.019,35.02898,3.92372,1028.2927
ru29-20180812T0220,26,2018-08-14T19:47:06Z,8.252695315624793,81.94255767433027,323.34,323.34,11.109,35.03017,3.93198,1028.2306
ru29-20180812T0220,26,2018-08-14T19:47:06Z,8.252695315624793,81.94255767433027,312.63,312.63,11.2768,35.02987,3.94752,1028.1508
ru29-20180812T0220,26,2018-08-14T19:47:06Z,8.252695315624793,81.94255767433027,302.97,302.97,11.3383,35.03227,3.95322,1028.0977
ru29-20180812T0220,26,2018-08-14T19:47:06Z,8.252695315624793,81.94255767433027,293.04,293.04,11.4552,35.033783,3.96413,1028.0321
ru29-20180812T0220,26,2018-08-14T19:47:06Z,8.252695315624793,81.94255767433027,283.27,283.27,11.5646,35.033043,3.97411,1027.9669
ru29-20180812T0220,26,2018-08-14T19:47:06Z,8.252695315624793,81.94255767433027,274.04,274.04,11.6351,35.03025,3.98018,1027.9099
ru29-20180812T0220,26,2018-08-14T19:47:06Z,8.252695315624793,81.94255767433027,264.55,264.55,11.7531,35.028416,3.9909,1027.8433
ru29-20180812T0220,26,2018-08-14T19:47:06Z,8.252695315624793,81.94255767433027,255.46,255.46,11.8117,35.029827,3.99627,1027.7925
ru29-20180812T0220,26,2018-08-14T19:47:06Z,8.252695315624793,81.94255767433027,245.77,245.77,11.9178,35.025047,4.00555,1027.7249
ru29-20180812T0220,26,2018-08-14T19:47:06Z,8.252695315624793,81.94255767433027,236.19,236.19,12.1042,35.027554,4.02332,1027.6475
ru29-20180812T0220,26,2018-08-14T19:47:06Z,8.252695315624793,81.94255767433027,225.96,225.96,12.2332,35.01955,4.03447,1027.5702
ru29-20180812T0220,26,2018-08-14T19:47:06Z,8.252695315624793,81.94255767433027,215.69,215.69,12.3676,35.01689,4.0467,1027.4956
ru29-20180812T0220,26,2018-08-14T19:47:06Z,8.252695315624793,81.94255767433027,206.19,206.19,12.5682,35.012497,4.06519,1027.4098
ru29-20180812T0220,26,2018-08-14T19:47:06Z,8.252695315624793,81.94255767433027,196.36,196.36,12.7025,35.010715,4.07755,1027.3376
ru29-20180812T0220,26,2018-08-14T19:47:06Z,8.252695315624793,81.94255767433027,187.68,187.68,12.9237,35.003407,4.09781,1027.2485
ru29-20180812T0220,26,2018-08-14T19:47:06Z,8.252695315624793,81.94255767433027,178.47,178.47,13.1887,34.995964,4.12231,1027.1475
ru29-20180812T0220,26,2018-08-14T19:47:06Z,8.252695315624793,81.94255767433027,169.54,169.54,13.4781,34.985916,4.14896,1027.04
ru29-20180812T0220,26,2018-08-14T19:47:06Z,8.252695315624793,81.94255767433027,160.82,160.82,13.9114,34.97251,4.18933,1026.8999
ru29-20180812T0220,26,2018-08-14T19:47:06Z,8.252695315624793,81.94255767433027,151.94,151.94,14.1489,34.975002,4.21238,1026.8116
ru29-20180812T0220,26,2018-08-14T19:47:06Z,8.252695315624793,81.94255767433027,143.39,143.39,14.519,34.95522,4.24605,1026.6786
ru29-20180812T0220,26,2018-08-14T19:47:06Z,8.252695315624793,81.94255767433027,134.32,134.32,14.8373,34.945793,4.27581,1026.5615
ru29-20180812T0220,26,2018-08-14T19:47:06Z,8.252695315624793,81.94255767433027,125.95,125.95,15.5746,34.919205,4.34499,1026.3391
ru29-20180812T0220,26,2018-08-14T19:47:06Z,8.252695315624793,81.94255767433027,118.45,118.45,16.1549,34.901184,4.39992,1026.159
ru29-20180812T0220,26,2018-08-14T19:47:06Z,8.252695315624793,81.94255767433027,110.9,110.9,16.992,34.879642,4.48012,1025.9122
ru29-20180812T0220,26,2018-08-14T19:47:06Z,8.252695315624793,81.94255767433027,103.92,103.92,17.8404,34.856335,4.56164,1025.6577
ru29-20180812T0220,26,2018-08-14T19:47:06Z,8.252695315624793,81.94255767433027,97.22,97.22,18.4987,34.852604,4.62679,1025.4614
ru29-20180812T0220,26,2018-08-14T19:47:06Z,8.252695315624793,81.94255767433027,89.52,89.52,19.0738,34.839993,4.68272,1025.2719
ru29-20180812T0220,26,2018-08-14T19:47:06Z,8.252695315624793,81.94255767433027,81.15,81.15,20.0088,34.824448,4.7748,1024.9797
ru29-20180812T0220,26,2018-08-14T19:47:06Z,8.252695315624793,81.94255767433027,73.05,73.05,20.7763,34.817764,4.85143,1024.734
ru29-20180812T0220,26,2018-08-14T19:47:06Z,8.252695315624793,81.94255767433027,64.25,64.25,21.8993,34.8379,4.96807,1024.4019
ru29-20180812T0220,26,2018-08-14T19:47:06Z,8.252695315624793,81.94255767433027,57.7,57.7,23.2917,34.728794,5.09655,1023.89343
ru29-20180812T0220,26,2018-08-14T19:47:06Z,8.252695315624793,81.94255767433027,52.71,52.71,24.2881,34.754963,5.20254,1023.59796
ru29-20180812T0220,26,2018-08-14T19:47:06Z,8.252695315624793,81.94255767433027,50.14,50.14,24.3463,34.752403,5.20811,1023.5675
ru29-20180812T0220,27,2018-08-15T02:26:17Z,8.212204629633588,82.03525187762484,1.63,1.63,28.6596,33.75693,5.51294,1021.2509
ru29-20180812T0220,27,2018-08-15T02:26:17Z,8.212204629633588,82.03525187762484,5.0,5.0,28.6576,33.75781,5.513,1021.26666
ru29-20180812T0220,27,2018-08-15T02:26:17Z,8.212204629633588,82.03525187762484,15.12,15.12,28.6606,33.75881,5.51387,1021.3098
ru29-20180812T0220,27,2018-08-15T02:26:17Z,8.212204629633588,82.03525187762484,27.97,27.97,28.6566,33.760906,5.51429,1021.3678
ru29-20180812T0220,27,2018-08-15T02:26:17Z,8.212204629633588,82.03525187762484,40.03,40.03,24.5618,34.81813,5.23878,1023.509
ru29-20180812T0220,27,2018-08-15T02:26:17Z,8.212204629633588,82.03525187762484,51.21,51.21,23.3203,34.851807,5.11528,1023.9502
ru29-20180812T0220,27,2018-08-15T02:26:17Z,8.212204629633588,82.03525187762484,63.26,63.26,21.7582,34.86177,4.95662,1024.4551
ru29-20180812T0220,27,2018-08-15T02:26:17Z,8.212204629633588,82.03525187762484,73.08,73.08,20.4469,34.86799,4.82419,1024.8611
ru29-20180812T0220,27,2018-08-15T02:26:17Z,8.212204629633588,82.03525187762484,82.19,82.19,19.7225,34.87104,4.75157,1025.0952
ru29-20180812T0220,27,2018-08-15T02:26:17Z,8.212204629633588,82.03525187762484,90.94,90.94,18.9368,34.869003,4.67247,1025.3353
ru29-20180812T0220,27,2018-08-15T02:26:17Z,8.212204629633588,82.03525187762484,98.51,98.51,18.3751,34.881176,4.61783,1025.52
ru29-20180812T0220,27,2018-08-15T02:26:17Z,8.212204629633588,82.03525187762484,107.49,107.49,17.6129,34.90064,4.54424,1025.7632
ru29-20180812T0220,27,2018-08-15T02:26:17Z,8.212204629633588,82.03525187762484,116.08,116.08,17.1276,34.904526,4.49669,1025.9215
ru29-20180812T0220,27,2018-08-15T02:26:17Z,8.212204629633588,82.03525187762484,124.49,124.49,16.6071,34.919525,4.44705,1026.094
ru29-20180812T0220,27,2018-08-15T02:26:17Z,8.212204629633588,82.03525187762484,132.88,132.88,16.094,34.928978,4.39766,1026.2582
ru29-20180812T0220,27,2018-08-15T02:26:17Z,8.212204629633588,82.03525187762484,140.57,140.57,15.3556,34.96066,4.32866,1026.4851
ru29-20180812T0220,27,2018-08-15T02:26:17Z,8.212204629633588,82.03525187762484,147.78,147.78,15.1831,34.947304,4.31053,1026.5454
ru29-20180812T0220,27,2018-08-15T02:26:17Z,8.212204629633588,82.03525187762484,153.51,153.51,14.5934,34.977173,4.25617,1026.7241
ru29-20180812T0220,27,2018-08-15T02:26:17Z,8.212204629633588,82.03525187762484,159.4,159.4,14.2704,34.984795,4.22564,1026.8262
ru29-20180812T0220,27,2018-08-15T02:26:17Z,8.212204629633588,82.03525187762484,165.78,165.78,13.7288,35.002056,4.17491,1026.9833
ru29-20180812T0220,27,2018-08-15T02:26:17Z,8.212204629633588,82.03525187762484,172.24,172.24,13.3625,35.0146,4.14088,1027.0983
ru29-20180812T0220,27,2018-08-15T02:26:17Z,8.212204629633588,82.03525187762484,179.49,179.49,13.0783,35.015686,4.11372,1027.19
ru29-20180812T0220,27,2018-08-15T02:26:17Z,8.212204629633588,82.03525187762484,187.16,187.16,12.8938,35.016773,4.09629,1027.2626
ru29-20180812T0220,27,2018-08-15T02:26:17Z,8.212204629633588,82.03525187762484,195.33,195.33,12.8046,35.01672,4.08801,1027.3171
ru29-20180812T0220,27,2018-08-15T02:26:17Z,8.212204629633588,82.03525187762484,203.09,203.09,12.6168,35.020393,4.07057,1027.3923
ru29-20180812T0220,27,2018-08-15T02:26:17Z,8.212204629633588,82.03525187762484,210.05,210.05,12.5523,35.019665,4.06457,1027.4358
ru29-20180812T0220,27,2018-08-15T02:26:17Z,8.212204629633588,82.03525187762484,216.61,216.61,12.3948,35.02399,4.0501,1027.4999
ru29-20180812T0220,27,2018-08-15T02:26:17Z,8.212204629633588,82.03525187762484,221.99,221.99,12.3063,35.023796,4.04178,1027.5413
ru29-20180812T0220,27,2018-08-15T02:26:17Z,8.212204629633588,82.03525187762484,227.43,227.43,12.2342,35.025543,4.03525,1027.5812
ru29-20180812T0220,27,2018-08-15T02:26:17Z,8.212204629633588,82.03525187762484,232.8,232.8,12.1288,35.027275,4.02551,1027.6273
ru29-20180812T0220,27,2018-08-15T02:26:17Z,8.212204629633588,82.03525187762484,237.83,237.83,11.9758,35.033188,4.01161,1027.6843
ru29-20180812T0220,27,2018-08-15T02:26:17Z,8.212204629633588,82.03525187762484,243.33,243.33,11.9338,35.03481,4.00798,1027.7184
ru29-20180812T0220,27,2018-08-15T02:26:17Z,8.212204629633588,82.03525187762484,249.08,249.08,11.8619,35.03627,4.00147,1027.7592
ru29-20180812T0220,27,2018-08-15T02:26:17Z,8.212204629633588,82.03525187762484,255.29,255.29,11.7625,35.036247,3.99219,1027.8062
ru29-20180812T0220,27,2018-08-15T02:26:17Z,8.212204629633588,82.03525187762484,261.43,261.43,11.7134,35.037357,3.98786,1027.844
ru29-20180812T0220,27,2018-08-15T02:26:17Z,8.212204629633588,82.03525187762484,267.74,267.74,11.6316,35.03798,3.98035,1027.8884
ru29-20180812T0220,27,2018-08-15T02:26:17Z,8.212204629633588,82.03525187762484,274.16,274.16,11.5488,35.041023,3.973,1027.9354
ru29-20180812T0220,27,2018-08-15T02:26:17Z,8.212204629633588,82.03525187762484,279.96,279.96,11.4603,35.040813,3.96475,1027.9781
ru29-20180812T0220,27,2018-08-15T02:26:17Z,8.212204629633588,82.03525187762484,287.02,287.02,11.4185,35.03876,3.96085,1028.0161
ru29-20180812T0220,27,2018-08-15T02:26:17Z,8.212204629633588,82.03525187762484,294.42,294.42,11.4037,35.037964,3.95968,1028.0514
ru29-20180812T0220,27,2018-08-15T02:26:17Z,8.212204629633588,82.03525187762484,301.57,301.57,11.3295,35.039043,3.953,1028.0984
ru29-20180812T0220,27,2018-08-15T02:26:17Z,8.212204629633588,82.03525187762484,309.2,309.2,11.1614,35.035927,3.93694,1028.1619
ru29-20180812T0220,27,2018-08-15T02:26:17Z,8.212204629633588,82.03525187762484,316.27,316.27,11.1307,35.034843,3.93421,1028.1985
ru29-20180812T0220,27,2018-08-15T02:26:17Z,8.212204629633588,82.03525187762484,323.89,323.89,11.1105,35.033974,3.93253,1028.2357
ru29-20180812T0220,27,2018-08-15T02:26:17Z,8.212204629633588,82.03525187762484,331.3,331.3,11.1003,35.03513,3.932,1028.2717
ru29-20180812T0220,27,2018-08-15T02:26:17Z,8.212204629633588,82.03525187762484,338.16,338.16,11.0253,35.042717,3.9259,1028.3224
ru29-20180812T0220,27,2018-08-15T02:26:17Z,8.212204629633588,82.03525187762484,345.71,345.71,10.922,35.0455,3.91665,1028.3777
ru29-20180812T0220,27,2018-08-15T02:26:17Z,8.212204629633588,82.03525187762484,352.94,352.94,10.827,35.046143,3.90797,1028.4283
ru29-20180812T0220,27,2018-08-15T02:26:17Z,8.212204629633588,82.03525187762484,360.52,360.52,10.7794,35.047577,3.90391,1028.4723
ru29-20180812T0220,27,2018-08-15T02:26:17Z,8.212204629633588,82.03525187762484,368.72,368.72,10.7222,35.045662,3.89863,1028.5181
ru29-20180812T0220,27,2018-08-15T02:26:17Z,8.212204629633588,82.03525187762484,376.68,376.68,10.657,35.046963,3.8929,1028.5668
ru29-20180812T0220,27,2018-08-15T02:26:17Z,8.212204629633588,82.03525187762484,384.87,384.87,10.5981,35.043602,3.88732,1028.6117
ru29-20180812T0220,27,2018-08-15T02:26:17Z,8.212204629633588,82.03525187762484,393.64,393.64,10.567,35.04322,3.88471,1028.6565
ru29-20180812T0220,27,2018-08-15T02:26:17Z,8.212204629633588,82.03525187762484,401.92,401.92,10.5624,35.04384,3.8847,1028.6948
ru29-20180812T0220,27,2018-08-15T02:26:17Z,8.212204629633588,82.03525187762484,410.73,410.73,10.5414,35.04413,3.88312,1028.7384
ru29-20180812T0220,27,2018-08-15T02:26:17Z,8.212204629633588,82.03525187762484,419.49,419.49,10.4818,35.041832,3.87761,1028.7869
ru29-20180812T0220,27,2018-08-15T02:26:17Z,8.212204629633588,82.03525187762484,428.35,428.35,10.4265,35.041794,3.87274,1028.8367
ru29-20180812T0220,27,2018-08-15T02:26:17Z,8.212204629633588,82.03525187762484,436.99,436.99,10.3489,35.04293,3.86586,1028.8904
ru29-20180812T0220,27,2018-08-15T02:26:17Z,8.212204629633588,82.03525187762484,445.44,445.44,10.3294,35.041706,3.86426,1028.9309
ru29-20180812T0220,27,2018-08-15T02:26:17Z,8.212204629633588,82.03525187762484,454.09,454.09,10.262,35.039963,3.85807,1028.9806
ru29-20180812T0220,27,2018-08-15T02:26:17Z,8.212204629633588,82.03525187762484,462.51,462.51,10.1982,35.04111,3.8525,1029.0308
ru29-20180812T0220,27,2018-08-15T02:26:17Z,8.212204629633588,82.03525187762484,471.28,471.28,10.1156,35.04108,3.84505,1029.0851
ru29-20180812T0220,27,2018-08-15T02:26:17Z,8.212204629633588,82.03525187762484,479.57,479.57,10.0285,35.039032,3.83696,1029.1364
ru29-20180812T0220,27,2018-08-15T02:26:17Z,8.212204629633588,82.03525187762484,487.27,487.27,9.9425,35.033875,3.82865,1029.1824
ru29-20180812T0220,27,2018-08-15T02:26:17Z,8.212204629633588,82.03525187762484,494.99,494.99,9.8831,35.033474,3.82333,1029.2274
ru29-20180812T0220,27,2018-08-15T02:26:17Z,8.212204629633588,82.03525187762484,502.2,502.2,9.8733,35.032654,3.82264,1029.2607
ru29-20180812T0220,27,2018-08-15T02:26:17Z,8.212204629633588,82.03525187762484,509.7,509.7,9.8601,35.03192,3.82165,1029.2961
ru29-20180812T0220,27,2018-08-15T02:26:17Z,8.212204629633588,82.03525187762484,517.17,517.17,9.8384,35.03216,3.81995,1029.3337
ru29-20180812T0220,27,2018-08-15T02:26:17Z,8.212204629633588,82.03525187762484,524.36,524.36,9.795,35.031723,3.81612,1029.3734
ru29-20180812T0220,27,2018-08-15T02:26:17Z,8.212204629633588,82.03525187762484,532.08,532.08,9.7219,35.03161,3.80954,1029.421
ru29-20180812T0220,27,2018-08-15T02:26:17Z,8.212204629633588,82.03525187762484,539.21,539.21,9.6939,35.030598,3.80711,1029.4572
ru29-20180812T0220,27,2018-08-15T02:26:17Z,8.212204629633588,82.03525187762484,546.52,546.52,9.655,35.030106,3.80371,1029.4965
ru29-20180812T0220,27,2018-08-15T02:26:17Z,8.212204629633588,82.03525187762484,553.76,553.76,9.5912,35.028294,3.79783,1029.5388
ru29-20180812T0220,27,2018-08-15T02:26:17Z,8.212204629633588,82.03525187762484,560.55,560.55,9.559,35.02685,3.79495,1029.5739
ru29-20180812T0220,27,2018-08-15T02:26:17Z,8.212204629633588,82.03525187762484,567.83,567.83,9.4995,35.02522,3.7895,1029.6158
ru29-20180812T0220,27,2018-08-15T02:26:17Z,8.212204629633588,82.03525187762484,574.76,574.76,9.457,35.023483,3.78563,1029.6531
ru29-20180812T0220,27,2018-08-15T02:26:17Z,8.212204629633588,82.03525187762484,581.9,581.9,9.3944,35.02198,3.7799,1029.695
ru29-20180812T0220,27,2018-08-15T02:26:17Z,8.212204629633588,82.03525187762484,589.05,589.05,9.3317,35.021675,3.77428,1029.7378
ru29-20180812T0220,27,2018-08-15T02:26:17Z,8.212204629633588,82.03525187762484,595.87,595.87,9.287,35.01979,3.77019,1029.7748
ru29-20180812T0220,27,2018-08-15T02:26:17Z,8.212204629633588,82.03525187762484,603.02,603.02,9.2212,35.01778,3.76412,1029.8168
ru29-20180812T0220,27,2018-08-15T02:26:17Z,8.212204629633588,82.03525187762484,609.67,609.67,9.2083,35.02185,3.76359,1029.852
ru29-20180812T0220,27,2018-08-15T02:26:17Z,8.212204629633588,82.03525187762484,616.65,616.65,9.1812,35.0279,3.76193,1029.8928
ru29-20180812T0220,27,2018-08-15T02:26:17Z,8.212204629633588,82.03525187762484,623.69,623.69,9.045,35.015507,3.74825,1029.9385
ru29-20180812T0220,27,2018-08-15T02:26:17Z,8.212204629633588,82.03525187762484,630.47,630.47,9.0327,35.017365,3.74757,1029.9724
ru29-20180812T0220,27,2018-08-15T02:26:17Z,8.212204629633588,82.03525187762484,637.49,637.49,9.0264,35.02054,3.74759,1030.0074
ru29-20180812T0220,27,2018-08-15T02:26:17Z,8.212204629633588,82.03525187762484,644.15,644.15,8.9303,35.01163,3.73801,1030.0471
ru29-20180812T0220,27,2018-08-15T02:26:17Z,8.212204629633588,82.03525187762484,651.17,651.17,8.9402,35.01753,3.73981,1030.0814
ru29-20180812T0220,27,2018-08-15T02:26:17Z,8.212204629633588,82.03525187762484,658.11,658.11,8.8912,35.013268,3.73511,1030.1178
ru29-20180812T0220,27,2018-08-15T02:26:17Z,8.212204629633588,82.03525187762484,664.73,664.73,8.8906,35.019093,3.7359,1030.1521
ru29-20180812T0220,27,2018-08-15T02:26:17Z,8.212204629633588,82.03525187762484,671.83,671.83,8.8406,35.01645,3.73127,1030.1906
ru29-20180812T0220,27,2018-08-15T02:26:17Z,8.212204629633588,82.03525187762484,678.83,678.83,8.7904,35.01633,3.72686,1030.2305
ru29-20180812T0220,27,2018-08-15T02:26:17Z,8.212204629633588,82.03525187762484,686.09,686.09,8.7581,35.012226,3.72376,1030.2654
ru29-20180812T0220,27,2018-08-15T02:26:17Z,8.212204629633588,82.03525187762484,693.46,693.46,8.6815,35.011593,3.71685,1030.3112
ru29-20180812T0220,27,2018-08-15T02:26:17Z,8.212204629633588,82.03525187762484,700.4,700.4,8.6408,35.006287,3.71284,1030.3451
ru29-20180812T0220,27,2018-08-15T02:26:17Z,8.212204629633588,82.03525187762484,707.83,707.83,8.5671,35.006367,3.70628,1030.3911
ru29-20180812T0220,27,2018-08-15T02:26:17Z,8.212204629633588,82.03525187762484,714.9,714.9,8.4848,35.004707,3.69874,1030.4355
ru29-20180812T0220,27,2018-08-15T02:26:17Z,8.212204629633588,82.03525187762484,722.33,722.33,8.422,35.00419,3.69315,1030.4791
ru29-20180812T0220,27,2018-08-15T02:26:17Z,8.212204629633588,82.03525187762484,729.79,729.79,8.3997,35.001297,3.69112,1030.5142
ru29-20180812T0220,27,2018-08-15T02:26:17Z,8.212204629633588,82.03525187762484,736.97,736.97,8.3369,34.99544,3.68502,1030.5524
ru29-20180812T0220,27,2018-08-15T02:26:17Z,8.212204629633588,82.03525187762484,744.7,744.7,8.3345,34.998913,3.68546,1030.5902
ru29-20180812T0220,27,2018-08-15T02:26:17Z,8.212204629633588,82.03525187762484,752.16,752.16,8.2322,34.993633,3.67575,1030.6368
ru29-20180812T0220,27,2018-08-15T02:26:17Z,8.212204629633588,82.03525187762484,759.91,759.91,8.1764,34.988117,3.67037,1030.6768
ru29-20180812T0220,27,2018-08-15T02:26:17Z,8.212204629633588,82.03525187762484,767.71,767.71,8.14,34.98418,3.66695,1030.7147
ru29-20180812T0220,27,2018-08-15T02:26:17Z,8.212204629633588,82.03525187762484,775.05,775.05,8.0955,34.98357,3.66307,1030.7546
ru29-20180812T0220,27,2018-08-15T02:26:17Z,8.212204629633588,82.03525187762484,782.58,782.58,8.0222,34.980164,3.65626,1030.7981
ru29-20180812T0220,27,2018-08-15T02:26:17Z,8.212204629633588,82.03525187762484,789.82,789.82,7.8959,34.97943,3.64477,1030.8511
ru29-20180812T0220,27,2018-08-15T02:26:17Z,8.212204629633588,82.03525187762484,797.51,797.51,7.8611,34.97641,3.64159,1030.8889
ru29-20180812T0220,27,2018-08-15T02:26:17Z,8.212204629633588,82.03525187762484,805.02,805.02,7.8155,34.9753,3.63758,1030.9293
ru29-20180812T0220,27,2018-08-15T02:26:17Z,8.212204629633588,82.03525187762484,812.17,812.17,7.7926,34.97256,3.63551,1030.9631
ru29-20180812T0220,27,2018-08-15T02:26:17Z,8.212204629633588,82.03525187762484,819.47,819.47,7.693,34.969864,3.62634,1031.0103
ru29-20180812T0220,27,2018-08-15T02:26:17Z,8.212204629633588,82.03525187762484,826.21,826.21,7.6684,34.969517,3.62432,1031.0443
ru29-20180812T0220,27,2018-08-15T02:26:17Z,8.212204629633588,82.03525187762484,833.23,833.23,7.6657,34.9698,3.6244,1031.0765
ru29-20180812T0220,27,2018-08-15T02:26:17Z,8.212204629633588,82.03525187762484,839.84,839.84,7.652,34.96908,3.62335,1031.1079
ru29-20180812T0220,27,2018-08-15T02:26:17Z,8.212204629633588,82.03525187762484,846.66,846.66,7.623,34.96608,3.62068,1031.1409
ru29-20180812T0220,27,2018-08-15T02:26:17Z,8.212204629633588,82.03525187762484,853.49,853.49,7.5687,34.965023,3.61585,1031.1797
ru29-20180812T0220,27,2018-08-15T02:26:17Z,8.212204629633588,82.03525187762484,860.08,860.08,7.5467,34.963203,3.61393,1031.2114
ru29-20180812T0220,27,2018-08-15T02:26:17Z,8.212204629633588,82.03525187762484,866.76,866.76,7.5041,34.963234,3.61028,1031.2484
ru29-20180812T0220,27,2018-08-15T02:26:17Z,8.212204629633588,82.03525187762484,872.77,872.77,7.4324,34.96097,3.6037,1031.2854
ru29-20180812T0220,27,2018-08-15T02:26:17Z,8.212204629633588,82.03525187762484,879.27,879.27,7.4138,34.96009,3.60218,1031.3169
ru29-20180812T0220,27,2018-08-15T02:26:17Z,8.212204629633588,82.03525187762484,885.92,885.92,7.3733,34.959824,3.5987,1031.3531
ru29-20180812T0220,27,2018-08-15T02:26:17Z,8.212204629633588,82.03525187762484,892.1,892.1,7.3671,34.960754,3.59848,1031.3827
ru29-20180812T0220,27,2018-08-15T02:26:17Z,8.212204629633588,82.03525187762484,898.77,898.77,7.3289,34.96109,3.59527,1031.4191
ru29-20180812T0220,27,2018-08-15T02:26:17Z,8.212204629633588,82.03525187762484,905.08,905.08,7.2704,34.958797,3.58993,1031.4551
ru29-20180812T0220,27,2018-08-15T02:26:17Z,8.212204629633588,82.03525187762484,909.52,909.52,7.2403,34.956913,3.58717,1031.4785
ru29-20180812T0220,28,2018-08-15T03:44:15Z,8.204793265642051,82.05426960020338,909.52,909.52,7.2403,34.956913,3.58717,1031.4785
ru29-20180812T0220,28,2018-08-15T03:44:15Z,8.204793265642051,82.05426960020338,908.28,908.28,7.2458,34.95622,3.58756,1031.4714
ru29-20180812T0220,28,2018-08-15T03:44:15Z,8.204793265642051,82.05426960020338,901.63,901.63,7.2758,34.95674,3.59009,1031.4371
ru29-20180812T0220,28,2018-08-15T03:44:15Z,8.204793265642051,82.05426960020338,889.7,889.7,7.3611,34.957806,3.59755,1031.3706
ru29-20180812T0220,28,2018-08-15T03:44:15Z,8.204793265642051,82.05426960020338,878.07,878.07,7.3761,34.95831,3.59848,1031.3163
ru29-20180812T0220,28,2018-08-15T03:44:15Z,8.204793265642051,82.05426960020338,865.97,865.97,7.4326,34.95854,3.6032,1031.2529
ru29-20180812T0220,28,2018-08-15T03:44:15Z,8.204793265642051,82.05426960020338,853.95,853.95,7.5257,34.95919,3.61135,1031.1842
ru29-20180812T0220,28,2018-08-15T03:44:15Z,8.204793265642051,82.05426960020338,842.55,842.55,7.5693,34.962517,3.6152,1031.1284
ru29-20180812T0220,28,2018-08-15T03:44:15Z,8.204793265642051,82.05426960020338,830.94,830.94,7.6366,34.9649,3.62115,1031.0671
ru29-20180812T0220,28,2018-08-15T03:44:15Z,8.204793265642051,82.05426960020338,819.96,819.96,7.6556,34.966145,3.62255,1031.0156
ru29-20180812T0220,28,2018-08-15T03:44:15Z,8.204793265642051,82.05426960020338,808.7,808.7,7.7103,34.96872,3.62737,1030.9581
ru29-20180812T0220,28,2018-08-15T03:44:15Z,8.204793265642051,82.05426960020338,797.81,797.81,7.8589,34.971493,3.64094,1030.8868
ru29-20180812T0220,28,2018-08-15T03:44:15Z,8.204793265642051,82.05426960020338,787.53,787.53,8.0132,34.97442,3.6551,1030.8174
ru29-20180812T0220,28,2018-08-15T03:44:15Z,8.204793265642051,82.05426960020338,776.82,776.82,8.1313,34.980503,3.66619,1030.7543
ru29-20180812T0220,28,2018-08-15T03:44:15Z,8.204793265642051,82.05426960020338,766.48,766.48,8.2369,34.988113,3.67629,1030.696
ru29-20180812T0220,28,2018-08-15T03:44:15Z,8.204793265642051,82.05426960020338,755.67,755.67,8.3146,34.991272,3.68336,1030.6368
ru29-20180812T0220,28,2018-08-15T03:44:15Z,8.204793265642051,82.05426960020338,744.79,744.79,8.3965,34.996605,3.69103,1030.5784
ru29-20180812T0220,28,2018-08-15T03:44:15Z,8.204793265642051,82.05426960020338,734.12,734.12,8.4756,35.001358,3.6984,1030.5208
ru29-20180812T0220,28,2018-08-15T03:44:15Z,8.204793265642051,82.05426960020338,722.74,722.74,8.562,35.00223,3.70606,1030.4556
ru29-20180812T0220,28,2018-08-15T03:44:15Z,8.204793265642051,82.05426960020338,711.48,711.48,8.6441,35.00238,3.71326,1030.3911
ru29-20180812T0220,28,2018-08-15T03:44:15Z,8.204793265642051,82.05426960020338,699.57,699.57,8.7892,35.006878,3.72675,1030.3163
ru29-20180812T0220,28,2018-08-15T03:44:15Z,8.204793265642051,82.05426960020338,687.67,687.67,8.8171,35.0107,3.72921,1030.2611
ru29-20180812T0220,28,2018-08-15T03:44:15Z,8.204793265642051,82.05426960020338,676.18,676.18,8.8286,35.00896,3.72962,1030.2063
ru29-20180812T0220,28,2018-08-15T03:44:15Z,8.204793265642051,82.05426960020338,664.19,664.19,8.8792,35.005207,3.73348,1030.1407
ru29-20180812T0220,28,2018-08-15T03:44:15Z,8.204793265642051,82.05426960020338,652.6,652.6,8.9242,35.007164,3.73738,1030.0825
ru29-20180812T0220,28,2018-08-15T03:44:15Z,8.204793265642051,82.05426960020338,640.4,640.4,8.9649,35.00848,3.74079,1030.0219
ru29-20180812T0220,28,2018-08-15T03:44:15Z,8.204793265642051,82.05426960020338,628.47,628.47,9.0802,35.011192,3.75135,1029.9504
ru29-20180812T0220,28,2018-08-15T03:44:15Z,8.204793265642051,82.05426960020338,616.9,616.9,9.1688,35.012154,3.75926,1029.8838
ru29-20180812T0220,28,2018-08-15T03:44:15Z,8.204793265642051,82.05426960020338,604.84,604.84,9.2856,35.01439,3.76993,1029.811
ru29-20180812T0220,28,2018-08-15T03:44:15Z,8.204793265642051,82.05426960020338,593.46,593.46,9.3864,35.018433,3.77931,1029.7454
ru29-20180812T0220,28,2018-08-15T03:44:15Z,8.204793265642051,82.05426960020338,581.52,581.52,9.4501,35.01795,3.78474,1029.6803
ru29-20180812T0220,28,2018-08-15T03:44:15Z,8.204793265642051,82.05426960020338,569.68,569.68,9.5219,35.021473,3.79133,1029.6172
ru29-20180812T0220,28,2018-08-15T03:44:15Z,8.204793265642051,82.05426960020338,558.27,558.27,9.6067,35.02366,3.79904,1029.5527
ru29-20180812T0220,28,2018-08-15T03:44:15Z,8.204793265642051,82.05426960020338,546.55,546.55,9.7172,35.02687,3.80927,1029.4829
ru29-20180812T0220,28,2018-08-15T03:44:15Z,8.204793265642051,82.05426960020338,535.62,535.62,9.7866,35.02731,3.81539,1029.4219
ru29-20180812T0220,28,2018-08-15T03:44:15Z,8.204793265642051,82.05426960020338,524.14,524.14,9.8479,35.02792,3.82074,1029.36
ru29-20180812T0220,28,2018-08-15T03:44:15Z,8.204793265642051,82.05426960020338,512.91,512.91,9.907,35.02908,3.82595,1029.2999
ru29-20180812T0220,28,2018-08-15T03:44:15Z,8.204793265642051,82.05426960020338,502.26,502.26,9.9822,35.02991,3.83268,1029.2393
ru29-20180812T0220,28,2018-08-15T03:44:15Z,8.204793265642051,82.05426960020338,491.09,491.09,10.0652,35.035015,3.84055,1029.1782
ru29-20180812T0220,28,2018-08-15T03:44:15Z,8.204793265642051,82.05426960020338,480.38,480.38,10.1448,35.03681,3.8478,1029.1172
ru29-20180812T0220,28,2018-08-15T03:44:15Z,8.204793265642051,82.05426960020338,469.12,469.12,10.2077,35.036617,3.85325,1029.0552
ru29-20180812T0220,28,2018-08-15T03:44:15Z,8.204793265642051,82.05426960020338,457.82,457.82,10.2334,35.036613,3.85519,1028.9999
ru29-20180812T0220,28,2018-08-15T03:44:15Z,8.204793265642051,82.05426960020338,446.82,446.82,10.3111,35.039146,3.86233,1028.9384
ru29-20180812T0220,28,2018-08-15T03:44:15Z,8.204793265642051,82.05426960020338,435.58,435.58,10.3717,35.040363,3.86771,1028.8779
ru29-20180812T0220,28,2018-08-15T03:44:15Z,8.204793265642051,82.05426960020338,424.01,424.01,10.4416,35.041958,3.874,1028.8146
ru29-20180812T0220,28,2018-08-15T03:44:15Z,8.204793265642051,82.05426960020338,413.32,413.32,10.5101,35.04265,3.88011,1028.7546
ru29-20180812T0220,28,2018-08-15T03:44:15Z,8.204793265642051,82.05426960020338,402.09,402.09,10.5355,35.044666,3.88223,1028.7012
ru29-20180812T0220,28,2018-08-15T03:44:15Z,8.204793265642051,82.05426960020338,391.45,391.45,10.5749,35.047096,3.88575,1028.6482
ru29-20180812T0220,28,2018-08-15T03:44:15Z,8.204793265642051,82.05426960020338,380.25,380.25,10.6047,35.04497,3.88788,1028.591
ru29-20180812T0220,28,2018-08-15T03:44:15Z,8.204793265642051,82.05426960020338,369.19,369.19,10.656,35.039997,3.89178,1028.5281
ru29-20180812T0220,28,2018-08-15T03:44:15Z,8.204793265642051,82.05426960020338,358.72,358.72,10.7328,35.04218,3.89885,1028.4686
ru29-20180812T0220,28,2018-08-15T03:44:15Z,8.204793265642051,82.05426960020338,348.02,348.02,10.794,35.041786,3.90417,1028.409
ru29-20180812T0220,28,2018-08-15T03:44:15Z,8.204793265642051,82.05426960020338,337.82,337.82,10.8681,35.04244,3.91085,1028.3501
ru29-20180812T0220,28,2018-08-15T03:44:15Z,8.204793265642051,82.05426960020338,327.39,327.39,11.0109,35.03956,3.92373,1028.2744
ru29-20180812T0220,28,2018-08-15T03:44:15Z,8.204793265642051,82.05426960020338,316.84,316.84,11.1346,35.03029,3.93415,1028.1968
ru29-20180812T0220,28,2018-08-15T03:44:15Z,8.204793265642051,82.05426960020338,306.73,306.73,11.1674,35.03082,3.93689,1028.1458
ru29-20180812T0220,28,2018-08-15T03:44:15Z,8.204793265642051,82.05426960020338,295.81,295.81,11.2329,35.03222,3.94281,1028.0856
ru29-20180812T0220,28,2018-08-15T03:44:15Z,8.204793265642051,82.05426960020338,285.47,285.47,11.4221,35.032673,3.96051,1028.0038
ru29-20180812T0220,28,2018-08-15T03:44:15Z,8.204793265642051,82.05426960020338,274.66,274.66,11.4694,35.035614,3.96486,1027.9487
ru29-20180812T0220,28,2018-08-15T03:44:15Z,8.204793265642051,82.05426960020338,263.7,263.7,11.6375,35.03398,3.98033,1027.8662
ru29-20180812T0220,28,2018-08-15T03:44:15Z,8.204793265642051,82.05426960020338,253.6,253.6,11.7143,35.03178,3.98703,1027.8044
ru29-20180812T0220,28,2018-08-15T03:44:15Z,8.204793265642051,82.05426960020338,243.06,243.06,11.7991,35.03034,3.99456,1027.7399
ru29-20180812T0220,28,2018-08-15T03:44:15Z,8.204793265642051,82.05426960020338,232.71,232.71,11.9445,35.025467,4.00758,1027.6616
ru29-20180812T0220,28,2018-08-15T03:44:15Z,8.204793265642051,82.05426960020338,222.38,222.38,12.1329,35.022694,4.02497,1027.5764
ru29-20180812T0220,28,2018-08-15T03:44:15Z,8.204793265642051,82.05426960020338,211.9,211.9,12.3597,35.014675,4.04554,1027.4786
ru29-20180812T0220,28,2018-08-15T03:44:15Z,8.204793265642051,82.05426960020338,202.17,202.17,12.532,35.011784,4.06144,1027.3986
ru29-20180812T0220,28,2018-08-15T03:44:15Z,8.204793265642051,82.05426960020338,192.79,192.79,12.6514,35.01302,4.07269,1027.3339
ru29-20180812T0220,28,2018-08-15T03:44:15Z,8.204793265642051,82.05426960020338,184.06,184.06,12.8709,35.006695,4.09288,1027.2456
ru29-20180812T0220,28,2018-08-15T03:44:15Z,8.204793265642051,82.05426960020338,174.41,174.41,13.2517,34.992985,4.12793,1027.1141
ru29-20180812T0220,28,2018-08-15T03:44:15Z,8.204793265642051,82.05426960020338,163.83,163.83,13.6367,34.981365,4.16365,1026.978
ru29-20180812T0220,28,2018-08-15T03:44:15Z,8.204793265642051,82.05426960020338,153.11,153.11,14.0865,34.97883,4.20675,1026.8333
ru29-20180812T0220,28,2018-08-15T03:44:15Z,8.204793265642051,82.05426960020338,142.62,142.62,14.7261,34.94566,4.26526,1026.6226
ru29-20180812T0220,28,2018-08-15T03:44:15Z,8.204793265642051,82.05426960020338,133.68,133.68,15.7901,34.905518,4.36505,1026.3136
ru29-20180812T0220,28,2018-08-15T03:44:15Z,8.204793265642051,82.05426960020338,125.21,125.21,16.3395,34.897636,4.41808,1026.1432
ru29-20180812T0220,28,2018-08-15T03:44:15Z,8.204793265642051,82.05426960020338,117.24,117.24,16.9364,34.888515,4.47589,1025.9602
ru29-20180812T0220,28,2018-08-15T03:44:15Z,8.204793265642051,82.05426960020338,109.56,109.56,17.9038,34.85129,4.56763,1025.663
ru29-20180812T0220,28,2018-08-15T03:44:15Z,8.204793265642051,82.05426960020338,101.96,101.96,18.4096,34.84859,4.61759,1025.5016
ru29-20180812T0220,28,2018-08-15T03:44:15Z,8.204793265642051,82.05426960020338,94.22,94.22,18.9814,34.836475,4.67321,1025.3134
ru29-20180812T0220,28,2018-08-15T03:44:15Z,8.204793265642051,82.05426960020338,86.46,86.46,19.535,34.842342,4.72934,1025.141
ru29-20180812T0220,28,2018-08-15T03:44:15Z,8.204793265642051,82.05426960020338,78.91,78.91,20.182,34.831123,4.79305,1024.9292
ru29-20180812T0220,28,2018-08-15T03:44:15Z,8.204793265642051,82.05426960020338,71.52,71.52,20.7538,34.83132,4.85076,1024.7438
ru29-20180812T0220,28,2018-08-15T03:44:15Z,8.204793265642051,82.05426960020338,64.12,64.12,21.7553,34.811607,4.95001,1024.4215
ru29-20180812T0220,28,2018-08-15T03:44:15Z,8.204793265642051,82.05426960020338,57.82,57.82,22.6246,34.814472,5.03913,1024.1511
ru29-20180812T0220,28,2018-08-15T03:44:15Z,8.204793265642051,82.05426960020338,52.04,52.04,23.0901,34.79646,5.08439,1023.97864
ru29-20180812T0220,28,2018-08-15T03:44:15Z,8.204793265642051,82.05426960020338,49.4,49.4,23.1432,34.737453,5.08206,1023.90717
ru29-20180812T0220,29,2018-08-15T10:27:05Z,8.161920018897572,82.1507005896973,6.39,6.39,28.6605,33.75756,5.51332,1021.2715
ru29-20180812T0220,29,2018-08-15T10:27:05Z,8.161920018897572,82.1507005896973,16.63,16.63,28.6568,33.75536,5.51304,1021.31494
ru29-20180812T0220,29,2018-08-15T10:27:05Z,8.161920018897572,82.1507005896973,30.02,30.02,28.6141,33.756866,5.50941,1021.3876
ru29-20180812T0220,29,2018-08-15T10:27:05Z,8.161920018897572,82.1507005896973,42.35,42.35,25.059,34.73304,5.27903,1023.3042
ru29-20180812T0220,29,2018-08-15T10:27:05Z,8.161920018897572,82.1507005896973,52.35,52.35,23.1415,34.82687,5.09365,1023.98816
ru29-20180812T0220,29,2018-08-15T10:27:05Z,8.161920018897572,82.1507005896973,62.52,62.52,21.8591,34.824707,4.96221,1024.3956
ru29-20180812T0220,29,2018-08-15T10:27:05Z,8.161920018897572,82.1507005896973,71.85,71.85,20.7236,34.87677,4.85334,1024.788
ru29-20180812T0220,29,2018-08-15T10:27:05Z,8.161920018897572,82.1507005896973,80.13,80.13,19.9393,34.87004,4.77329,1025.0284
ru29-20180812T0220,29,2018-08-15T10:27:05Z,8.161920018897572,82.1507005896973,88.76,88.76,19.4719,34.863083,4.72558,1025.1832
ru29-20180812T0220,29,2018-08-15T10:27:05Z,8.161920018897572,82.1507005896973,97.36,97.36,18.9242,34.867477,4.6713,1025.3655
ru29-20180812T0220,29,2018-08-15T10:27:05Z,8.161920018897572,82.1507005896973,106.05,106.05,18.2327,34.888,4.60469,1025.594
ru29-20180812T0220,29,2018-08-15T10:27:05Z,8.161920018897572,82.1507005896973,114.34,114.34,17.1286,34.915195,4.49794,1025.9219
ru29-20180812T0220,29,2018-08-15T10:27:05Z,8.161920018897572,82.1507005896973,122.53,122.53,16.5051,34.926342,4.43762,1026.1146
ru29-20180812T0220,29,2018-08-15T10:27:05Z,8.161920018897572,82.1507005896973,130.91,130.91,15.773,34.943214,4.36745,1026.3344
ru29-20180812T0220,29,2018-08-15T10:27:05Z,8.161920018897572,82.1507005896973,138.51,138.51,14.6611,34.989094,4.26344,1026.6521
ru29-20180812T0220,29,2018-08-15T10:27:05Z,8.161920018897572,82.1507005896973,145.06,145.06,14.2053,34.986088,4.21878,1026.7776
ru29-20180812T0220,29,2018-08-15T10:27:05Z,8.161920018897572,82.1507005896973,151.42,151.42,13.7252,35.002884,4.17401,1026.9209
ru29-20180812T0220,29,2018-08-15T10:27:05Z,8.161920018897572,82.1507005896973,157.67,157.67,13.4095,35.007687,4.14407,1027.0184
ru29-20180812T0220,29,2018-08-15T10:27:05Z,8.161920018897572,82.1507005896973,165.13,165.13,13.1771,35.013325,4.12242,1027.1039
ru29-20180812T0220,29,2018-08-15T10:27:05Z,8.161920018897572,82.1507005896973,172.45,172.45,13.0978,35.008755,4.11457,1027.1493
ru29-20180812T0220,29,2018-08-15T10:27:05Z,8.161920018897572,82.1507005896973,180.59,180.59,12.8986,35.015217,4.0963,1027.2312
ru29-20180812T0220,29,2018-08-15T10:27:05Z,8.161920018897572,82.1507005896973,188.28,188.28,12.6511,35.0208,4.07327,1027.3198
ru29-20180812T0220,29,2018-08-15T10:27:05Z,8.161920018897572,82.1507005896973,195.17,195.17,12.4693,35.024582,4.0564,1027.3898
ru29-20180812T0220,29,2018-08-15T10:27:05Z,8.161920018897572,82.1507005896973,201.83,201.83,12.3634,35.024357,4.04645,1027.4404
ru29-20180812T0220,29,2018-08-15T10:27:05Z,8.161920018897572,82.1507005896973,207.59,207.59,12.2321,35.02957,4.03458,1027.4962
ru29-20180812T0220,29,2018-08-15T10:27:05Z,8.161920018897572,82.1507005896973,213.42,213.42,12.139,35.029312,4.02584,1027.5403
ru29-20180812T0220,29,2018-08-15T10:27:05Z,8.161920018897572,82.1507005896973,219.23,219.23,11.9948,35.0284,4.01212,1027.5939
ru29-20180812T0220,29,2018-08-15T10:27:05Z,8.161920018897572,82.1507005896973,224.38,224.38,11.8391,35.040005,3.99856,1027.6561
ru29-20180812T0220,29,2018-08-15T10:27:05Z,8.161920018897572,82.1507005896973,229.85,229.85,11.794,35.038845,3.99435,1027.6884
ru29-20180812T0220,29,2018-08-15T10:27:05Z,8.161920018897572,82.1507005896973,235.41,235.41,11.7065,35.039032,3.98621,1027.7303
ru29-20180812T0220,29,2018-08-15T10:27:05Z,8.161920018897572,82.1507005896973,241.5,241.5,11.6724,35.03828,3.98313,1027.7635
ru29-20180812T0220,29,2018-08-15T10:27:05Z,8.161920018897572,82.1507005896973,247.81,247.81,11.6158,35.036533,3.9778,1027.8013
ru29-20180812T0220,29,2018-08-15T10:27:05Z,8.161920018897572,82.1507005896973,253.91,253.91,11.5284,35.036266,3.96966,1027.8451
ru29-20180812T0220,29,2018-08-15T10:27:05Z,8.161920018897572,82.1507005896973,260.25,260.25,11.4329,35.036198,3.96078,1027.8916
ru29-20180812T0220,29,2018-08-15T10:27:05Z,8.161920018897572,82.1507005896973,266.25,266.25,11.359,35.035828,3.95393,1027.9323
ru29-20180812T0220,29,2018-08-15T10:27:05Z,8.161920018897572,82.1507005896973,272.71,272.71,11.2831,35.035427,3.94691,1027.9752
ru29-20180812T0220,29,2018-08-15T10:27:05Z,8.161920018897572,82.1507005896973,278.87,278.87,11.2561,35.034134,3.94447,1028.007
ru29-20180812T0220,29,2018-08-15T10:27:05Z,8.161920018897572,82.1507005896973,285.61,285.61,11.1896,35.03763,3.93876,1028.0524
ru29-20180812T0220,29,2018-08-15T10:27:05Z,8.161920018897572,82.1507005896973,293.65,293.65,11.1775,35.03763,3.93796,1028.0906
ru29-20180812T0220,29,2018-08-15T10:27:05Z,8.161920018897572,82.1507005896973,301.54,301.54,11.1288,35.047134,3.93461,1028.1425
ru29-20180812T0220,29,2018-08-15T10:27:05Z,8.161920018897572,82.1507005896973,309.56,309.56,11.0698,35.046875,3.9293,1028.1893
ru29-20180812T0220,29,2018-08-15T10:27:05Z,8.161920018897572,82.1507005896973,317.2,317.2,11.053,35.046738,3.92802,1028.2266
ru29-20180812T0220,29,2018-08-15T10:27:05Z,8.161920018897572,82.1507005896973,324.71,324.71,10.9993,35.04531,3.92308,1028.2692
ru29-20180812T0220,29,2018-08-15T10:27:05Z,8.161920018897572,82.1507005896973,332.68,332.68,10.9152,35.039177,3.91479,1028.3158
ru29-20180812T0220,29,2018-08-15T10:27:05Z,8.161920018897572,82.1507005896973,340.17,340.17,10.8955,35.04435,3.91376,1028.3569
ru29-20180812T0220,29,2018-08-15T10:27:05Z,8.161920018897572,82.1507005896973,347.83,347.83,10.8848,35.052864,3.91393,1028.3999
ru29-20180812T0220,29,2018-08-15T10:27:05Z,8.161920018897572,82.1507005896973,355.36,355.36,10.7838,35.04667,3.90401,1028.4476
ru29-20180812T0220,29,2018-08-15T10:27:05Z,8.161920018897572,82.1507005896973,362.53,362.53,10.7381,35.043644,3.89967,1028.4858
ru29-20180812T0220,29,2018-08-15T10:27:05Z,8.161920018897572,82.1507005896973,370.12,370.12,10.7225,35.044052,3.89856,1028.5231
ru29-20180812T0220,29,2018-08-15T10:27:05Z,8.161920018897572,82.1507005896973,377.41,377.41,10.6909,35.049255,3.89639,1028.5656
ru29-20180812T0220,29,2018-08-15T10:27:05Z,8.161920018897572,82.1507005896973,385.11,385.11,10.5692,35.05065,3.88528,1028.6237
ru29-20180812T0220,29,2018-08-15T10:27:05Z,8.161920018897572,82.1507005896973,392.74,392.74,10.4679,35.04622,3.87554,1028.673
ru29-20180812T0220,29,2018-08-15T10:27:05Z,8.161920018897572,82.1507005896973,399.95,399.95,10.4176,35.04545,3.871,1028.7139
ru29-20180812T0220,29,2018-08-15T10:27:05Z,8.161920018897572,82.1507005896973,407.76,407.76,10.4049,35.043846,3.86998,1028.75
ru29-20180812T0220,29,2018-08-15T10:27:05Z,8.161920018897572,82.1507005896973,414.96,414.96,10.3904,35.043034,3.86884,1028.7843
ru29-20180812T0220,29,2018-08-15T10:27:05Z,8.161920018897572,82.1507005896973,422.57,422.57,10.3425,35.04197,3.86452,1028.8263
ru29-20180812T0220,29,2018-08-15T10:27:05Z,8.161920018897572,82.1507005896973,429.99,429.99,10.2814,35.041405,3.85899,1028.8702
ru29-20180812T0220,29,2018-08-15T10:27:05Z,8.161920018897572,82.1507005896973,436.93,436.93,10.2163,35.03991,3.85297,1028.912
ru29-20180812T0220,29,2018-08-15T10:27:05Z,8.161920018897572,82.1507005896973,444.25,444.25,10.1599,35.039165,3.84787,1028.9545
ru29-20180812T0220,29,2018-08-15T10:27:05Z,8.161920018897572,82.1507005896973,451.08,451.08,10.1258,35.037052,3.84473,1028.9896
ru29-20180812T0220,29,2018-08-15T10:27:05Z,8.161920018897572,82.1507005896973,458.08,458.08,10.0432,35.036537,3.83716,1029.0355
ru29-20180812T0220,29,2018-08-15T10:27:05Z,8.161920018897572,82.1507005896973,465.27,465.27,9.9991,35.03521,3.83317,1029.0747
ru29-20180812T0220,29,2018-08-15T10:27:05Z,8.161920018897572,82.1507005896973,472.23,472.23,9.9189,35.03445,3.82581,1029.1198
ru29-20180812T0220,29,2018-08-15T10:27:05Z,8.161920018897572,82.1507005896973,479.88,479.88,9.8979,35.03159,3.82388,1029.1555
ru29-20180812T0220,29,2018-08-15T10:27:05Z,8.161920018897572,82.1507005896973,487.38,487.38,9.8722,35.031086,3.82173,1029.1934
ru29-20180812T0220,29,2018-08-15T10:27:05Z,8.161920018897572,82.1507005896973,495.17,495.17,9.808,35.02963,3.81586,1029.2386
ru29-20180812T0220,29,2018-08-15T10:27:05Z,8.161920018897572,82.1507005896973,503.11,503.11,9.7473,35.028065,3.81032,1029.2838
ru29-20180812T0220,29,2018-08-15T10:27:05Z,8.161920018897572,82.1507005896973,510.73,510.73,9.7319,35.02765,3.80916,1029.3204
ru29-20180812T0220,29,2018-08-15T10:27:05Z,8.161920018897572,82.1507005896973,518.8,518.8,9.673,35.02588,3.80378,1029.3657
ru29-20180812T0220,29,2018-08-15T10:27:05Z,8.161920018897572,82.1507005896973,526.71,526.71,9.6335,35.02435,3.80025,1029.407
ru29-20180812T0220,29,2018-08-15T10:27:05Z,8.161920018897572,82.1507005896973,534.96,534.96,9.588,35.024155,3.7963,1029.4519
ru29-20180812T0220,29,2018-08-15T10:27:05Z,8.161920018897572,82.1507005896973,543.13,543.13,9.5707,35.02326,3.79494,1029.491
ru29-20180812T0220,29,2018-08-15T10:27:05Z,8.161920018897572,82.1507005896973,550.75,550.75,9.5078,35.021683,3.78919,1029.535
ru29-20180812T0220,29,2018-08-15T10:27:05Z,8.161920018897572,82.1507005896973,558.67,558.67,9.4834,35.020054,3.78708,1029.5736
ru29-20180812T0220,29,2018-08-15T10:27:05Z,8.161920018897572,82.1507005896973,565.85,565.85,9.4402,35.02177,3.78349,1029.6147
ru29-20180812T0220,29,2018-08-15T10:27:05Z,8.161920018897572,82.1507005896973,573.16,573.16,9.3839,35.022106,3.77854,1029.6577
ru29-20180812T0220,29,2018-08-15T10:27:05Z,8.161920018897572,82.1507005896973,580.43,580.43,9.3505,35.021446,3.77565,1029.6957
ru29-20180812T0220,29,2018-08-15T10:27:05Z,8.161920018897572,82.1507005896973,587.19,587.19,9.3221,35.019554,3.77309,1029.7295
ru29-20180812T0220,29,2018-08-15T10:27:05Z,8.161920018897572,82.1507005896973,594.1,594.1,9.2751,35.018208,3.76884,1029.7677
ru29-20180812T0220,29,2018-08-15T10:27:05Z,8.161920018897572,82.1507005896973,600.65,600.65,9.2327,35.016975,3.76502,1029.8035
ru29-20180812T0220,29,2018-08-15T10:27:05Z,8.161920018897572,82.1507005896973,607.52,607.52,9.1597,35.01575,3.75834,1029.8462
ru29-20180812T0220,29,2018-08-15T10:27:05Z,8.161920018897572,82.1507005896973,614.5,614.5,9.1264,35.014748,3.75542,1029.8824
ru29-20180812T0220,29,2018-08-15T10:27:05Z,8.161920018897572,82.1507005896973,621.25,621.25,9.1255,35.013905,3.75555,1029.9122
ru29-20180812T0220,29,2018-08-15T10:27:05Z,8.161920018897572,82.1507005896973,628.41,628.41,9.1188,35.01501,3.75534,1029.9464
ru29-20180812T0220,29,2018-08-15T10:27:05Z,8.161920018897572,82.1507005896973,635.23,635.23,9.0656,35.014164,3.75056,1029.9856
ru29-20180812T0220,29,2018-08-15T10:27:05Z,8.161920018897572,82.1507005896973,642.28,642.28,9.0304,35.01298,3.74745,1030.0223
ru29-20180812T0220,29,2018-08-15T10:27:05Z,8.161920018897572,82.1507005896973,649.53,649.53,8.9836,35.011055,3.74319,1030.0615
ru29-20180812T0220,29,2018-08-15T10:27:05Z,8.161920018897572,82.1507005896973,656.69,656.69,8.9385,35.011036,3.73927,1030.1014
ru29-20180812T0220,29,2018-08-15T10:27:05Z,8.161920018897572,82.1507005896973,664.16,664.16,8.8388,35.005596,3.72973,1030.148
ru29-20180812T0220,29,2018-08-15T10:27:05Z,8.161920018897572,82.1507005896973,671.08,671.08,8.7843,35.003956,3.72477,1030.1871
ru29-20180812T0220,29,2018-08-15T10:27:05Z,8.161920018897572,82.1507005896973,678.47,678.47,8.7501,35.00322,3.72182,1030.2256
ru29-20180812T0220,29,2018-08-15T10:27:05Z,8.161920018897572,82.1507005896973,686.05,686.05,8.6889,35.000355,3.71615,1030.2678
ru29-20180812T0220,29,2018-08-15T10:27:05Z,8.161920018897572,82.1507005896973,693.37,693.37,8.6583,34.99955,3.71353,1030.3053
ru29-20180812T0220,29,2018-08-15T10:27:05Z,8.161920018897572,82.1507005896973,701.02,701.02,8.5638,34.997467,3.70483,1030.3541
ru29-20180812T0220,29,2018-08-15T10:27:05Z,8.161920018897572,82.1507005896973,708.51,708.51,8.5422,34.996964,3.70309,1030.3911
ru29-20180812T0220,29,2018-08-15T10:27:05Z,8.161920018897572,82.1507005896973,716.33,716.33,8.5248,35.002182,3.7023,1030.4332
ru29-20180812T0220,29,2018-08-15T10:27:05Z,8.161920018897572,82.1507005896973,723.7,723.7,8.515,35.00223,3.70171,1030.4679
ru29-20180812T0220,29,2018-08-15T10:27:05Z,8.161920018897572,82.1507005896973,730.76,730.76,8.4576,34.99805,3.69626,1030.5061
ru29-20180812T0220,29,2018-08-15T10:27:05Z,8.161920018897572,82.1507005896973,738.21,738.21,8.3839,34.994717,3.68939,1030.5494
ru29-20180812T0220,29,2018-08-15T10:27:05Z,8.161920018897572,82.1507005896973,745.01,745.01,8.3618,34.996796,3.68782,1030.5853
ru29-20180812T0220,29,2018-08-15T10:27:05Z,8.161920018897572,82.1507005896973,752.08,752.08,8.3364,35.001793,3.68623,1030.6252
ru29-20180812T0220,29,2018-08-15T10:27:05Z,8.161920018897572,82.1507005896973,759.08,759.08,8.2412,34.998737,3.67737,1030.6704
ru29-20180812T0220,29,2018-08-15T10:27:05Z,8.161920018897572,82.1507005896973,765.67,765.67,8.1254,34.990967,3.66614,1030.7134
ru29-20180812T0220,29,2018-08-15T10:27:05Z,8.161920018897572,82.1507005896973,772.28,772.28,8.0077,34.97947,3.6544,1030.7537
ru29-20180812T0220,29,2018-08-15T10:27:05Z,8.161920018897572,82.1507005896973,778.3,778.3,7.963,34.9779,3.65036,1030.787
ru29-20180812T0220,29,2018-08-15T10:27:05Z,8.161920018897572,82.1507005896973,784.82,784.82,7.8785,34.976463,3.64266,1030.8291
ru29-20180812T0220,29,2018-08-15T10:27:05Z,8.161920018897572,82.1507005896973,791.61,791.61,7.8348,34.978416,3.63908,1030.8684
ru29-20180812T0220,29,2018-08-15T10:27:05Z,8.161920018897572,82.1507005896973,798.05,798.05,7.7221,34.97461,3.62855,1030.9128
ru29-20180812T0220,29,2018-08-15T10:27:05Z,8.161920018897572,82.1507005896973,804.67,804.67,7.6658,34.969994,3.62319,1030.9482
ru29-20180812T0220,29,2018-08-15T10:27:05Z,8.161920018897572,82.1507005896973,810.96,810.96,7.6548,34.968773,3.62233,1030.9774
ru29-20180812T0220,29,2018-08-15T10:27:05Z,8.161920018897572,82.1507005896973,817.48,817.48,7.6116,34.966175,3.61837,1031.0117
ru29-20180812T0220,29,2018-08-15T10:27:05Z,8.161920018897572,82.1507005896973,824.1,824.1,7.6013,34.96776,3.61785,1031.0444
ru29-20180812T0220,29,2018-08-15T10:27:05Z,8.161920018897572,82.1507005896973,830.58,830.58,7.5872,34.969643,3.617,1031.0773
ru29-20180812T0220,29,2018-08-15T10:27:05Z,8.161920018897572,82.1507005896973,837.38,837.38,7.5495,34.967762,3.61363,1031.1125
ru29-20180812T0220,29,2018-08-15T10:27:05Z,8.161920018897572,82.1507005896973,843.64,843.64,7.4799,34.961807,3.60691,1031.1473
ru29-20180812T0220,29,2018-08-15T10:27:05Z,8.161920018897572,82.1507005896973,850.16,850.16,7.4646,34.962055,3.6058,1031.1793
ru29-20180812T0220,29,2018-08-15T10:27:05Z,8.161920018897572,82.1507005896973,856.65,856.65,7.3907,34.96098,3.59915,1031.2197
ru29-20180812T0220,29,2018-08-15T10:27:05Z,8.161920018897572,82.1507005896973,862.81,862.81,7.3527,34.96493,3.59627,1031.2566
ru29-20180812T0220,29,2018-08-15T10:27:05Z,8.161920018897572,82.1507005896973,869.27,869.27,7.3262,34.963398,3.59396,1031.2887
ru29-20180812T0220,29,2018-08-15T10:27:05Z,8.161920018897572,82.1507005896973,875.38,875.38,7.2781,34.959244,3.5894,1031.3207
ru29-20180812T0220,29,2018-08-15T10:27:05Z,8.161920018897572,82.1507005896973,881.81,881.81,7.2552,34.95692,3.58735,1031.3516
ru29-20180812T0220,29,2018-08-15T10:27:05Z,8.161920018897572,82.1507005896973,888.41,888.41,7.2448,34.956318,3.58662,1031.3824
ru29-20180812T0220,29,2018-08-15T10:27:05Z,8.161920018897572,82.1507005896973,894.54,894.54,7.2315,34.954063,3.58545,1031.4103
ru29-20180812T0220,29,2018-08-15T10:27:05Z,8.161920018897572,82.1507005896973,900.99,900.99,7.1889,34.953533,3.58175,1031.4458
ru29-20180812T0220,29,2018-08-15T10:27:05Z,8.161920018897572,82.1507005896973,907.23,907.23,7.1674,34.95455,3.58013,1031.478
ru29-20180812T0220,29,2018-08-15T10:27:05Z,8.161920018897572,82.1507005896973,909.56,909.56,7.1478,34.95375,3.57835,1031.4911
ru29-20180812T0220,30,2018-08-15T11:43:56Z,8.152382731783748,82.16797701374014,909.56,909.56,7.1478,34.95375,3.57835,1031.4911
ru29-20180812T0220,30,2018-08-15T11:43:56Z,8.152382731783748,82.16797701374014,906.62,906.62,7.1679,34.95314,3.58002,1031.4741
ru29-20180812T0220,30,2018-08-15T11:43:56Z,8.152382731783748,82.16797701374014,897.68,897.68,7.1963,34.95245,3.58219,1031.4288
ru29-20180812T0220,30,2018-08-15T11:43:56Z,8.152382731783748,82.16797701374014,885.45,885.45,7.2595,34.955357,3.58776,1031.366
ru29-20180812T0220,30,2018-08-15T11:43:56Z,8.152382731783748,82.16797701374014,873.57,873.57,7.3059,34.958286,3.5918,1031.3074
ru29-20180812T0220,30,2018-08-15T11:43:56Z,8.152382731783748,82.16797701374014,861.18,861.18,7.3543,34.962574,3.59613,1031.2472
ru29-20180812T0220,30,2018-08-15T11:43:56Z,8.152382731783748,82.16797701374014,848.93,848.93,7.4677,34.958775,3.60573,1031.1708
ru29-20180812T0220,30,2018-08-15T11:43:56Z,8.152382731783748,82.16797701374014,837.32,837.32,7.5497,34.963276,3.61323,1031.1088
ru29-20180812T0220,30,2018-08-15T11:43:56Z,8.152382731783748,82.16797701374014,825.1,825.1,7.5994,34.963047,3.61728,1031.0455
ru29-20180812T0220,30,2018-08-15T11:43:56Z,8.152382731783748,82.16797701374014,813.61,813.61,7.6618,34.966476,3.62288,1030.9863
ru29-20180812T0220,30,2018-08-15T11:43:56Z,8.152382731783748,82.16797701374014,801.48,801.48,7.744,34.97268,3.63055,1030.9232
ru29-20180812T0220,30,2018-08-15T11:43:56Z,8.152382731783748,82.16797701374014,789.7,789.7,7.8802,34.97133,3.64255,1030.8468
ru29-20180812T0220,30,2018-08-15T11:43:56Z,8.152382731783748,82.16797701374014,778.97,778.97,7.974,34.97244,3.6509,1030.7839
ru29-20180812T0220,30,2018-08-15T11:43:56Z,8.152382731783748,82.16797701374014,767.0,767.0,8.1578,34.98465,3.66862,1030.709
ru29-20180812T0220,30,2018-08-15T11:43:56Z,8.152382731783748,82.16797701374014,755.66,755.66,8.2917,34.995144,3.68159,1030.6437
ru29-20180812T0220,30,2018-08-15T11:43:56Z,8.152382731783748,82.16797701374014,743.69,743.69,8.3676,34.99104,3.68776,1030.574
ru29-20180812T0220,30,2018-08-15T11:43:56Z,8.152382731783748,82.16797701374014,731.39,731.39,8.4163,34.991264,3.69179,1030.5107
ru29-20180812T0220,30,2018-08-15T11:43:56Z,8.152382731783748,82.16797701374014,719.68,719.68,8.5221,35.00014,3.702,1030.447
ru29-20180812T0220,30,2018-08-15T11:43:56Z,8.152382731783748,82.16797701374014,707.36,707.36,8.5455,34.99582,3.70324,1030.3844
ru29-20180812T0220,30,2018-08-15T11:43:56Z,8.152382731783748,82.16797701374014,695.93,695.93,8.5585,34.99438,3.70382,1030.3298
ru29-20180812T0220,30,2018-08-15T11:43:56Z,8.152382731783748,82.16797701374014,684.17,684.17,8.6672,34.996174,3.71364,1030.2599
ru29-20180812T0220,30,2018-08-15T11:43:56Z,8.152382731783748,82.16797701374014,672.15,672.15,8.7022,34.99901,3.71666,1030.2021
ru29-20180812T0220,30,2018-08-15T11:43:56Z,8.152382731783748,82.16797701374014,660.74,660.74,8.8085,35.001595,3.72636,1030.1348
ru29-20180812T0220,30,2018-08-15T11:43:56Z,8.152382731783748,82.16797701374014,648.67,648.67,8.9328,35.004295,3.73774,1030.0613
ru29-20180812T0220,30,2018-08-15T11:43:56Z,8.152382731783748,82.16797701374014,637.34,637.34,9.0237,35.006985,3.74603,1029.9967
ru29-20180812T0220,30,2018-08-15T11:43:56Z,8.152382731783748,82.16797701374014,625.37,625.37,9.0576,35.009914,3.74897,1029.9395
ru29-20180812T0220,30,2018-08-15T11:43:56Z,8.152382731783748,82.16797701374014,613.33,613.33,9.1299,35.010715,3.75531,1029.8735
ru29-20180812T0220,30,2018-08-15T11:43:56Z,8.152382731783748,82.16797701374014,601.99,601.99,9.1599,35.012875,3.75784,1029.8191
ru29-20180812T0220,30,2018-08-15T11:43:56Z,8.152382731783748,82.16797701374014,590.09,590.09,9.2358,35.013252,3.76449,1029.7527
ru29-20180812T0220,30,2018-08-15T11:43:56Z,8.152382731783748,82.16797701374014,578.47,578.47,9.3443,35.01865,3.77471,1029.6858
ru29-20180812T0220,30,2018-08-15T11:43:56Z,8.152382731783748,82.16797701374014,566.35,566.35,9.4322,35.01538,3.78214,1029.6134
ru29-20180812T0220,30,2018-08-15T11:43:56Z,8.152382731783748,82.16797701374014,554.1,554.1,9.5053,35.017643,3.78871,1029.5474
ru29-20180812T0220,30,2018-08-15T11:43:56Z,8.152382731783748,82.16797701374014,542.38,542.38,9.5973,35.01969,3.79707,1029.4801
ru29-20180812T0220,30,2018-08-15T11:43:56Z,8.152382731783748,82.16797701374014,530.08,530.08,9.6789,35.021225,3.80438,1029.4116
ru29-20180812T0220,30,2018-08-15T11:43:56Z,8.152382731783748,82.16797701374014,518.43,518.43,9.7203,35.02341,3.80799,1029.3538
ru29-20180812T0220,30,2018-08-15T11:43:56Z,8.152382731783748,82.16797701374014,506.02,506.02,9.786,35.02555,3.81386,1029.2881
ru29-20180812T0220,30,2018-08-15T11:43:56Z,8.152382731783748,82.16797701374014,493.69,493.69,9.8675,35.028187,3.82128,1029.2202
ru29-20180812T0220,30,2018-08-15T11:43:56Z,8.152382731783748,82.16797701374014,481.96,481.96,9.9311,35.029408,3.8269,1029.1572
ru29-20180812T0220,30,2018-08-15T11:43:56Z,8.152382731783748,82.16797701374014,469.81,469.81,10.0784,35.031315,3.8405,1029.0776
ru29-20180812T0220,30,2018-08-15T11:43:56Z,8.152382731783748,82.16797701374014,458.2,458.2,10.1628,35.033978,3.84825,1029.0125
ru29-20180812T0220,30,2018-08-15T11:43:56Z,8.152382731783748,82.16797701374014,445.96,445.96,10.2086,35.036373,3.85229,1028.9512
ru29-20180812T0220,30,2018-08-15T11:43:56Z,8.152382731783748,82.16797701374014,434.19,434.19,10.2927,35.037266,3.85984,1028.8838
ru29-20180812T0220,30,2018-08-15T11:43:56Z,8.152382731783748,82.16797701374014,422.83,422.83,10.3493,35.03906,3.86489,1028.824
ru29-20180812T0220,30,2018-08-15T11:43:56Z,8.152382731783748,82.16797701374014,410.59,410.59,10.4247,35.040943,3.8717,1028.7568
ru29-20180812T0220,30,2018-08-15T11:43:56Z,8.152382731783748,82.16797701374014,398.56,398.56,10.5753,35.04395,3.88579,1028.6775
ru29-20180812T0220,30,2018-08-15T11:43:56Z,8.152382731783748,82.16797701374014,386.96,386.96,10.7049,35.047077,3.89793,1028.604
ru29-20180812T0220,30,2018-08-15T11:43:56Z,8.152382731783748,82.16797701374014,375.09,375.09,10.7416,35.043945,3.90059,1028.5416
ru29-20180812T0220,30,2018-08-15T11:43:56Z,8.152382731783748,82.16797701374014,363.57,363.57,10.812,35.04133,3.90653,1028.475
ru29-20180812T0220,30,2018-08-15T11:43:56Z,8.152382731783748,82.16797701374014,351.71,351.71,10.9337,35.044075,3.91789,1028.4012
ru29-20180812T0220,30,2018-08-15T11:43:56Z,8.152382731783748,82.16797701374014,339.83,339.83,11.0194,35.053974,3.92654,1028.3397
ru29-20180812T0220,30,2018-08-15T11:43:56Z,8.152382731783748,82.16797701374014,328.84,328.84,11.0511,35.042603,3.92794,1028.2758
ru29-20180812T0220,30,2018-08-15T11:43:56Z,8.152382731783748,82.16797701374014,317.28,317.28,11.1101,35.04374,3.93318,1028.2139
ru29-20180812T0220,30,2018-08-15T11:43:56Z,8.152382731783748,82.16797701374014,306.03,306.03,11.1783,35.040543,3.93888,1028.1482
ru29-20180812T0220,30,2018-08-15T11:43:56Z,8.152382731783748,82.16797701374014,294.59,294.59,11.2308,35.033756,3.94271,1028.0818
ru29-20180812T0220,30,2018-08-15T11:43:56Z,8.152382731783748,82.16797701374014,282.96,282.96,11.2557,35.034298,3.94463,1028.0254
ru29-20180812T0220,30,2018-08-15T11:43:56Z,8.152382731783748,82.16797701374014,271.88,271.88,11.4144,35.03022,3.95892,1027.9425
ru29-20180812T0220,30,2018-08-15T11:43:56Z,8.152382731783748,82.16797701374014,260.68,260.68,11.5492,35.029804,3.9713,1027.8663
ru29-20180812T0220,30,2018-08-15T11:43:56Z,8.152382731783748,82.16797701374014,250.33,250.33,11.7095,35.030666,3.98631,1027.7899
ru29-20180812T0220,30,2018-08-15T11:43:56Z,8.152382731783748,82.16797701374014,239.7,239.7,11.7817,35.03241,3.99295,1027.7299
ru29-20180812T0220,30,2018-08-15T11:43:56Z,8.152382731783748,82.16797701374014,228.92,228.92,11.8759,35.031586,4.00144,1027.6627
ru29-20180812T0220,30,2018-08-15T11:43:56Z,8.152382731783748,82.16797701374014,218.5,218.5,12.0808,35.025517,4.02007,1027.5715
ru29-20180812T0220,30,2018-08-15T11:43:56Z,8.152382731783748,82.16797701374014,207.74,207.74,12.2301,35.021484,4.03356,1027.491
ru29-20180812T0220,30,2018-08-15T11:43:56Z,8.152382731783748,82.16797701374014,197.17,197.17,12.2439,35.025658,4.03485,1027.4443
ru29-20180812T0220,30,2018-08-15T11:43:56Z,8.152382731783748,82.16797701374014,186.72,186.72,12.4637,35.012974,4.05428,1027.3442
ru29-20180812T0220,30,2018-08-15T11:43:56Z,8.152382731783748,82.16797701374014,176.52,176.52,12.6977,35.007133,4.07583,1027.2474
ru29-20180812T0220,30,2018-08-15T11:43:56Z,8.152382731783748,82.16797701374014,167.38,167.38,13.0028,34.99815,4.10402,1027.138
ru29-20180812T0220,30,2018-08-15T11:43:56Z,8.152382731783748,82.16797701374014,158.07,158.07,13.4287,34.981964,4.14323,1026.9963
ru29-20180812T0220,30,2018-08-15T11:43:56Z,8.152382731783748,82.16797701374014,148.61,148.61,13.8317,34.974197,4.1812,1026.8638
ru29-20180812T0220,30,2018-08-15T11:43:56Z,8.152382731783748,82.16797701374014,137.93,137.93,14.368,34.966537,4.23226,1026.6958
ru29-20180812T0220,30,2018-08-15T11:43:56Z,8.152382731783748,82.16797701374014,127.4,127.4,15.0804,34.936436,4.29834,1026.4698
ru29-20180812T0220,30,2018-08-15T11:43:56Z,8.152382731783748,82.16797701374014,118.14,118.14,15.7139,34.91421,4.35782,1026.2692
ru29-20180812T0220,30,2018-08-15T11:43:56Z,8.152382731783748,82.16797701374014,109.04,109.04,16.2619,34.89951,4.4099,1026.0914
ru29-20180812T0220,30,2018-08-15T11:43:56Z,8.152382731783748,82.16797701374014,101.17,101.17,16.98,34.88182,4.47875,1025.8739
ru29-20180812T0220,30,2018-08-15T11:43:56Z,8.152382731783748,82.16797701374014,93.41,93.41,17.466,34.873062,4.52577,1025.716
ru29-20180812T0220,30,2018-08-15T11:43:56Z,8.152382731783748,82.16797701374014,85.94,85.94,18.5482,34.845665,4.63044,1025.3943
ru29-20180812T0220,30,2018-08-15T11:43:56Z,8.152382731783748,82.16797701374014,78.72,78.72,19.1894,34.844784,4.69446,1025.1986
ru29-20180812T0220,30,2018-08-15T11:43:56Z,8.152382731783748,82.16797701374014,71.18,71.18,19.91,34.833252,4.76545,1024.9691
ru29-20180812T0220,30,2018-08-15T11:43:56Z,8.152382731783748,82.16797701374014,63.4,63.4,20.5262,34.8333,4.82754,1024.7712
ru29-20180812T0220,30,2018-08-15T11:43:56Z,8.152382731783748,82.16797701374014,55.95,55.95,21.1784,34.82823,4.8929,1024.5581
ru29-20180812T0220,30,2018-08-15T11:43:56Z,8.152382731783748,82.16797701374014,49.56,49.56,22.2055,34.814644,4.99582,1024.2344
ru29-20180812T0220,31,2018-08-15T14:25:05Z,8.129694062743047,82.2061403589853,5.92,5.92,28.6568,33.78319,5.51664,1021.2899
ru29-20180812T0220,31,2018-08-15T14:25:05Z,8.129694062743047,82.2061403589853,17.86,17.86,28.6678,33.783783,5.51835,1021.3379
ru29-20180812T0220,31,2018-08-15T14:25:05Z,8.129694062743047,82.2061403589853,31.02,31.02,28.1794,33.87963,5.48239,1021.6269
ru29-20180812T0220,31,2018-08-15T14:25:05Z,8.129694062743047,82.2061403589853,42.69,42.69,22.3775,34.89736,5.02375,1024.2188
ru29-20180812T0220,31,2018-08-15T14:25:05Z,8.129694062743047,82.2061403589853,52.02,52.02,20.9709,34.88365,4.87851,1024.6398
ru29-20180812T0220,31,2018-08-15T14:25:05Z,8.129694062743047,82.2061403589853,60.55,60.55,19.9351,34.87346,4.77243,1024.9468
ru29-20180812T0220,31,2018-08-15T14:25:05Z,8.129694062743047,82.2061403589853,68.1,68.1,18.9504,34.875263,4.67359,1025.2367
ru29-20180812T0220,31,2018-08-15T14:25:05Z,8.129694062743047,82.2061403589853,75.09,75.09,18.1881,34.883938,4.59839,1025.4662
ru29-20180812T0220,31,2018-08-15T14:25:05Z,8.129694062743047,82.2061403589853,83.31,83.31,17.4435,34.89704,4.52586,1025.6954
ru29-20180812T0220,31,2018-08-15T14:25:05Z,8.129694062743047,82.2061403589853,90.99,90.99,17.1535,34.900032,4.49765,1025.8015
ru29-20180812T0220,31,2018-08-15T14:25:05Z,8.129694062743047,82.2061403589853,99.49,99.49,16.4472,34.924,4.4306,1026.0249
ru29-20180812T0220,31,2018-08-15T14:25:05Z,8.129694062743047,82.2061403589853,107.69,107.69,16.1013,34.922554,4.39655,1026.1405
ru29-20180812T0220,31,2018-08-15T14:25:05Z,8.129694062743047,82.2061403589853,115.85,115.85,15.6309,34.938232,4.35221,1026.2964
ru29-20180812T0220,31,2018-08-15T14:25:05Z,8.129694062743047,82.2061403589853,124.99,124.99,14.843,34.973263,4.27896,1026.54
ru29-20180812T0220,31,2018-08-15T14:25:05Z,8.129694062743047,82.2061403589853,132.94,132.94,14.6669,34.957493,4.26032,1026.6018
ru29-20180812T0220,31,2018-08-15T14:25:05Z,8.129694062743047,82.2061403589853,140.82,140.82,14.3364,34.97747,4.23048,1026.7239
ru29-20180812T0220,31,2018-08-15T14:25:05Z,8.129694062743047,82.2061403589853,148.02,148.02,13.9207,34.992126,4.19177,1026.8562
ru29-20180812T0220,31,2018-08-15T14:25:05Z,8.129694062743047,82.2061403589853,154.66,154.66,13.7332,34.9961,4.17421,1026.9283
ru29-20180812T0220,31,2018-08-15T14:25:05Z,8.129694062743047,82.2061403589853,161.52,161.52,13.4921,35.003212,4.1518,1027.0149
ru29-20180812T0220,31,2018-08-15T14:25:05Z,8.129694062743047,82.2061403589853,168.46,168.46,13.1584,35.012344,4.12065,1027.1218
ru29-20180812T0220,31,2018-08-15T14:25:05Z,8.129694062743047,82.2061403589853,175.63,175.63,12.8571,35.021435,4.09271,1027.2223
ru29-20180812T0220,31,2018-08-15T14:25:05Z,8.129694062743047,82.2061403589853,182.69,182.69,12.8146,35.014652,4.0882,1027.2571
ru29-20180812T0220,31,2018-08-15T14:25:05Z,8.129694062743047,82.2061403589853,189.2,189.2,12.5865,35.019497,4.06693,1027.3358
ru29-20180812T0220,31,2018-08-15T14:25:05Z,8.129694062743047,82.2061403589853,195.93,195.93,12.4642,35.022156,4.05569,1027.3923
ru29-20180812T0220,31,2018-08-15T14:25:05Z,8.129694062743047,82.2061403589853,201.89,201.89,12.4119,35.022583,4.05095,1027.4297
ru29-20180812T0220,31,2018-08-15T14:25:05Z,8.129694062743047,82.2061403589853,208.06,208.06,12.2817,35.030018,4.03943,1027.4888
ru29-20180812T0220,31,2018-08-15T14:25:05Z,8.129694062743047,82.2061403589853,214.25,214.25,12.1706,35.030655,4.02906,1027.5388
ru29-20180812T0220,31,2018-08-15T14:25:05Z,8.129694062743047,82.2061403589853,220.12,220.12,12.0281,35.03547,4.01609,1027.5968
ru29-20180812T0220,31,2018-08-15T14:25:05Z,8.129694062743047,82.2061403589853,225.92,225.92,11.8799,35.038322,4.00238,1027.6538
ru29-20180812T0220,31,2018-08-15T14:25:05Z,8.129694062743047,82.2061403589853,231.39,231.39,11.8442,35.037045,3.99906,1027.6842
ru29-20180812T0220,31,2018-08-15T14:25:05Z,8.129694062743047,82.2061403589853,236.76,236.76,11.7274,35.036896,3.98806,1027.7307
ru29-20180812T0220,31,2018-08-15T14:25:05Z,8.129694062743047,82.2061403589853,242.18,242.18,11.5884,35.036728,3.97494,1027.7815
ru29-20180812T0220,31,2018-08-15T14:25:05Z,8.129694062743047,82.2061403589853,247.62,247.62,11.4494,35.03453,3.96163,1027.8307
ru29-20180812T0220,31,2018-08-15T14:25:05Z,8.129694062743047,82.2061403589853,253.77,253.77,11.3943,35.033894,3.95656,1027.8682
ru29-20180812T0220,31,2018-08-15T14:25:05Z,8.129694062743047,82.2061403589853,259.73,259.73,11.371,35.033363,3.95454,1027.8989
ru29-20180812T0220,31,2018-08-15T14:25:05Z,8.129694062743047,82.2061403589853,266.36,266.36,11.3336,35.033524,3.95127,1027.9358
ru29-20180812T0220,31,2018-08-15T14:25:05Z,8.129694062743047,82.2061403589853,272.95,272.95,11.2907,35.03693,3.9478,1027.9761
ru29-20180812T0220,31,2018-08-15T14:25:05Z,8.129694062743047,82.2061403589853,279.18,279.18,11.2543,35.04791,3.9457,1028.0193
ru29-20180812T0220,31,2018-08-15T14:25:05Z,8.129694062743047,82.2061403589853,285.94,285.94,11.1619,35.049206,3.93729,1028.0681
ru29-20180812T0220,31,2018-08-15T14:25:05Z,8.129694062743047,82.2061403589853,293.79,293.79,11.1446,35.04936,3.936,1028.1066
ru29-20180812T0220,31,2018-08-15T14:25:05Z,8.129694062743047,82.2061403589853,301.41,301.41,11.1253,35.049625,3.93452,1028.1445
ru29-20180812T0220,31,2018-08-15T14:25:05Z,8.129694062743047,82.2061403589853,309.29,309.29,11.098,35.050026,3.9323,1028.1852
ru29-20180812T0220,31,2018-08-15T14:25:05Z,8.129694062743047,82.2061403589853,317.02,317.02,11.0055,35.05129,3.92393,1028.2382
ru29-20180812T0220,31,2018-08-15T14:25:05Z,8.129694062743047,82.2061403589853,325.3,325.3,10.9535,35.050278,3.91923,1028.2842
ru29-20180812T0220,31,2018-08-15T14:25:05Z,8.129694062743047,82.2061403589853,333.36,333.36,10.8727,35.04933,3.91178,1028.3346
ru29-20180812T0220,31,2018-08-15T14:25:05Z,8.129694062743047,82.2061403589853,341.02,341.02,10.8193,35.047874,3.90688,1028.3777
ru29-20180812T0220,31,2018-08-15T14:25:05Z,8.129694062743047,82.2061403589853,349.28,349.28,10.795,35.045982,3.90474,1028.4177
ru29-20180812T0220,31,2018-08-15T14:25:05Z,8.129694062743047,82.2061403589853,357.25,357.25,10.7317,35.048203,3.89928,1028.4669
ru29-20180812T0220,31,2018-08-15T14:25:05Z,8.129694062743047,82.2061403589853,365.48,365.48,10.6726,35.05249,3.89444,1028.5181
ru29-20180812T0220,31,2018-08-15T14:25:05Z,8.129694062743047,82.2061403589853,373.55,373.55,10.6053,35.050503,3.88819,1028.5651
ru29-20180812T0220,31,2018-08-15T14:25:05Z,8.129694062743047,82.2061403589853,381.49,381.49,10.4536,35.04903,3.87396,1028.6274
ru29-20180812T0220,31,2018-08-15T14:25:05Z,8.129694062743047,82.2061403589853,389.32,389.32,10.4177,35.044853,3.87048,1028.6658
ru29-20180812T0220,31,2018-08-15T14:25:05Z,8.129694062743047,82.2061403589853,396.77,396.77,10.3382,35.04308,3.86308,1028.7124
ru29-20180812T0220,31,2018-08-15T14:25:05Z,8.129694062743047,82.2061403589853,404.37,404.37,10.3122,35.041794,3.86082,1028.7501
ru29-20180812T0220,31,2018-08-15T14:25:05Z,8.129694062743047,82.2061403589853,411.82,411.82,10.2442,35.040134,3.85453,1028.7946
ru29-20180812T0220,31,2018-08-15T14:25:05Z,8.129694062743047,82.2061403589853,418.54,418.54,10.1974,35.039158,3.85029,1028.8325
ru29-20180812T0220,31,2018-08-15T14:25:05Z,8.129694062743047,82.2061403589853,425.34,425.34,10.1576,35.037476,3.84665,1028.8689
ru29-20180812T0220,31,2018-08-15T14:25:05Z,8.129694062743047,82.2061403589853,431.81,431.81,10.0793,35.03704,3.83947,1028.9116
ru29-20180812T0220,31,2018-08-15T14:25:05Z,8.129694062743047,82.2061403589853,438.7,438.7,10.0055,35.036304,3.83271,1028.9553
ru29-20180812T0220,31,2018-08-15T14:25:05Z,8.129694062743047,82.2061403589853,445.08,445.08,9.9904,35.035774,3.83151,1028.9862
ru29-20180812T0220,31,2018-08-15T14:25:05Z,8.129694062743047,82.2061403589853,451.23,451.23,9.952,35.037247,3.82829,1029.0219
ru29-20180812T0220,31,2018-08-15T14:25:05Z,8.129694062743047,82.2061403589853,457.57,457.57,9.8623,35.03642,3.82,1029.0657
ru29-20180812T0220,31,2018-08-15T14:25:05Z,8.129694062743047,82.2061403589853,463.84,463.84,9.8165,35.033295,3.81564,1029.0995
ru29-20180812T0220,31,2018-08-15T14:25:05Z,8.129694062743047,82.2061403589853,470.46,470.46,9.7862,35.0324,3.81298,1029.1339
ru29-20180812T0220,31,2018-08-15T14:25:05Z,8.129694062743047,82.2061403589853,477.26,477.26,9.7582,35.032673,3.81066,1029.1697
ru29-20180812T0220,31,2018-08-15T14:25:05Z,8.129694062743047,82.2061403589853,483.9,483.9,9.6752,35.029266,3.80278,1029.2115
ru29-20180812T0220,31,2018-08-15T14:25:05Z,8.129694062743047,82.2061403589853,490.97,490.97,9.586,35.025238,3.79428,1029.2559
ru29-20180812T0220,31,2018-08-15T14:25:05Z,8.129694062743047,82.2061403589853,497.97,497.97,9.5631,35.024536,3.79236,1029.2908
ru29-20180812T0220,31,2018-08-15T14:25:05Z,8.129694062743047,82.2061403589853,505.26,505.26,9.5607,35.02428,3.79243,1029.3237
ru29-20180812T0220,31,2018-08-15T14:25:05Z,8.129694062743047,82.2061403589853,512.99,512.99,9.4873,35.02388,3.78581,1029.371
ru29-20180812T0220,31,2018-08-15T14:25:05Z,8.129694062743047,82.2061403589853,520.11,520.11,9.46,35.022846,3.78345,1029.407
ru29-20180812T0220,31,2018-08-15T14:25:05Z,8.129694062743047,82.2061403589853,527.76,527.76,9.4408,35.021843,3.78188,1029.4438
ru29-20180812T0220,31,2018-08-15T14:25:05Z,8.129694062743047,82.2061403589853,535.36,535.36,9.3676,35.02289,3.77542,1029.4917
ru29-20180812T0220,31,2018-08-15T14:25:05Z,8.129694062743047,82.2061403589853,543.18,543.18,9.29,35.021454,3.76832,1029.5392
ru29-20180812T0220,31,2018-08-15T14:25:05Z,8.129694062743047,82.2061403589853,551.08,551.08,9.2703,35.019653,3.76664,1029.5767
ru29-20180812T0220,31,2018-08-15T14:25:05Z,8.129694062743047,82.2061403589853,558.75,558.75,9.2238,35.01879,3.76252,1029.6185
ru29-20180812T0220,31,2018-08-15T14:25:05Z,8.129694062743047,82.2061403589853,567.02,567.02,9.1822,35.017113,3.75881,1029.6616
ru29-20180812T0220,31,2018-08-15T14:25:05Z,8.129694062743047,82.2061403589853,574.91,574.91,9.114,35.015274,3.75257,1029.7074
ru29-20180812T0220,31,2018-08-15T14:25:05Z,8.129694062743047,82.2061403589853,582.94,582.94,9.0483,35.01265,3.7465,1029.7528
ru29-20180812T0220,31,2018-08-15T14:25:05Z,8.129694062743047,82.2061403589853,590.96,590.96,9.0202,35.011044,3.74406,1029.7925
ru29-20180812T0220,31,2018-08-15T14:25:05Z,8.129694062743047,82.2061403589853,598.54,598.54,8.9853,35.01045,3.74106,1029.832
ru29-20180812T0220,31,2018-08-15T14:25:05Z,8.129694062743047,82.2061403589853,606.4,606.4,8.9326,35.008354,3.73626,1029.8748
ru29-20180812T0220,31,2018-08-15T14:25:05Z,8.129694062743047,82.2061403589853,614.12,614.12,8.8412,35.006054,3.72781,1029.9233
ru29-20180812T0220,31,2018-08-15T14:25:05Z,8.129694062743047,82.2061403589853,621.85,621.85,8.813,35.00557,3.72546,1029.9625
ru29-20180812T0220,31,2018-08-15T14:25:05Z,8.129694062743047,82.2061403589853,629.41,629.41,8.7716,35.003647,3.72173,1030.0021
ru29-20180812T0220,31,2018-08-15T14:25:05Z,8.129694062743047,82.2061403589853,636.22,636.22,8.7285,35.002567,3.71789,1030.0392
ru29-20180812T0220,31,2018-08-15T14:25:05Z,8.129694062743047,82.2061403589853,643.37,643.37,8.7025,35.000896,3.71561,1030.0745
ru29-20180812T0220,31,2018-08-15T14:25:05Z,8.129694062743047,82.2061403589853,650.01,650.01,8.6339,34.99992,3.70939,1030.1151
ru29-20180812T0220,31,2018-08-15T14:25:05Z,8.129694062743047,82.2061403589853,657.07,657.07,8.5546,34.997234,3.70203,1030.1582
ru29-20180812T0220,31,2018-08-15T14:25:05Z,8.129694062743047,82.2061403589853,664.06,664.06,8.5406,34.996105,3.70092,1030.1912
ru29-20180812T0220,31,2018-08-15T14:25:05Z,8.129694062743047,82.2061403589853,670.62,670.62,8.5362,34.99689,3.70087,1030.2219
ru29-20180812T0220,31,2018-08-15T14:25:05Z,8.129694062743047,82.2061403589853,677.61,677.61,8.4531,34.996857,3.69341,1030.2673
ru29-20180812T0220,31,2018-08-15T14:25:05Z,8.129694062743047,82.2061403589853,684.03,684.03,8.3695,34.997837,3.68598,1030.311
ru29-20180812T0220,31,2018-08-15T14:25:05Z,8.129694062743047,82.2061403589853,690.96,690.96,8.3295,34.99401,3.68219,1030.346
ru29-20180812T0220,31,2018-08-15T14:25:05Z,8.129694062743047,82.2061403589853,698.05,698.05,8.321,34.996803,3.68197,1030.3815
ru29-20180812T0220,31,2018-08-15T14:25:05Z,8.129694062743047,82.2061403589853,704.88,704.88,8.2292,34.994465,3.67349,1030.4257
ru29-20180812T0220,31,2018-08-15T14:25:05Z,8.129694062743047,82.2061403589853,711.93,711.93,8.2303,34.995636,3.67401,1030.458
ru29-20180812T0220,31,2018-08-15T14:25:05Z,8.129694062743047,82.2061403589853,718.71,718.71,8.2156,34.99568,3.67294,1030.491
ru29-20180812T0220,31,2018-08-15T14:25:05Z,8.129694062743047,82.2061403589853,725.91,725.91,8.2073,34.99706,3.67261,1030.5259
ru29-20180812T0220,31,2018-08-15T14:25:05Z,8.129694062743047,82.2061403589853,732.91,732.91,8.2031,34.998188,3.67263,1030.5588
ru29-20180812T0220,31,2018-08-15T14:25:05Z,8.129694062743047,82.2061403589853,739.82,739.82,8.0792,34.986423,3.66029,1030.6014
ru29-20180812T0220,31,2018-08-15T14:25:05Z,8.129694062743047,82.2061403589853,746.72,746.72,8.0462,34.981297,3.65704,1030.6339
ru29-20180812T0220,31,2018-08-15T14:25:05Z,8.129694062743047,82.2061403589853,753.3,753.3,8.0295,34.98009,3.65566,1030.6653
ru29-20180812T0220,31,2018-08-15T14:25:05Z,8.129694062743047,82.2061403589853,759.89,759.89,8.0136,34.97883,3.65435,1030.6965
ru29-20180812T0220,31,2018-08-15T14:25:05Z,8.129694062743047,82.2061403589853,766.24,766.24,7.8944,34.978397,3.64351,1030.7445
ru29-20180812T0220,31,2018-08-15T14:25:05Z,8.129694062743047,82.2061403589853,772.56,772.56,7.8699,34.975937,3.64128,1030.775
ru29-20180812T0220,31,2018-08-15T14:25:05Z,8.129694062743047,82.2061403589853,778.95,778.95,7.8577,34.97481,3.64032,1030.8049
ru29-20180812T0220,31,2018-08-15T14:25:05Z,8.129694062743047,82.2061403589853,784.92,784.92,7.8188,34.97311,3.63681,1030.8368
ru29-20180812T0220,31,2018-08-15T14:25:05Z,8.129694062743047,82.2061403589853,790.98,790.98,7.7356,34.973156,3.62936,1030.8778
ru29-20180812T0220,31,2018-08-15T14:25:05Z,8.129694062743047,82.2061403589853,796.91,796.91,7.7049,34.970566,3.62653,1030.9075
ru29-20180812T0220,31,2018-08-15T14:25:05Z,8.129694062743047,82.2061403589853,802.81,802.81,7.6932,34.96958,3.62561,1030.935
ru29-20180812T0220,31,2018-08-15T14:25:05Z,8.129694062743047,82.2061403589853,808.72,808.72,7.6689,34.969963,3.62365,1030.966
ru29-20180812T0220,31,2018-08-15T14:25:05Z,8.129694062743047,82.2061403589853,814.42,814.42,7.6031,34.966602,3.61749,1030.9996
ru29-20180812T0220,31,2018-08-15T14:25:05Z,8.129694062743047,82.2061403589853,820.57,820.57,7.5759,34.963387,3.61494,1031.0293
ru29-20180812T0220,31,2018-08-15T14:25:05Z,8.129694062743047,82.2061403589853,826.45,826.45,7.5565,34.965126,3.61356,1031.0602
ru29-20180812T0220,31,2018-08-15T14:25:05Z,8.129694062743047,82.2061403589853,832.59,832.59,7.5402,34.96839,3.61262,1031.093
ru29-20180812T0220,31,2018-08-15T14:25:05Z,8.129694062743047,82.2061403589853,838.73,838.73,7.5476,34.9713,3.61384,1031.1217
ru29-20180812T0220,31,2018-08-15T14:25:05Z,8.129694062743047,82.2061403589853,844.61,844.61,7.5044,34.970684,3.61004,1031.1547
ru29-20180812T0220,31,2018-08-15T14:25:05Z,8.129694062743047,82.2061403589853,850.88,850.88,7.4289,34.964756,3.60278,1031.1906
ru29-20180812T0220,31,2018-08-15T14:25:05Z,8.129694062743047,82.2061403589853,856.97,856.97,7.3668,34.962326,3.59708,1031.2261
ru29-20180812T0220,31,2018-08-15T14:25:05Z,8.129694062743047,82.2061403589853,863.6,863.6,7.3169,34.962574,3.59278,1031.264
ru29-20180812T0220,31,2018-08-15T14:25:05Z,8.129694062743047,82.2061403589853,870.25,870.25,7.2806,34.960667,3.58954,1031.2983
ru29-20180812T0220,31,2018-08-15T14:25:05Z,8.129694062743047,82.2061403589853,876.36,876.36,7.2327,34.95596,3.58495,1031.3298
ru29-20180812T0220,31,2018-08-15T14:25:05Z,8.129694062743047,82.2061403589853,882.79,882.79,7.126,34.958706,3.57564,1031.378
ru29-20180812T0220,31,2018-08-15T14:25:05Z,8.129694062743047,82.2061403589853,889.21,889.21,7.0633,34.95315,3.56963,1031.4126
ru29-20180812T0220,31,2018-08-15T14:25:05Z,8.129694062743047,82.2061403589853,895.59,895.59,7.0505,34.95439,3.56884,1031.4442
ru29-20180812T0220,31,2018-08-15T14:25:05Z,8.129694062743047,82.2061403589853,902.08,902.08,7.0435,34.95444,3.56848,1031.4746
ru29-20180812T0220,31,2018-08-15T14:25:05Z,8.129694062743047,82.2061403589853,908.18,908.18,7.0277,34.951626,3.56703,1031.5024
ru29-20180812T0220,31,2018-08-15T14:25:05Z,8.129694062743047,82.2061403589853,909.59,909.59,6.9808,34.95039,3.56266,1031.5153
ru29-20180812T0220,32,2018-08-15T15:43:49Z,8.124435543874993,82.22174005928652,909.59,909.59,6.9808,34.95039,3.56266,1031.5153
ru29-20180812T0220,32,2018-08-15T15:43:49Z,8.124435543874993,82.22174005928652,906.34,906.34,7.0171,34.954742,3.56626,1031.4983
ru29-20180812T0220,32,2018-08-15T15:43:49Z,8.124435543874993,82.22174005928652,896.25,896.25,7.0438,34.95372,3.56819,1031.4478
ru29-20180812T0220,32,2018-08-15T15:43:49Z,8.124435543874993,82.22174005928652,883.96,883.96,7.0685,34.950943,3.56968,1031.3864
ru29-20180812T0220,32,2018-08-15T15:43:49Z,8.124435543874993,82.22174005928652,872.34,872.34,7.2203,34.951042,3.58318,1031.3099
ru29-20180812T0220,32,2018-08-15T15:43:49Z,8.124435543874993,82.22174005928652,860.05,860.05,7.3111,34.959415,3.5918,1031.2466
ru29-20180812T0220,32,2018-08-15T15:43:49Z,8.124435543874993,82.22174005928652,848.8,848.8,7.3696,34.959236,3.5967,1031.1864
ru29-20180812T0220,32,2018-08-15T15:43:49Z,8.124435543874993,82.22174005928652,837.34,837.34,7.5078,34.96669,3.60967,1031.1183
ru29-20180812T0220,32,2018-08-15T15:43:49Z,8.124435543874993,82.22174005928652,825.78,825.78,7.5666,34.96754,3.61469,1031.0575
ru29-20180812T0220,32,2018-08-15T15:43:49Z,8.124435543874993,82.22174005928652,814.7,814.7,7.5887,34.962845,3.61582,1031.0004
ru29-20180812T0220,32,2018-08-15T15:43:49Z,8.124435543874993,82.22174005928652,803.42,803.42,7.6417,34.964363,3.62038,1030.9421
ru29-20180812T0220,32,2018-08-15T15:43:49Z,8.124435543874993,82.22174005928652,792.42,792.42,7.705,34.968796,3.62618,1030.8859
ru29-20180812T0220,32,2018-08-15T15:43:49Z,8.124435543874993,82.22174005928652,781.03,781.03,7.8094,34.96958,3.63544,1030.8181
ru29-20180812T0220,32,2018-08-15T15:43:49Z,8.124435543874993,82.22174005928652,769.78,769.78,7.8757,34.973286,3.64145,1030.7595
ru29-20180812T0220,32,2018-08-15T15:43:49Z,8.124435543874993,82.22174005928652,758.91,758.91,7.9661,34.97239,3.64929,1030.6951
ru29-20180812T0220,32,2018-08-15T15:43:49Z,8.124435543874993,82.22174005928652,747.4,747.4,8.0488,34.97851,3.65705,1030.6344
ru29-20180812T0220,32,2018-08-15T15:43:49Z,8.124435543874993,82.22174005928652,736.36,736.36,8.1075,34.986286,3.66276,1030.581
ru29-20180812T0220,32,2018-08-15T15:43:49Z,8.124435543874993,82.22174005928652,724.73,724.73,8.1998,34.991425,3.67133,1030.5173
ru29-20180812T0220,32,2018-08-15T15:43:49Z,8.124435543874993,82.22174005928652,713.25,713.25,8.2538,34.991413,3.67586,1030.4568
ru29-20180812T0220,32,2018-08-15T15:43:49Z,8.124435543874993,82.22174005928652,702.2,702.2,8.3382,34.9941,3.6835,1030.395
ru29-20180812T0220,32,2018-08-15T15:43:49Z,8.124435543874993,82.22174005928652,690.43,690.43,8.3703,34.990276,3.68562,1030.3337
ru29-20180812T0220,32,2018-08-15T15:43:49Z,8.124435543874993,82.22174005928652,678.84,678.84,8.5173,34.99939,3.6997,1030.264
ru29-20180812T0220,32,2018-08-15T15:43:49Z,8.124435543874993,82.22174005928652,666.69,666.69,8.5472,34.994717,3.70152,1030.2007
ru29-20180812T0220,32,2018-08-15T15:43:49Z,8.124435543874993,82.22174005928652,654.6,654.6,8.5831,34.995594,3.70443,1030.141
ru29-20180812T0220,32,2018-08-15T15:43:49Z,8.124435543874993,82.22174005928652,642.96,642.96,8.6786,34.99621,3.71291,1030.073
ru29-20180812T0220,32,2018-08-15T15:43:49Z,8.124435543874993,82.22174005928652,630.64,630.64,8.7422,34.99996,3.71868,1030.0098
ru29-20180812T0220,32,2018-08-15T15:43:49Z,8.124435543874993,82.22174005928652,618.86,618.86,8.8,35.001152,3.72369,1029.9479
ru29-20180812T0220,32,2018-08-15T15:43:49Z,8.124435543874993,82.22174005928652,607.03,607.03,8.927,35.00279,3.73523,1029.8743
ru29-20180812T0220,32,2018-08-15T15:43:49Z,8.124435543874993,82.22174005928652,595.42,595.42,9.0154,35.0064,3.74336,1029.8097
ru29-20180812T0220,32,2018-08-15T15:43:49Z,8.124435543874993,82.22174005928652,584.33,584.33,9.1042,35.011185,3.75167,1029.7483
ru29-20180812T0220,32,2018-08-15T15:43:49Z,8.124435543874993,82.22174005928652,573.15,573.15,9.2326,35.013916,3.76351,1029.6779
ru29-20180812T0220,32,2018-08-15T15:43:49Z,8.124435543874993,82.22174005928652,561.87,561.87,9.3206,35.018227,3.77171,1029.6152
ru29-20180812T0220,32,2018-08-15T15:43:49Z,8.124435543874993,82.22174005928652,550.83,550.83,9.3999,35.019455,3.77881,1029.5527
ru29-20180812T0220,32,2018-08-15T15:43:49Z,8.124435543874993,82.22174005928652,539.19,539.19,9.4674,35.019886,3.7847,1029.4889
ru29-20180812T0220,32,2018-08-15T15:43:49Z,8.124435543874993,82.22174005928652,527.91,527.91,9.575,35.02051,3.79441,1029.4198
ru29-20180812T0220,32,2018-08-15T15:43:49Z,8.124435543874993,82.22174005928652,516.39,516.39,9.59,35.023308,3.79559,1029.3677
ru29-20180812T0220,32,2018-08-15T15:43:49Z,8.124435543874993,82.22174005928652,504.45,504.45,9.7213,35.026497,3.80777,1029.2933
ru29-20180812T0220,32,2018-08-15T15:43:49Z,8.124435543874993,82.22174005928652,493.07,493.07,9.8046,35.030594,3.81554,1029.2306
ru29-20180812T0220,32,2018-08-15T15:43:49Z,8.124435543874993,82.22174005928652,481.31,481.31,9.8656,35.029877,3.82072,1029.1664
ru29-20180812T0220,32,2018-08-15T15:43:49Z,8.124435543874993,82.22174005928652,469.86,469.86,9.8888,35.032127,3.82263,1029.1127
ru29-20180812T0220,32,2018-08-15T15:43:49Z,8.124435543874993,82.22174005928652,458.2,458.2,9.9843,35.035145,3.83145,1029.0457
ru29-20180812T0220,32,2018-08-15T15:43:49Z,8.124435543874993,82.22174005928652,446.38,446.38,10.0183,35.03598,3.83423,1028.9872
ru29-20180812T0220,32,2018-08-15T15:43:49Z,8.124435543874993,82.22174005928652,435.48,435.48,10.0613,35.036366,3.83786,1028.9308
ru29-20180812T0220,32,2018-08-15T15:43:49Z,8.124435543874993,82.22174005928652,423.93,423.93,10.1059,35.03742,3.84168,1028.8718
ru29-20180812T0220,32,2018-08-15T15:43:49Z,8.124435543874993,82.22174005928652,413.01,413.01,10.1708,35.03812,3.84742,1028.8116
ru29-20180812T0220,32,2018-08-15T15:43:49Z,8.124435543874993,82.22174005928652,401.32,401.32,10.2143,35.038025,3.85102,1028.7513
ru29-20180812T0220,32,2018-08-15T15:43:49Z,8.124435543874993,82.22174005928652,389.78,389.78,10.2942,35.037792,3.85807,1028.6849
ru29-20180812T0220,32,2018-08-15T15:43:49Z,8.124435543874993,82.22174005928652,379.09,379.09,10.3566,35.039993,3.86374,1028.6273
ru29-20180812T0220,32,2018-08-15T15:43:49Z,8.124435543874993,82.22174005928652,367.87,367.87,10.4511,35.04157,3.87238,1028.561
ru29-20180812T0220,32,2018-08-15T15:43:49Z,8.124435543874993,82.22174005928652,357.33,357.33,10.5898,35.04401,3.88535,1028.4902
ru29-20180812T0220,32,2018-08-15T15:43:49Z,8.124435543874993,82.22174005928652,346.63,346.63,10.7258,35.042915,3.89772,1028.4164
ru29-20180812T0220,32,2018-08-15T15:43:49Z,8.124435543874993,82.22174005928652,335.87,335.87,10.7789,35.042675,3.90228,1028.3582
ru29-20180812T0220,32,2018-08-15T15:43:49Z,8.124435543874993,82.22174005928652,325.43,325.43,10.8666,35.04507,3.91042,1028.297
ru29-20180812T0220,32,2018-08-15T15:43:49Z,8.124435543874993,82.22174005928652,314.21,314.21,10.92,35.04639,3.91515,1028.2378
ru29-20180812T0220,32,2018-08-15T15:43:49Z,8.124435543874993,82.22174005928652,303.04,303.04,11.0579,35.04306,3.92749,1028.1594
ru29-20180812T0220,32,2018-08-15T15:43:49Z,8.124435543874993,82.22174005928652,292.32,292.32,11.1469,35.047127,3.93593,1028.0978
ru29-20180812T0220,32,2018-08-15T15:43:49Z,8.124435543874993,82.22174005928652,280.98,280.98,11.1941,35.046623,3.93989,1028.0377
ru29-20180812T0220,32,2018-08-15T15:43:49Z,8.124435543874993,82.22174005928652,270.35,270.35,11.2943,35.045166,3.94886,1027.9701
ru29-20180812T0220,32,2018-08-15T15:43:49Z,8.124435543874993,82.22174005928652,259.86,259.86,11.3559,35.032475,3.95301,1027.9016
ru29-20180812T0220,32,2018-08-15T15:43:49Z,8.124435543874993,82.22174005928652,249.24,249.24,11.4667,35.029392,3.96284,1027.8307
ru29-20180812T0220,32,2018-08-15T15:43:49Z,8.124435543874993,82.22174005928652,239.1,239.1,11.5164,35.02927,3.96714,1027.7758
ru29-20180812T0220,32,2018-08-15T15:43:49Z,8.124435543874993,82.22174005928652,228.44,228.44,11.7581,35.026417,3.98957,1027.6794
ru29-20180812T0220,32,2018-08-15T15:43:49Z,8.124435543874993,82.22174005928652,217.95,217.95,11.8954,35.030838,4.00275,1027.6094
ru29-20180812T0220,32,2018-08-15T15:43:49Z,8.124435543874993,82.22174005928652,206.9,206.9,12.0661,35.024174,4.018,1027.5215
ru29-20180812T0220,32,2018-08-15T15:43:49Z,8.124435543874993,82.22174005928652,196.3,196.3,12.3799,35.012794,4.0466,1027.4036
ru29-20180812T0220,32,2018-08-15T15:43:49Z,8.124435543874993,82.22174005928652,185.86,185.86,12.5194,35.01133,4.05945,1027.328
ru29-20180812T0220,32,2018-08-15T15:43:49Z,8.124435543874993,82.22174005928652,175.45,175.45,12.7764,35.00804,4.08349,1027.2274
ru29-20180812T0220,32,2018-08-15T15:43:49Z,8.124435543874993,82.22174005928652,165.45,165.45,13.2161,34.99302,4.12408,1027.0817
ru29-20180812T0220,32,2018-08-15T15:43:49Z,8.124435543874993,82.22174005928652,155.09,155.09,13.5607,34.98647,4.15641,1026.959
ru29-20180812T0220,32,2018-08-15T15:43:49Z,8.124435543874993,82.22174005928652,144.72,144.72,13.9267,34.972908,4.19015,1026.8254
ru29-20180812T0220,32,2018-08-15T15:43:49Z,8.124435543874993,82.22174005928652,134.72,134.72,14.5478,34.951397,4.24807,1026.631
ru29-20180812T0220,32,2018-08-15T15:43:49Z,8.124435543874993,82.22174005928652,123.68,123.68,15.2543,34.925575,4.31407,1026.4062
ru29-20180812T0220,32,2018-08-15T15:43:49Z,8.124435543874993,82.22174005928652,113.79,113.79,15.9584,34.90878,4.38115,1026.1898
ru29-20180812T0220,32,2018-08-15T15:43:49Z,8.124435543874993,82.22174005928652,104.03,104.03,16.7016,34.887222,4.45185,1025.9568
ru29-20180812T0220,32,2018-08-15T15:43:49Z,8.124435543874993,82.22174005928652,95.07,95.07,17.4365,34.87295,4.52289,1025.7303
ru29-20180812T0220,32,2018-08-15T15:43:49Z,8.124435543874993,82.22174005928652,87.32,87.32,18.3607,34.850616,4.61229,1025.4513
ru29-20180812T0220,32,2018-08-15T15:43:49Z,8.124435543874993,82.22174005928652,80.01,80.01,19.0428,34.841103,4.67932,1025.239
ru29-20180812T0220,32,2018-08-15T15:43:49Z,8.124435543874993,82.22174005928652,73.42,73.42,19.9611,34.82887,4.77018,1024.962
ru29-20180812T0220,32,2018-08-15T15:43:49Z,8.124435543874993,82.22174005928652,65.87,65.87,20.9518,34.83977,4.8717,1024.6719
ru29-20180812T0220,32,2018-08-15T15:43:49Z,8.124435543874993,82.22174005928652,58.3,58.3,22.1303,34.80762,4.9876,1024.2882
ru29-20180812T0220,32,2018-08-15T15:43:49Z,8.124435543874993,82.22174005928652,51.65,51.65,23.0973,34.76144,5.08056,1023.94836
ru29-20180812T0220,32,2018-08-15T15:43:49Z,8.124435543874993,82.22174005928652,49.92,49.92,23.3559,34.738132,5.10404,1023.84814
ru29-20180812T0220,33,2018-08-15T22:36:58Z,8.091362045872652,82.30306233073885,2.66,2.66,28.4467,33.780643,5.49449,1021.34326
ru29-20180812T0220,33,2018-08-15T22:36:58Z,8.091362045872652,82.30306233073885,9.42,9.42,28.4701,33.777683,5.49675,1021.36237
ru29-20180812T0220,33,2018-08-15T22:36:58Z,8.091362045872652,82.30306233073885,22.15,22.15,28.4792,33.777817,5.49823,1021.41406
ru29-20180812T0220,33,2018-08-15T22:36:58Z,8.091362045872652,82.30306233073885,36.87,36.87,28.4624,33.78387,5.49798,1021.4872
ru29-20180812T0220,33,2018-08-15T22:36:58Z,8.091362045872652,82.30306233073885,52.42,52.42,27.1857,34.118366,5.41475,1022.2198
ru29-20180812T0220,33,2018-08-15T22:36:58Z,8.091362045872652,82.30306233073885,63.1,63.1,23.5464,34.812733,5.134,1023.906
ru29-20180812T0220,33,2018-08-15T22:36:58Z,8.091362045872652,82.30306233073885,73.02,73.02,21.6124,34.87988,4.94442,1024.5519
ru29-20180812T0220,33,2018-08-15T22:36:58Z,8.091362045872652,82.30306233073885,81.37,81.37,20.5967,34.884373,4.84179,1024.8694
ru29-20180812T0220,33,2018-08-15T22:36:58Z,8.091362045872652,82.30306233073885,88.51,88.51,19.5617,34.874203,4.73598,1025.1672
ru29-20180812T0220,33,2018-08-15T22:36:58Z,8.091362045872652,82.30306233073885,95.89,95.89,19.1015,34.865974,4.6889,1025.3124
ru29-20180812T0220,33,2018-08-15T22:36:58Z,8.091362045872652,82.30306233073885,104.54,104.54,18.442,34.87675,4.62428,1025.5262
ru29-20180812T0220,33,2018-08-15T22:36:58Z,8.091362045872652,82.30306233073885,113.56,113.56,17.4316,34.90015,4.52636,1025.8336
ru29-20180812T0220,33,2018-08-15T22:36:58Z,8.091362045872652,82.30306233073885,120.75,120.75,16.909,34.911915,4.476,1026.0001
ru29-20180812T0220,33,2018-08-15T22:36:58Z,8.091362045872652,82.30306233073885,127.94,127.94,16.3947,34.92463,4.42672,1026.1631
ru29-20180812T0220,33,2018-08-15T22:36:58Z,8.091362045872652,82.30306233073885,134.85,134.85,15.9362,34.935417,4.38287,1026.3082
ru29-20180812T0220,33,2018-08-15T22:36:58Z,8.091362045872652,82.30306233073885,141.37,141.37,15.6116,34.940006,4.35163,1026.4148
ru29-20180812T0220,33,2018-08-15T22:36:58Z,8.091362045872652,82.30306233073885,148.47,148.47,15.0664,34.961037,4.3006,1026.5851
ru29-20180812T0220,33,2018-08-15T22:36:58Z,8.091362045872652,82.30306233073885,155.88,155.88,14.4431,34.982014,4.24208,1026.7711
ru29-20180812T0220,33,2018-08-15T22:36:58Z,8.091362045872652,82.30306233073885,162.82,162.82,14.2575,34.978214,4.22382,1026.8391
ru29-20180812T0220,33,2018-08-15T22:36:58Z,8.091362045872652,82.30306233073885,169.94,169.94,13.9442,34.99124,4.19494,1026.9479
ru29-20180812T0220,33,2018-08-15T22:36:58Z,8.091362045872652,82.30306233073885,176.05,176.05,13.6143,35.00108,4.16411,1027.0522
ru29-20180812T0220,33,2018-08-15T22:36:58Z,8.091362045872652,82.30306233073885,182.04,182.04,13.2645,35.011253,4.13144,1027.1595
ru29-20180812T0220,33,2018-08-15T22:36:58Z,8.091362045872652,82.30306233073885,188.19,188.19,13.1615,35.009518,4.12153,1027.2069
ru29-20180812T0220,33,2018-08-15T22:36:58Z,8.091362045872652,82.30306233073885,193.49,193.49,12.9518,35.01533,4.10204,1027.278
ru29-20180812T0220,33,2018-08-15T22:36:58Z,8.091362045872652,82.30306233073885,199.17,199.17,12.7558,35.023262,4.08414,1027.3491
ru29-20180812T0220,33,2018-08-15T22:36:58Z,8.091362045872652,82.30306233073885,204.5,204.5,12.5571,35.0247,4.06531,1027.414
ru29-20180812T0220,33,2018-08-15T22:36:58Z,8.091362045872652,82.30306233073885,210.28,210.28,12.455,35.023216,4.05555,1027.459
ru29-20180812T0220,33,2018-08-15T22:36:58Z,8.091362045872652,82.30306233073885,216.64,216.64,12.3095,35.025337,4.04201,1027.518
ru29-20180812T0220,33,2018-08-15T22:36:58Z,8.091362045872652,82.30306233073885,223.09,223.09,12.1906,35.02958,4.03127,1027.5736
ru29-20180812T0220,33,2018-08-15T22:36:58Z,8.091362045872652,82.30306233073885,229.71,229.71,12.0656,35.035397,4.02012,1027.6322
ru29-20180812T0220,33,2018-08-15T22:36:58Z,8.091362045872652,82.30306233073885,236.02,236.02,11.9847,35.033226,4.01239,1027.6746
ru29-20180812T0220,33,2018-08-15T22:36:58Z,8.091362045872652,82.30306233073885,242.61,242.61,11.9234,35.032784,4.00674,1027.7156
ru29-20180812T0220,33,2018-08-15T22:36:58Z,8.091362045872652,82.30306233073885,249.2,249.2,11.7417,35.035942,3.98989,1027.7827
ru29-20180812T0220,33,2018-08-15T22:36:58Z,8.091362045872652,82.30306233073885,255.57,255.57,11.7127,35.032135,3.987,1027.8138
ru29-20180812T0220,33,2018-08-15T22:36:58Z,8.091362045872652,82.30306233073885,262.07,262.07,11.6948,35.048138,3.9872,1027.8588
ru29-20180812T0220,33,2018-08-15T22:36:58Z,8.091362045872652,82.30306233073885,268.31,268.31,11.6877,35.055153,3.98751,1027.8936
ru29-20180812T0220,33,2018-08-15T22:36:58Z,8.091362045872652,82.30306233073885,274.72,274.72,11.6584,35.051216,3.98458,1027.9248
ru29-20180812T0220,33,2018-08-15T22:36:58Z,8.091362045872652,82.30306233073885,281.18,281.18,11.5863,35.04467,3.97728,1027.9624
ru29-20180812T0220,33,2018-08-15T22:36:58Z,8.091362045872652,82.30306233073885,287.26,287.26,11.5278,35.045776,3.97205,1028.0017
ru29-20180812T0220,33,2018-08-15T22:36:58Z,8.091362045872652,82.30306233073885,294.17,294.17,11.463,35.047028,3.96627,1028.046
ru29-20180812T0220,33,2018-08-15T22:36:58Z,8.091362045872652,82.30306233073885,301.5,301.5,11.4345,35.052525,3.96442,1028.0885
ru29-20180812T0220,33,2018-08-15T22:36:58Z,8.091362045872652,82.30306233073885,308.93,308.93,11.367,35.058846,3.95892,1028.1395
ru29-20180812T0220,33,2018-08-15T22:36:58Z,8.091362045872652,82.30306233073885,315.96,315.96,11.3024,35.059307,3.95309,1028.1836
ru29-20180812T0220,33,2018-08-15T22:36:58Z,8.091362045872652,82.30306233073885,322.82,322.82,11.2523,35.060627,3.94873,1028.2249
ru29-20180812T0220,33,2018-08-15T22:36:58Z,8.091362045872652,82.30306233073885,329.77,329.77,11.1823,35.063126,3.94259,1028.2711
ru29-20180812T0220,33,2018-08-15T22:36:58Z,8.091362045872652,82.30306233073885,336.6,336.6,11.082,35.059456,3.93293,1028.3177
ru29-20180812T0220,33,2018-08-15T22:36:58Z,8.091362045872652,82.30306233073885,343.48,343.48,11.0543,35.056,3.93024,1028.3511
ru29-20180812T0220,33,2018-08-15T22:36:58Z,8.091362045872652,82.30306233073885,350.32,350.32,10.9587,35.049416,3.92075,1028.3945
ru29-20180812T0220,33,2018-08-15T22:36:58Z,8.091362045872652,82.30306233073885,356.67,356.67,10.8815,35.048794,3.9136,1028.4369
ru29-20180812T0220,33,2018-08-15T22:36:58Z,8.091362045872652,82.30306233073885,363.91,363.91,10.8024,35.047646,3.90626,1028.4832
ru29-20180812T0220,33,2018-08-15T22:36:58Z,8.091362045872652,82.30306233073885,370.97,370.97,10.7451,35.045742,3.90092,1028.5239
ru29-20180812T0220,33,2018-08-15T22:36:58Z,8.091362045872652,82.30306233073885,378.41,378.41,10.7303,35.047157,3.89998,1028.5612
ru29-20180812T0220,33,2018-08-15T22:36:58Z,8.091362045872652,82.30306233073885,385.65,385.65,10.6769,35.04864,3.89536,1028.6046
ru29-20180812T0220,33,2018-08-15T22:36:58Z,8.091362045872652,82.30306233073885,392.73,392.73,10.6395,35.048332,3.89208,1028.643
ru29-20180812T0220,33,2018-08-15T22:36:58Z,8.091362045872652,82.30306233073885,400.18,400.18,10.5762,35.046894,3.88624,1028.6869
ru29-20180812T0220,33,2018-08-15T22:36:58Z,8.091362045872652,82.30306233073885,407.17,407.17,10.5244,35.045185,3.88145,1028.7264
ru29-20180812T0220,33,2018-08-15T22:36:58Z,8.091362045872652,82.30306233073885,414.57,414.57,10.4948,35.045372,3.87898,1028.7651
ru29-20180812T0220,33,2018-08-15T22:36:58Z,8.091362045872652,82.30306233073885,421.83,421.83,10.4598,35.04636,3.87607,1028.8048
ru29-20180812T0220,33,2018-08-15T22:36:58Z,8.091362045872652,82.30306233073885,429.1,429.1,10.4326,35.0456,3.87373,1028.8418
ru29-20180812T0220,33,2018-08-15T22:36:58Z,8.091362045872652,82.30306233073885,436.46,436.46,10.3742,35.04687,3.86863,1028.8865
ru29-20180812T0220,33,2018-08-15T22:36:58Z,8.091362045872652,82.30306233073885,443.37,443.37,10.3383,35.04349,3.86519,1028.9214
ru29-20180812T0220,33,2018-08-15T22:36:58Z,8.091362045872652,82.30306233073885,450.48,450.48,10.3139,35.04484,3.86332,1028.9587
ru29-20180812T0220,33,2018-08-15T22:36:58Z,8.091362045872652,82.30306233073885,457.82,457.82,10.2798,35.043163,3.86024,1028.9965
ru29-20180812T0220,33,2018-08-15T22:36:58Z,8.091362045872652,82.30306233073885,465.18,465.18,10.2054,35.043232,3.85351,1029.0431
ru29-20180812T0220,33,2018-08-15T22:36:58Z,8.091362045872652,82.30306233073885,472.58,472.58,10.1444,35.040184,3.84775,1029.085
ru29-20180812T0220,33,2018-08-15T22:36:58Z,8.091362045872652,82.30306233073885,479.81,479.81,10.1304,35.03895,3.84662,1029.1189
ru29-20180812T0220,33,2018-08-15T22:36:58Z,8.091362045872652,82.30306233073885,486.81,486.81,10.0557,35.03836,3.83979,1029.1633
ru29-20180812T0220,33,2018-08-15T22:36:58Z,8.091362045872652,82.30306233073885,494.07,494.07,9.9996,35.036266,3.83459,1029.2045
ru29-20180812T0220,33,2018-08-15T22:36:58Z,8.091362045872652,82.30306233073885,501.06,501.06,9.9299,35.033314,3.82801,1029.246
ru29-20180812T0220,33,2018-08-15T22:36:58Z,8.091362045872652,82.30306233073885,508.37,508.37,9.8698,35.03275,3.82259,1029.2892
ru29-20180812T0220,33,2018-08-15T22:36:58Z,8.091362045872652,82.30306233073885,515.5,515.5,9.8272,35.032085,3.81881,1029.3282
ru29-20180812T0220,33,2018-08-15T22:36:58Z,8.091362045872652,82.30306233073885,522.44,522.44,9.7757,35.031506,3.81419,1029.368
ru29-20180812T0220,33,2018-08-15T22:36:58Z,8.091362045872652,82.30306233073885,529.5,529.5,9.7182,35.030407,3.80896,1029.4092
ru29-20180812T0220,33,2018-08-15T22:36:58Z,8.091362045872652,82.30306233073885,536.39,536.39,9.6977,35.028183,3.80711,1029.442
ru29-20180812T0220,33,2018-08-15T22:36:58Z,8.091362045872652,82.30306233073885,543.55,543.55,9.672,35.028515,3.80503,1029.4789
ru29-20180812T0220,33,2018-08-15T22:36:58Z,8.091362045872652,82.30306233073885,550.49,550.49,9.5996,35.027893,3.79844,1029.5225
ru29-20180812T0220,33,2018-08-15T22:36:58Z,8.091362045872652,82.30306233073885,557.23,557.23,9.535,35.02437,3.7923,1029.5614
ru29-20180812T0220,33,2018-08-15T22:36:58Z,8.091362045872652,82.30306233073885,563.93,563.93,9.5044,35.024178,3.78969,1029.5967
ru29-20180812T0220,33,2018-08-15T22:36:58Z,8.091362045872652,82.30306233073885,570.38,570.38,9.4438,35.023857,3.78423,1029.636
ru29-20180812T0220,33,2018-08-15T22:36:58Z,8.091362045872652,82.30306233073885,577.15,577.15,9.3524,35.02181,3.77572,1029.6809
ru29-20180812T0220,33,2018-08-15T22:36:58Z,8.091362045872652,82.30306233073885,583.68,583.68,9.3094,35.019547,3.77174,1029.716
ru29-20180812T0220,33,2018-08-15T22:36:58Z,8.091362045872652,82.30306233073885,589.72,589.72,9.2636,35.017002,3.76745,1029.7491
ru29-20180812T0220,33,2018-08-15T22:36:58Z,8.091362045872652,82.30306233073885,596.08,596.08,9.1817,35.015266,3.75986,1029.7906
ru29-20180812T0220,33,2018-08-15T22:36:58Z,8.091362045872652,82.30306233073885,602.07,602.07,9.1107,35.0137,3.7533,1029.8286
ru29-20180812T0220,33,2018-08-15T22:36:58Z,8.091362045872652,82.30306233073885,607.99,607.99,9.0349,35.01223,3.7463,1029.8672
ru29-20180812T0220,33,2018-08-15T22:36:58Z,8.091362045872652,82.30306233073885,613.81,613.81,8.9725,35.008904,3.74038,1029.9016
ru29-20180812T0220,33,2018-08-15T22:36:58Z,8.091362045872652,82.30306233073885,619.65,619.65,8.8983,35.00758,3.73355,1029.9396
ru29-20180812T0220,33,2018-08-15T22:36:58Z,8.091362045872652,82.30306233073885,625.67,625.67,8.8546,35.004257,3.7294,1029.9716
ru29-20180812T0220,33,2018-08-15T22:36:58Z,8.091362045872652,82.30306233073885,631.66,631.66,8.7925,35.004005,3.72382,1030.0089
ru29-20180812T0220,33,2018-08-15T22:36:58Z,8.091362045872652,82.30306233073885,637.88,637.88,8.7412,35.00182,3.71908,1030.0438
ru29-20180812T0220,33,2018-08-15T22:36:58Z,8.091362045872652,82.30306233073885,644.08,644.08,8.7119,35.000782,3.71651,1030.0759
ru29-20180812T0220,33,2018-08-15T22:36:58Z,8.091362045872652,82.30306233073885,649.99,649.99,8.6997,35.000816,3.71563,1030.1045
ru29-20180812T0220,33,2018-08-15T22:36:58Z,8.091362045872652,82.30306233073885,656.33,656.33,8.6281,34.999672,3.7091,1030.1443
ru29-20180812T0220,33,2018-08-15T22:36:58Z,8.091362045872652,82.30306233073885,662.7,662.7,8.5848,34.996826,3.70506,1030.1781
ru29-20180812T0220,33,2018-08-15T22:36:58Z,8.091362045872652,82.30306233073885,669.22,669.22,8.5681,34.996998,3.7038,1030.2103
ru29-20180812T0220,33,2018-08-15T22:36:58Z,8.091362045872652,82.30306233073885,675.88,675.88,8.5684,34.9968,3.7041,1030.24
ru29-20180812T0220,33,2018-08-15T22:36:58Z,8.091362045872652,82.30306233073885,682.25,682.25,8.5511,34.9971,3.70279,1030.2719
ru29-20180812T0220,33,2018-08-15T22:36:58Z,8.091362045872652,82.30306233073885,689.08,689.08,8.5134,34.996304,3.69949,1030.3082
ru29-20180812T0220,33,2018-08-15T22:36:58Z,8.091362045872652,82.30306233073885,695.68,695.68,8.4611,34.993523,3.69463,1030.3446
ru29-20180812T0220,33,2018-08-15T22:36:58Z,8.091362045872652,82.30306233073885,702.69,702.69,8.4003,34.990025,3.68893,1030.3835
ru29-20180812T0220,33,2018-08-15T22:36:58Z,8.091362045872652,82.30306233073885,709.92,709.92,8.3675,34.98987,3.68617,1030.4215
ru29-20180812T0220,33,2018-08-15T22:36:58Z,8.091362045872652,82.30306233073885,716.96,716.96,8.3437,34.994453,3.68469,1030.4607
ru29-20180812T0220,33,2018-08-15T22:36:58Z,8.091362045872652,82.30306233073885,724.49,724.49,8.279,34.99069,3.67863,1030.5024
ru29-20180812T0220,33,2018-08-15T22:36:58Z,8.091362045872652,82.30306233073885,731.74,731.74,8.1522,34.984165,3.66652,1030.5511
ru29-20180812T0220,33,2018-08-15T22:36:58Z,8.091362045872652,82.30306233073885,739.17,739.17,8.1105,34.982117,3.66277,1030.59
ru29-20180812T0220,33,2018-08-15T22:36:58Z,8.091362045872652,82.30306233073885,746.87,746.87,8.0583,34.981384,3.65818,1030.6327
ru29-20180812T0220,33,2018-08-15T22:36:58Z,8.091362045872652,82.30306233073885,754.29,754.29,8.0397,34.986263,3.65723,1030.6729
ru29-20180812T0220,33,2018-08-15T22:36:58Z,8.091362045872652,82.30306233073885,761.77,761.77,8.0335,34.98873,3.65721,1030.7095
ru29-20180812T0220,33,2018-08-15T22:36:58Z,8.091362045872652,82.30306233073885,769.03,769.03,7.9967,34.986023,3.65385,1030.7461
ru29-20180812T0220,33,2018-08-15T22:36:58Z,8.091362045872652,82.30306233073885,776.53,776.53,7.9717,34.986645,3.65191,1030.7844
ru29-20180812T0220,33,2018-08-15T22:36:58Z,8.091362045872652,82.30306233073885,784.0,784.0,7.9604,34.986923,3.65121,1030.8201
ru29-20180812T0220,33,2018-08-15T22:36:58Z,8.091362045872652,82.30306233073885,791.26,791.26,7.9203,34.983833,3.64751,1030.8569
ru29-20180812T0220,33,2018-08-15T22:36:58Z,8.091362045872652,82.30306233073885,798.6,798.6,7.8864,34.981907,3.6445,1030.8939
ru29-20180812T0220,33,2018-08-15T22:36:58Z,8.091362045872652,82.30306233073885,805.42,805.42,7.8458,34.9812,3.64096,1030.9308
ru29-20180812T0220,33,2018-08-15T22:36:58Z,8.091362045872652,82.30306233073885,812.56,812.56,7.7725,34.975647,3.63395,1030.9706
ru29-20180812T0220,33,2018-08-15T22:36:58Z,8.091362045872652,82.30306233073885,819.76,819.76,7.7262,34.974163,3.62983,1031.0094
ru29-20180812T0220,33,2018-08-15T22:36:58Z,8.091362045872652,82.30306233073885,826.43,826.43,7.6857,34.971962,3.62616,1031.0443
ru29-20180812T0220,33,2018-08-15T22:36:58Z,8.091362045872652,82.30306233073885,833.21,833.21,7.6349,34.968876,3.62146,1031.0807
ru29-20180812T0220,33,2018-08-15T22:36:58Z,8.091362045872652,82.30306233073885,839.66,839.66,7.6275,34.970776,3.62123,1031.1124
ru29-20180812T0220,33,2018-08-15T22:36:58Z,8.091362045872652,82.30306233073885,846.36,846.36,7.5796,34.975582,3.61753,1031.154
ru29-20180812T0220,33,2018-08-15T22:36:58Z,8.091362045872652,82.30306233073885,852.98,852.98,7.5169,34.97027,3.61152,1031.19
ru29-20180812T0220,33,2018-08-15T22:36:58Z,8.091362045872652,82.30306233073885,859.66,859.66,7.4937,34.969704,3.60961,1031.2233
ru29-20180812T0220,33,2018-08-15T22:36:58Z,8.091362045872652,82.30306233073885,866.31,866.31,7.4386,34.96828,3.60467,1031.261
ru29-20180812T0220,33,2018-08-15T22:36:58Z,8.091362045872652,82.30306233073885,872.96,872.96,7.392,34.965473,3.60039,1031.2963
ru29-20180812T0220,33,2018-08-15T22:36:58Z,8.091362045872652,82.30306233073885,880.14,880.14,7.3775,34.964172,3.59924,1031.33
ru29-20180812T0220,33,2018-08-15T22:36:58Z,8.091362045872652,82.30306233073885,887.0,887.0,7.3284,34.964603,3.59504,1031.369
ru29-20180812T0220,33,2018-08-15T22:36:58Z,8.091362045872652,82.30306233073885,894.33,894.33,7.3018,34.963844,3.59283,1031.4056
ru29-20180812T0220,33,2018-08-15T22:36:58Z,8.091362045872652,82.30306233073885,901.4,901.4,7.2668,34.963154,3.58984,1031.4426
ru29-20180812T0220,33,2018-08-15T22:36:58Z,8.091362045872652,82.30306233073885,908.22,908.22,7.2103,34.958366,3.58448,1031.4786
ru29-20180812T0220,33,2018-08-15T22:36:58Z,8.091362045872652,82.30306233073885,910.28,910.28,7.1906,34.956066,3.58254,1031.4893
ru29-20180812T0220,34,2018-08-15T23:58:20Z,8.08762013777746,82.31856909908785,910.28,910.28,7.1906,34.956066,3.58254,1031.4893
ru29-20180812T0220,34,2018-08-15T23:58:20Z,8.08762013777746,82.31856909908785,907.16,907.16,7.2074,34.956554,3.584,1031.4729
ru29-20180812T0220,34,2018-08-15T23:58:20Z,8.08762013777746,82.31856909908785,897.84,897.84,7.2958,34.960617,3.59213,1031.4199
ru29-20180812T0220,34,2018-08-15T23:58:20Z,8.08762013777746,82.31856909908785,887.87,887.87,7.374,34.95973,3.59884,1031.3617
ru29-20180812T0220,34,2018-08-15T23:58:20Z,8.08762013777746,82.31856909908785,879.19,879.19,7.3943,34.962097,3.60056,1031.3213
ru29-20180812T0220,34,2018-08-15T23:58:20Z,8.08762013777746,82.31856909908785,870.14,870.14,7.4638,34.966057,3.60696,1031.2725
ru29-20180812T0220,34,2018-08-15T23:58:20Z,8.08762013777746,82.31856909908785,861.56,861.56,7.5251,34.96865,3.6125,1031.2258
ru29-20180812T0220,34,2018-08-15T23:58:20Z,8.08762013777746,82.31856909908785,852.31,852.31,7.585,34.9699,3.61776,1031.1755
ru29-20180812T0220,34,2018-08-15T23:58:20Z,8.08762013777746,82.31856909908785,842.91,842.91,7.6332,34.96713,3.62156,1031.1232
ru29-20180812T0220,34,2018-08-15T23:58:20Z,8.08762013777746,82.31856909908785,833.73,833.73,7.7041,34.96958,3.62796,1031.0723
ru29-20180812T0220,34,2018-08-15T23:58:20Z,8.08762013777746,82.31856909908785,824.08,824.08,7.7313,34.972553,3.63034,1031.0267
ru29-20180812T0220,34,2018-08-15T23:58:20Z,8.08762013777746,82.31856909908785,814.76,814.76,7.8343,34.975872,3.6398,1030.9705
ru29-20180812T0220,34,2018-08-15T23:58:20Z,8.08762013777746,82.31856909908785,805.09,805.09,7.9044,34.98027,3.6463,1030.9188
ru29-20180812T0220,34,2018-08-15T23:58:20Z,8.08762013777746,82.31856909908785,795.45,795.45,7.9361,34.983086,3.64909,1030.8724
ru29-20180812T0220,34,2018-08-15T23:58:20Z,8.08762013777746,82.31856909908785,786.18,786.18,7.9776,34.985176,3.65274,1030.8256
ru29-20180812T0220,34,2018-08-15T23:58:20Z,8.08762013777746,82.31856909908785,776.56,776.56,8.0119,34.985275,3.65552,1030.7767
ru29-20180812T0220,34,2018-08-15T23:58:20Z,8.08762013777746,82.31856909908785,767.29,767.29,8.0579,34.987137,3.65957,1030.7289
ru29-20180812T0220,34,2018-08-15T23:58:20Z,8.08762013777746,82.31856909908785,757.48,757.48,8.0689,34.979923,3.65949,1030.6774
ru29-20180812T0220,34,2018-08-15T23:58:20Z,8.08762013777746,82.31856909908785,747.61,747.61,8.1168,34.981335,3.66365,1030.6262
ru29-20180812T0220,34,2018-08-15T23:58:20Z,8.08762013777746,82.31856909908785,737.73,737.73,8.1612,34.98173,3.66739,1030.5747
ru29-20180812T0220,34,2018-08-15T23:58:20Z,8.08762013777746,82.31856909908785,727.31,727.31,8.1867,34.982044,3.66934,1030.5238
ru29-20180812T0220,34,2018-08-15T23:58:20Z,8.08762013777746,82.31856909908785,717.29,717.29,8.3407,34.99038,3.68404,1030.4595
ru29-20180812T0220,34,2018-08-15T23:58:20Z,8.08762013777746,82.31856909908785,707.15,707.15,8.3807,34.990917,3.68738,1030.4076
ru29-20180812T0220,34,2018-08-15T23:58:20Z,8.08762013777746,82.31856909908785,697.09,697.09,8.4591,34.988297,3.69401,1030.3472
ru29-20180812T0220,34,2018-08-15T23:58:20Z,8.08762013777746,82.31856909908785,NaN,NaN,NaN,NaN,NaN,NaN
ru29-20180812T0220,34,2018-08-15T23:58:20Z,8.08762013777746,82.31856909908785,687.41,687.41,8.5151,34.99297,3.69926,1030.2979
ru29-20180812T0220,34,2018-08-15T23:58:20Z,8.08762013777746,82.31856909908785,677.36,677.36,8.5732,34.995605,3.7045,1030.2449
ru29-20180812T0220,34,2018-08-15T23:58:20Z,8.08762013777746,82.31856909908785,667.65,667.65,8.6095,34.997192,3.70762,1030.1964
ru29-20180812T0220,34,2018-08-15T23:58:20Z,8.08762013777746,82.31856909908785,657.55,657.55,8.6236,34.996906,3.70847,1030.1484
ru29-20180812T0220,34,2018-08-15T23:58:20Z,8.08762013777746,82.31856909908785,647.81,647.81,8.6894,34.998074,3.71431,1030.0944
ru29-20180812T0220,34,2018-08-15T23:58:20Z,8.08762013777746,82.31856909908785,638.49,638.49,8.6991,34.998917,3.71489,1030.0515
ru29-20180812T0220,34,2018-08-15T23:58:20Z,8.08762013777746,82.31856909908785,628.84,628.84,8.7746,34.998444,3.72149,1029.9949
ru29-20180812T0220,34,2018-08-15T23:58:20Z,8.08762013777746,82.31856909908785,619.69,619.69,8.8467,35.00051,3.72804,1029.9431
ru29-20180812T0220,34,2018-08-15T23:58:20Z,8.08762013777746,82.31856909908785,610.24,610.24,8.9177,35.00364,3.73458,1029.8909
ru29-20180812T0220,34,2018-08-15T23:58:20Z,8.08762013777746,82.31856909908785,600.64,600.64,9.0034,35.006165,3.74244,1029.835
ru29-20180812T0220,34,2018-08-15T23:58:20Z,8.08762013777746,82.31856909908785,591.26,591.26,9.0621,35.008057,3.74772,1029.7842
ru29-20180812T0220,34,2018-08-15T23:58:20Z,8.08762013777746,82.31856909908785,581.5,581.5,9.1312,35.01064,3.75403,1029.7305
ru29-20180812T0220,34,2018-08-15T23:58:20Z,8.08762013777746,82.31856909908785,572.26,572.26,9.2114,35.0129,3.76138,1029.6768
ru29-20180812T0220,34,2018-08-15T23:58:20Z,8.08762013777746,82.31856909908785,562.7,562.7,9.2848,35.01473,3.76804,1029.6224
ru29-20180812T0220,34,2018-08-15T23:58:20Z,8.08762013777746,82.31856909908785,552.96,552.96,9.3463,35.017525,3.77367,1029.5702
ru29-20180812T0220,34,2018-08-15T23:58:20Z,8.08762013777746,82.31856909908785,543.93,543.93,9.4245,35.021893,3.78106,1029.5193
ru29-20180812T0220,34,2018-08-15T23:58:20Z,8.08762013777746,82.31856909908785,534.67,534.67,9.517,35.02064,3.78925,1029.4604
ru29-20180812T0220,34,2018-08-15T23:58:20Z,8.08762013777746,82.31856909908785,525.9,525.9,9.6,35.023804,3.797,1029.4089
ru29-20180812T0220,34,2018-08-15T23:58:20Z,8.08762013777746,82.31856909908785,516.86,516.86,9.6398,35.02639,3.80061,1029.3634
ru29-20180812T0220,34,2018-08-15T23:58:20Z,8.08762013777746,82.31856909908785,507.67,507.67,9.7086,35.027912,3.80685,1029.3112
ru29-20180812T0220,34,2018-08-15T23:58:20Z,8.08762013777746,82.31856909908785,498.97,498.97,9.7239,35.02902,3.80802,1029.2703
ru29-20180812T0220,34,2018-08-15T23:58:20Z,8.08762013777746,82.31856909908785,489.54,489.54,9.7852,35.027615,3.81326,1029.216
ru29-20180812T0220,34,2018-08-15T23:58:20Z,8.08762013777746,82.31856909908785,480.48,480.48,9.8575,35.029083,3.81984,1029.1636
ru29-20180812T0220,34,2018-08-15T23:58:20Z,8.08762013777746,82.31856909908785,471.06,471.06,9.9201,35.029015,3.82534,1029.11
ru29-20180812T0220,34,2018-08-15T23:58:20Z,8.08762013777746,82.31856909908785,461.72,461.72,9.9994,35.03152,3.83268,1029.0558
ru29-20180812T0220,34,2018-08-15T23:58:20Z,8.08762013777746,82.31856909908785,451.91,451.91,10.0913,35.033527,3.84115,1028.9968
ru29-20180812T0220,34,2018-08-15T23:58:20Z,8.08762013777746,82.31856909908785,440.18,440.18,10.1941,35.037395,3.85076,1028.9287
ru29-20180812T0220,34,2018-08-15T23:58:20Z,8.08762013777746,82.31856909908785,428.81,428.81,10.3247,35.037766,3.86269,1028.8542
ru29-20180812T0220,34,2018-08-15T23:58:20Z,8.08762013777746,82.31856909908785,416.95,416.95,10.3995,35.041187,3.86961,1028.79
ru29-20180812T0220,34,2018-08-15T23:58:20Z,8.08762013777746,82.31856909908785,405.17,405.17,10.4294,35.042187,3.87203,1028.7327
ru29-20180812T0220,34,2018-08-15T23:58:20Z,8.08762013777746,82.31856909908785,394.13,394.13,10.5086,35.043068,3.87916,1028.6693
ru29-20180812T0220,34,2018-08-15T23:58:20Z,8.08762013777746,82.31856909908785,382.34,382.34,10.5964,35.04243,3.88693,1028.5999
ru29-20180812T0220,34,2018-08-15T23:58:20Z,8.08762013777746,82.31856909908785,370.36,370.36,10.6491,35.04387,3.89156,1028.5376
ru29-20180812T0220,34,2018-08-15T23:58:20Z,8.08762013777746,82.31856909908785,359.04,359.04,10.7417,35.04918,3.90041,1028.4739
ru29-20180812T0220,34,2018-08-15T23:58:20Z,8.08762013777746,82.31856909908785,347.4,347.4,10.812,35.045506,3.90623,1028.4058
ru29-20180812T0220,34,2018-08-15T23:58:20Z,8.08762013777746,82.31856909908785,336.41,336.41,10.8702,35.04436,3.91118,1028.3448
ru29-20180812T0220,34,2018-08-15T23:58:20Z,8.08762013777746,82.31856909908785,324.99,324.99,10.9489,35.046215,3.91837,1028.2805
ru29-20180812T0220,34,2018-08-15T23:58:20Z,8.08762013777746,82.31856909908785,313.0,313.0,11.0788,35.051525,3.93078,1028.2067
ru29-20180812T0220,34,2018-08-15T23:58:20Z,8.08762013777746,82.31856909908785,301.35,301.35,11.1179,35.054802,3.93433,1028.1497
ru29-20180812T0220,34,2018-08-15T23:58:20Z,8.08762013777746,82.31856909908785,289.2,289.2,11.2663,35.051434,3.94765,1028.0647
ru29-20180812T0220,34,2018-08-15T23:58:20Z,8.08762013777746,82.31856909908785,277.9,277.9,11.3619,35.052094,3.95637,1027.9965
ru29-20180812T0220,34,2018-08-15T23:58:20Z,8.08762013777746,82.31856909908785,266.14,266.14,11.4066,35.04112,3.95902,1027.9269
ru29-20180812T0220,34,2018-08-15T23:58:20Z,8.08762013777746,82.31856909908785,254.73,254.73,11.4559,35.022785,3.96138,1027.8522
ru29-20180812T0220,34,2018-08-15T23:58:20Z,8.08762013777746,82.31856909908785,244.11,244.11,11.5353,35.019657,3.9682,1027.7871
ru29-20180812T0220,34,2018-08-15T23:58:20Z,8.08762013777746,82.31856909908785,233.28,233.28,11.7147,35.044403,3.98745,1027.7234
ru29-20180812T0220,34,2018-08-15T23:58:20Z,8.08762013777746,82.31856909908785,222.85,222.85,11.7544,35.031757,3.98951,1027.6593
ru29-20180812T0220,34,2018-08-15T23:58:20Z,8.08762013777746,82.31856909908785,211.52,211.52,12.0004,35.025032,4.01197,1027.5557
ru29-20180812T0220,34,2018-08-15T23:58:20Z,8.08762013777746,82.31856909908785,200.18,200.18,12.2526,35.01923,4.03516,1027.451
ru29-20180812T0220,34,2018-08-15T23:58:20Z,8.08762013777746,82.31856909908785,189.38,189.38,12.4516,35.01635,4.05358,1027.3611
ru29-20180812T0220,34,2018-08-15T23:58:20Z,8.08762013777746,82.31856909908785,177.79,177.79,12.6107,35.015255,4.06832,1027.2769
ru29-20180812T0220,34,2018-08-15T23:58:20Z,8.08762013777746,82.31856909908785,166.82,166.82,13.0778,34.99896,4.11135,1027.1207
ru29-20180812T0220,34,2018-08-15T23:58:20Z,8.08762013777746,82.31856909908785,155.6,155.6,13.4959,34.985527,4.15003,1026.9741
ru29-20180812T0220,34,2018-08-15T23:58:20Z,8.08762013777746,82.31856909908785,144.42,144.42,13.942,34.970123,4.19133,1026.8187
ru29-20180812T0220,34,2018-08-15T23:58:20Z,8.08762013777746,82.31856909908785,134.25,134.25,14.3173,34.960625,4.2265,1026.6859
ru29-20180812T0220,34,2018-08-15T23:58:20Z,8.08762013777746,82.31856909908785,124.14,124.14,14.7507,34.94957,4.26728,1026.5383
ru29-20180812T0220,34,2018-08-15T23:58:20Z,8.08762013777746,82.31856909908785,115.21,115.21,15.6597,34.91621,4.35257,1026.27
ru29-20180812T0220,34,2018-08-15T23:58:20Z,8.08762013777746,82.31856909908785,105.47,105.47,16.3206,34.899403,4.41554,1026.062
ru29-20180812T0220,34,2018-08-15T23:58:20Z,8.08762013777746,82.31856909908785,96.25,96.25,16.8432,34.8907,4.46596,1025.8916
ru29-20180812T0220,34,2018-08-15T23:58:20Z,8.08762013777746,82.31856909908785,87.72,87.72,17.3906,34.874557,4.51818,1025.7104
ru29-20180812T0220,34,2018-08-15T23:58:20Z,8.08762013777746,82.31856909908785,79.7,79.7,18.5539,34.838078,4.62984,1025.3597
ru29-20180812T0220,34,2018-08-15T23:58:20Z,8.08762013777746,82.31856909908785,73.11,73.11,18.9212,34.846706,4.66746,1025.2443
ru29-20180812T0220,34,2018-08-15T23:58:20Z,8.08762013777746,82.31856909908785,64.94,64.94,19.6232,34.834866,4.7364,1025.0183
ru29-20180812T0220,34,2018-08-15T23:58:20Z,8.08762013777746,82.31856909908785,56.06,56.06,20.3644,34.831688,4.81061,1024.7814
ru29-20180812T0220,34,2018-08-15T23:58:20Z,8.08762013777746,82.31856909908785,49.51,49.51,21.2629,34.805565,4.89839,1024.4896
ru29-20180812T0220,47,2018-08-16T06:57:03Z,8.061448522452508,82.39854497772136,4.83,4.83,28.401,33.773624,5.48886,1021.36237
ru29-20180812T0220,47,2018-08-16T06:57:03Z,8.061448522452508,82.39854497772136,16.51,16.51,28.394,33.77342,5.48859,1021.41455
ru29-20180812T0220,47,2018-08-16T06:57:03Z,8.061448522452508,82.39854497772136,29.2,29.2,28.2775,33.794964,5.48023,1021.5234
ru29-20180812T0220,47,2018-08-16T06:57:03Z,8.061448522452508,82.39854497772136,40.0,40.0,24.4921,34.72332,5.21888,1023.45807
ru29-20180812T0220,47,2018-08-16T06:57:03Z,8.061448522452508,82.39854497772136,51.17,51.17,22.7526,34.87845,5.06025,1024.1343
ru29-20180812T0220,47,2018-08-16T06:57:03Z,8.061448522452508,82.39854497772136,63.99,63.99,21.418,34.86728,4.92258,1024.5569
ru29-20180812T0220,47,2018-08-16T06:57:03Z,8.061448522452508,82.39854497772136,73.78,73.78,19.9112,34.879475,4.77132,1025.0154
ru29-20180812T0220,47,2018-08-16T06:57:03Z,8.061448522452508,82.39854497772136,82.47,82.47,19.2419,34.873882,4.70341,1025.2236
ru29-20180812T0220,47,2018-08-16T06:57:03Z,8.061448522452508,82.39854497772136,90.22,90.22,18.6748,34.864853,4.64561,1025.3956
ru29-20180812T0220,47,2018-08-16T06:57:03Z,8.061448522452508,82.39854497772136,97.37,97.37,17.3992,34.91252,4.52385,1025.7798
ru29-20180812T0220,47,2018-08-16T06:57:03Z,8.061448522452508,82.39854497772136,102.73,102.73,16.3684,34.942013,4.42497,1026.0714
ru29-20180812T0220,47,2018-08-16T06:57:03Z,8.061448522452508,82.39854497772136,109.35,109.35,15.8042,34.941967,4.36944,1026.2311
ru29-20180812T0220,47,2018-08-16T06:57:03Z,8.061448522452508,82.39854497772136,116.13,116.13,15.4424,34.95027,4.33498,1026.3495
ru29-20180812T0220,47,2018-08-16T06:57:03Z,8.061448522452508,82.39854497772136,123.08,123.08,14.9378,34.962,4.28695,1026.502
ru29-20180812T0220,47,2018-08-16T06:57:03Z,8.061448522452508,82.39854497772136,129.5,129.5,14.6322,34.96891,4.25801,1026.6029
ru29-20180812T0220,47,2018-08-16T06:57:03Z,8.061448522452508,82.39854497772136,136.4,136.4,14.2191,34.983448,4.21946,1026.7341
ru29-20180812T0220,47,2018-08-16T06:57:03Z,8.061448522452508,82.39854497772136,143.09,143.09,13.8908,34.989376,4.18834,1026.8385
ru29-20180812T0220,47,2018-08-16T06:57:03Z,8.061448522452508,82.39854497772136,150.06,150.06,13.4527,35.008606,4.14803,1026.9762
ru29-20180812T0220,47,2018-08-16T06:57:03Z,8.061448522452508,82.39854497772136,157.05,157.05,13.2241,35.012054,4.12649,1027.0574
ru29-20180812T0220,47,2018-08-16T06:57:03Z,8.061448522452508,82.39854497772136,164.44,164.44,12.7739,35.0278,4.08482,1027.1942
ru29-20180812T0220,47,2018-08-16T06:57:03Z,8.061448522452508,82.39854497772136,171.26,171.26,12.558,35.027523,4.06421,1027.2677
ru29-20180812T0220,47,2018-08-16T06:57:03Z,8.061448522452508,82.39854497772136,177.09,177.09,12.4515,35.02511,4.05393,1027.3131
ru29-20180812T0220,47,2018-08-16T06:57:03Z,8.061448522452508,82.39854497772136,182.96,182.96,12.2504,35.029408,4.03523,1027.3824
ru29-20180812T0220,47,2018-08-16T06:57:03Z,8.061448522452508,82.39854497772136,189.39,189.39,12.108,35.0397,4.02285,1027.4471
ru29-20180812T0220,47,2018-08-16T06:57:03Z,8.061448522452508,82.39854497772136,195.43,195.43,12.0519,35.04189,4.01794,1027.4868
ru29-20180812T0220,47,2018-08-16T06:57:03Z,8.061448522452508,82.39854497772136,201.74,201.74,11.8466,35.030396,3.99729,1027.546
ru29-20180812T0220,47,2018-08-16T06:57:03Z,8.061448522452508,82.39854497772136,207.49,207.49,11.7415,35.01747,3.98613,1027.582
ru29-20180812T0220,47,2018-08-16T06:57:03Z,8.061448522452508,82.39854497772136,213.46,213.46,11.6863,35.00876,3.98021,1027.6125
ru29-20180812T0220,47,2018-08-16T06:57:03Z,8.061448522452508,82.39854497772136,219.74,219.74,11.6329,35.00948,3.97544,1027.6515
ru29-20180812T0220,47,2018-08-16T06:57:03Z,8.061448522452508,82.39854497772136,225.72,225.72,11.6112,35.009624,3.97364,1027.6825
ru29-20180812T0220,47,2018-08-16T06:57:03Z,8.061448522452508,82.39854497772136,232.09,232.09,11.5913,35.009766,3.97203,1027.7148
ru29-20180812T0220,47,2018-08-16T06:57:03Z,8.061448522452508,82.39854497772136,238.15,238.15,11.5573,35.009865,3.96905,1027.7485
ru29-20180812T0220,47,2018-08-16T06:57:03Z,8.061448522452508,82.39854497772136,244.6,244.6,11.5368,35.010532,3.96744,1027.7819
ru29-20180812T0220,47,2018-08-16T06:57:03Z,8.061448522452508,82.39854497772136,250.88,250.88,11.5162,35.010384,3.96573,1027.8138
ru29-20180812T0220,47,2018-08-16T06:57:03Z,8.061448522452508,82.39854497772136,256.82,256.82,11.4691,35.01185,3.96163,1027.8505
ru29-20180812T0220,47,2018-08-16T06:57:03Z,8.061448522452508,82.39854497772136,263.17,263.17,11.4348,35.01109,3.95855,1027.8849
ru29-20180812T0220,47,2018-08-16T06:57:03Z,8.061448522452508,82.39854497772136,269.3,269.3,11.3596,35.013138,3.95183,1027.9282
ru29-20180812T0220,47,2018-08-16T06:57:03Z,8.061448522452508,82.39854497772136,275.65,275.65,11.3531,35.01304,3.95148,1027.9578
ru29-20180812T0220,47,2018-08-16T06:57:03Z,8.061448522452508,82.39854497772136,282.03,282.03,11.3481,35.016846,3.95167,1027.9902
ru29-20180812T0220,47,2018-08-16T06:57:03Z,8.061448522452508,82.39854497772136,288.14,288.14,11.3677,35.032204,3.95537,1028.0258
ru29-20180812T0220,47,2018-08-16T06:57:03Z,8.061448522452508,82.39854497772136,294.49,294.49,11.3328,35.04873,3.95398,1028.0736
ru29-20180812T0220,47,2018-08-16T06:57:03Z,8.061448522452508,82.39854497772136,301.73,301.73,11.284,35.050133,3.94977,1028.1163
ru29-20180812T0220,47,2018-08-16T06:57:03Z,8.061448522452508,82.39854497772136,309.92,309.92,11.2207,35.05356,3.94442,1028.1676
ru29-20180812T0220,47,2018-08-16T06:57:03Z,8.061448522452508,82.39854497772136,318.25,318.25,11.0718,35.056465,3.93084,1028.2352
ru29-20180812T0220,47,2018-08-16T06:57:03Z,8.061448522452508,82.39854497772136,326.19,326.19,11.0371,35.057304,3.92796,1028.278
ru29-20180812T0220,47,2018-08-16T06:57:03Z,8.061448522452508,82.39854497772136,334.47,334.47,10.9359,35.059402,3.91887,1028.3356
ru29-20180812T0220,47,2018-08-16T06:57:03Z,8.061448522452508,82.39854497772136,342.34,342.34,10.8932,35.05828,3.91503,1028.3779
ru29-20180812T0220,47,2018-08-16T06:57:03Z,8.061448522452508,82.39854497772136,350.42,350.42,10.7284,35.050583,3.8989,1028.4388
ru29-20180812T0220,47,2018-08-16T06:57:03Z,8.061448522452508,82.39854497772136,358.86,358.86,10.6505,35.05037,3.89183,1028.4908
ru29-20180812T0220,47,2018-08-16T06:57:03Z,8.061448522452508,82.39854497772136,366.86,366.86,10.5782,35.050068,3.88527,1028.5398
ru29-20180812T0220,47,2018-08-16T06:57:03Z,8.061448522452508,82.39854497772136,374.95,374.95,10.5739,35.04655,3.88487,1028.5741
ru29-20180812T0220,47,2018-08-16T06:57:03Z,8.061448522452508,82.39854497772136,382.54,382.54,10.5095,35.04637,3.87906,1028.6198
ru29-20180812T0220,47,2018-08-16T06:57:03Z,8.061448522452508,82.39854497772136,390.13,390.13,10.4575,35.047478,3.87456,1028.6642
ru29-20180812T0220,47,2018-08-16T06:57:03Z,8.061448522452508,82.39854497772136,397.5,397.5,10.3385,35.044487,3.86328,1028.7167
ru29-20180812T0220,47,2018-08-16T06:57:03Z,8.061448522452508,82.39854497772136,404.19,404.19,10.2954,35.042942,3.85933,1028.7533
ru29-20180812T0220,47,2018-08-16T06:57:03Z,8.061448522452508,82.39854497772136,411.7,411.7,10.1862,35.04256,3.84926,1028.8065
ru29-20180812T0220,47,2018-08-16T06:57:03Z,8.061448522452508,82.39854497772136,418.61,418.61,10.1312,35.039417,3.84404,1028.845
ru29-20180812T0220,47,2018-08-16T06:57:03Z,8.061448522452508,82.39854497772136,425.91,425.91,10.1032,35.0373,3.8415,1028.8811
ru29-20180812T0220,47,2018-08-16T06:57:03Z,8.061448522452508,82.39854497772136,432.89,432.89,10.0745,35.037624,3.83912,1028.9178
ru29-20180812T0220,47,2018-08-16T06:57:03Z,8.061448522452508,82.39854497772136,439.67,439.67,10.002,35.03782,3.83257,1028.9614
ru29-20180812T0220,47,2018-08-16T06:57:03Z,8.061448522452508,82.39854497772136,446.76,446.76,9.974,35.036987,3.83015,1028.9976
ru29-20180812T0220,47,2018-08-16T06:57:03Z,8.061448522452508,82.39854497772136,453.59,453.59,9.9236,35.035862,3.82557,1029.0364
ru29-20180812T0220,47,2018-08-16T06:57:03Z,8.061448522452508,82.39854497772136,460.66,460.66,9.8663,35.03514,3.82039,1029.0778
ru29-20180812T0220,47,2018-08-16T06:57:03Z,8.061448522452508,82.39854497772136,467.94,467.94,9.8363,35.032135,3.81758,1029.1135
ru29-20180812T0220,47,2018-08-16T06:57:03Z,8.061448522452508,82.39854497772136,474.99,474.99,9.7479,35.030552,3.80938,1029.1597
ru29-20180812T0220,47,2018-08-16T06:57:03Z,8.061448522452508,82.39854497772136,482.37,482.37,9.7013,35.02652,3.80491,1029.1979
ru29-20180812T0220,47,2018-08-16T06:57:03Z,8.061448522452508,82.39854497772136,489.15,489.15,9.5753,35.024925,3.79316,1029.2494
ru29-20180812T0220,47,2018-08-16T06:57:03Z,8.061448522452508,82.39854497772136,496.39,496.39,9.5003,35.0227,3.78619,1029.2933
ru29-20180812T0220,47,2018-08-16T06:57:03Z,8.061448522452508,82.39854497772136,503.85,503.85,9.4584,35.02137,3.78244,1029.3331
ru29-20180812T0220,47,2018-08-16T06:57:03Z,8.061448522452508,82.39854497772136,510.95,510.95,9.4319,35.019657,3.78009,1029.3683
ru29-20180812T0220,47,2018-08-16T06:57:03Z,8.061448522452508,82.39854497772136,518.62,518.62,9.4041,35.016876,3.77754,1029.4055
ru29-20180812T0220,47,2018-08-16T06:57:03Z,8.061448522452508,82.39854497772136,526.31,526.31,9.3456,35.01626,3.77231,1029.4497
ru29-20180812T0220,47,2018-08-16T06:57:03Z,8.061448522452508,82.39854497772136,534.31,534.31,9.3337,35.014996,3.77142,1029.4867
ru29-20180812T0220,47,2018-08-16T06:57:03Z,8.061448522452508,82.39854497772136,542.19,542.19,9.2972,35.014465,3.76828,1029.5281
ru29-20180812T0220,47,2018-08-16T06:57:03Z,8.061448522452508,82.39854497772136,549.91,549.91,9.2583,35.015507,3.76506,1029.5703
ru29-20180812T0220,47,2018-08-16T06:57:03Z,8.061448522452508,82.39854497772136,557.86,557.86,9.1613,35.01469,3.75621,1029.6222
ru29-20180812T0220,47,2018-08-16T06:57:03Z,8.061448522452508,82.39854497772136,565.46,565.46,9.1304,35.012295,3.75341,1029.6599
ru29-20180812T0220,47,2018-08-16T06:57:03Z,8.061448522452508,82.39854497772136,573.31,573.31,9.0742,35.01099,3.74835,1029.7039
ru29-20180812T0220,47,2018-08-16T06:57:03Z,8.061448522452508,82.39854497772136,581.2,581.2,9.0122,35.00801,3.74259,1029.7477
ru29-20180812T0220,47,2018-08-16T06:57:03Z,8.061448522452508,82.39854497772136,588.39,588.39,8.9858,35.00824,3.74045,1029.7847
ru29-20180812T0220,47,2018-08-16T06:57:03Z,8.061448522452508,82.39854497772136,596.02,596.02,8.947,35.00673,3.737,1029.8245
ru29-20180812T0220,47,2018-08-16T06:57:03Z,8.061448522452508,82.39854497772136,603.45,603.45,8.9398,35.00672,3.73665,1029.859
ru29-20180812T0220,47,2018-08-16T06:57:03Z,8.061448522452508,82.39854497772136,611.15,611.15,8.8757,35.006752,3.73098,1029.9047
ru29-20180812T0220,47,2018-08-16T06:57:03Z,8.061448522452508,82.39854497772136,618.63,618.63,8.8573,35.00578,3.72949,1029.9407
ru29-20180812T0220,47,2018-08-16T06:57:03Z,8.061448522452508,82.39854497772136,625.7,625.7,8.8175,35.00473,3.72597,1029.9784
ru29-20180812T0220,47,2018-08-16T06:57:03Z,8.061448522452508,82.39854497772136,633.07,633.07,8.666,34.999382,3.7116,1030.0332
ru29-20180812T0220,47,2018-08-16T06:57:03Z,8.061448522452508,82.39854497772136,640.15,640.15,8.6111,34.997643,3.70661,1030.073
ru29-20180812T0220,47,2018-08-16T06:57:03Z,8.061448522452508,82.39854497772136,647.29,647.29,8.5686,34.99533,3.70273,1030.1105
ru29-20180812T0220,47,2018-08-16T06:57:03Z,8.061448522452508,82.39854497772136,654.46,654.46,8.5197,34.9936,3.69831,1030.1495
ru29-20180812T0220,47,2018-08-16T06:57:03Z,8.061448522452508,82.39854497772136,661.26,661.26,8.4808,34.995564,3.69516,1030.1882
ru29-20180812T0220,47,2018-08-16T06:57:03Z,8.061448522452508,82.39854497772136,668.44,668.44,8.4513,34.995678,3.69273,1030.2256
ru29-20180812T0220,47,2018-08-16T06:57:03Z,8.061448522452508,82.39854497772136,675.18,675.18,8.3336,34.98825,3.68134,1030.2699
ru29-20180812T0220,47,2018-08-16T06:57:03Z,8.061448522452508,82.39854497772136,682.41,682.41,8.2865,34.986084,3.67706,1030.3086
ru29-20180812T0220,47,2018-08-16T06:57:03Z,8.061448522452508,82.39854497772136,689.56,689.56,8.2314,34.987278,3.67235,1030.3508
ru29-20180812T0220,47,2018-08-16T06:57:03Z,8.061448522452508,82.39854497772136,696.36,696.36,8.226,34.98809,3.67222,1030.3829
ru29-20180812T0220,47,2018-08-16T06:57:03Z,8.061448522452508,82.39854497772136,703.34,703.34,8.1352,34.980972,3.6634,1030.4238
ru29-20180812T0220,47,2018-08-16T06:57:03Z,8.061448522452508,82.39854497772136,710.04,710.04,8.1118,34.98295,3.6617,1030.4595
ru29-20180812T0220,47,2018-08-16T06:57:03Z,8.061448522452508,82.39854497772136,717.14,717.14,8.1025,34.987488,3.66157,1030.4965
ru29-20180812T0220,47,2018-08-16T06:57:03Z,8.061448522452508,82.39854497772136,724.13,724.13,8.0653,34.98553,3.65823,1030.5325
ru29-20180812T0220,47,2018-08-16T06:57:03Z,8.061448522452508,82.39854497772136,730.85,730.85,8.0431,34.982464,3.65617,1030.564
ru29-20180812T0220,47,2018-08-16T06:57:03Z,8.061448522452508,82.39854497772136,737.87,737.87,7.9987,34.982918,3.65239,1030.6033
ru29-20180812T0220,47,2018-08-16T06:57:03Z,8.061448522452508,82.39854497772136,744.44,744.44,7.9822,34.982468,3.6511,1030.6351
ru29-20180812T0220,47,2018-08-16T06:57:03Z,8.061448522452508,82.39854497772136,751.26,751.26,7.9756,34.981686,3.65071,1030.6664
ru29-20180812T0220,47,2018-08-16T06:57:03Z,8.061448522452508,82.39854497772136,758.28,758.28,7.9509,34.985428,3.64907,1030.7048
ru29-20180812T0220,47,2018-08-16T06:57:03Z,8.061448522452508,82.39854497772136,765.13,765.13,7.9322,34.988743,3.64794,1030.7413
ru29-20180812T0220,47,2018-08-16T06:57:03Z,8.061448522452508,82.39854497772136,772.26,772.26,7.9291,34.98958,3.64804,1030.7745
ru29-20180812T0220,47,2018-08-16T06:57:03Z,8.061448522452508,82.39854497772136,778.91,778.91,7.9058,34.98857,3.64607,1030.8075
ru29-20180812T0220,47,2018-08-16T06:57:03Z,8.061448522452508,82.39854497772136,785.86,785.86,7.8462,34.987537,3.64074,1030.8478
ru29-20180812T0220,47,2018-08-16T06:57:03Z,8.061448522452508,82.39854497772136,792.92,792.92,7.805,34.979904,3.63651,1030.8804
ru29-20180812T0220,47,2018-08-16T06:57:03Z,8.061448522452508,82.39854497772136,799.54,799.54,7.7141,34.98092,3.62846,1030.9258
ru29-20180812T0220,47,2018-08-16T06:57:03Z,8.061448522452508,82.39854497772136,806.4,806.4,7.6925,34.978607,3.62654,1030.9584
ru29-20180812T0220,47,2018-08-16T06:57:03Z,8.061448522452508,82.39854497772136,813.12,813.12,7.678,34.982185,3.62582,1030.9938
ru29-20180812T0220,47,2018-08-16T06:57:03Z,8.061448522452508,82.39854497772136,820.2,820.2,7.6702,34.98182,3.62537,1031.0266
ru29-20180812T0220,47,2018-08-16T06:57:03Z,8.061448522452508,82.39854497772136,827.21,827.21,7.6042,34.98195,3.61957,1031.069
ru29-20180812T0220,47,2018-08-16T06:57:03Z,8.061448522452508,82.39854497772136,833.77,833.77,7.5373,34.977966,3.61329,1031.1063
ru29-20180812T0220,47,2018-08-16T06:57:03Z,8.061448522452508,82.39854497772136,840.98,840.98,7.4543,34.974163,3.60557,1031.1492
ru29-20180812T0220,47,2018-08-16T06:57:03Z,8.061448522452508,82.39854497772136,848.06,848.06,7.4032,34.970142,3.60078,1031.1862
ru29-20180812T0220,47,2018-08-16T06:57:03Z,8.061448522452508,82.39854497772136,855.28,855.28,7.323,34.968067,3.59349,1031.23
ru29-20180812T0220,47,2018-08-16T06:57:03Z,8.061448522452508,82.39854497772136,862.67,862.67,7.2947,34.966267,3.59103,1031.2664
ru29-20180812T0220,47,2018-08-16T06:57:03Z,8.061448522452508,82.39854497772136,869.89,869.89,7.2804,34.964836,3.58989,1031.3
ru29-20180812T0220,47,2018-08-16T06:57:03Z,8.061448522452508,82.39854497772136,877.27,877.27,7.26,34.96423,3.58827,1031.336
ru29-20180812T0220,47,2018-08-16T06:57:03Z,8.061448522452508,82.39854497772136,884.5,884.5,7.2227,34.957928,3.58456,1031.3696
ru29-20180812T0220,47,2018-08-16T06:57:03Z,8.061448522452508,82.39854497772136,891.9,891.9,7.2098,34.957607,3.58366,1031.4047
ru29-20180812T0220,47,2018-08-16T06:57:03Z,8.061448522452508,82.39854497772136,899.42,899.42,7.1551,34.950207,3.57826,1031.4415
ru29-20180812T0220,47,2018-08-16T06:57:03Z,8.061448522452508,82.39854497772136,906.58,906.58,7.1675,34.958023,3.58043,1031.4779
ru29-20180812T0220,47,2018-08-16T06:57:03Z,8.061448522452508,82.39854497772136,911.02,911.02,7.1543,34.95841,3.57944,1031.5002
ru29-20180812T0220,48,2018-08-16T08:17:17Z,8.057758574763197,82.41464664292444,911.02,911.02,7.1543,34.95841,3.57944,1031.5002
ru29-20180812T0220,48,2018-08-16T08:17:17Z,8.057758574763197,82.41464664292444,910.17,910.17,7.163,34.957043,3.58008,1031.4939
ru29-20180812T0220,48,2018-08-16T08:17:17Z,8.057758574763197,82.41464664292444,903.22,903.22,7.1656,34.95171,3.57953,1031.4581
ru29-20180812T0220,48,2018-08-16T08:17:17Z,8.057758574763197,82.41464664292444,892.88,892.88,7.2209,34.957756,3.58474,1031.4075
ru29-20180812T0220,48,2018-08-16T08:17:17Z,8.057758574763197,82.41464664292444,882.63,882.63,7.2709,34.96295,3.58939,1031.3574
ru29-20180812T0220,48,2018-08-16T08:17:17Z,8.057758574763197,82.41464664292444,871.7,871.7,7.3075,34.963634,3.59236,1031.3029
ru29-20180812T0220,48,2018-08-16T08:17:17Z,8.057758574763197,82.41464664292444,860.97,860.97,7.3933,34.96545,3.59999,1031.2422
ru29-20180812T0220,48,2018-08-16T08:17:17Z,8.057758574763197,82.41464664292444,849.98,849.98,7.4966,34.97122,3.6096,1031.1805
ru29-20180812T0220,48,2018-08-16T08:17:17Z,8.057758574763197,82.41464664292444,838.99,838.99,7.601,34.976307,3.61926,1031.118
ru29-20180812T0220,48,2018-08-16T08:17:17Z,8.057758574763197,82.41464664292444,828.72,828.72,7.7082,34.979115,3.62901,1031.0565
ru29-20180812T0220,48,2018-08-16T08:17:17Z,8.057758574763197,82.41464664292444,817.95,817.95,7.7275,34.981445,3.63055,1031.0067
ru29-20180812T0220,48,2018-08-16T08:17:17Z,8.057758574763197,82.41464664292444,807.7,807.7,7.7676,34.975166,3.63324,1030.9492
ru29-20180812T0220,48,2018-08-16T08:17:17Z,8.057758574763197,82.41464664292444,797.24,797.24,7.8921,34.987793,3.64552,1030.8915
ru29-20180812T0220,48,2018-08-16T08:17:17Z,8.057758574763197,82.41464664292444,787.02,787.02,7.9391,34.99022,3.64967,1030.8397
ru29-20180812T0220,48,2018-08-16T08:17:17Z,8.057758574763197,82.41464664292444,777.13,777.13,7.9915,34.991486,3.65423,1030.7876
ru29-20180812T0220,48,2018-08-16T08:17:17Z,8.057758574763197,82.41464664292444,766.91,766.91,8.0154,34.983498,3.65526,1030.7314
ru29-20180812T0220,48,2018-08-16T08:17:17Z,8.057758574763197,82.41464664292444,757.05,757.05,8.0436,34.98271,3.65738,1030.6819
ru29-20180812T0220,48,2018-08-16T08:17:17Z,8.057758574763197,82.41464664292444,746.84,746.84,8.1168,34.98787,3.66423,1030.6278
ru29-20180812T0220,48,2018-08-16T08:17:17Z,8.057758574763197,82.41464664292444,736.83,736.83,8.1406,34.98042,3.66531,1030.5731
ru29-20180812T0220,48,2018-08-16T08:17:17Z,8.057758574763197,82.41464664292444,726.91,726.91,8.1985,34.98267,3.67048,1030.5206
ru29-20180812T0220,48,2018-08-16T08:17:17Z,8.057758574763197,82.41464664292444,716.36,716.36,8.2528,34.98247,3.67506,1030.464
ru29-20180812T0220,48,2018-08-16T08:17:17Z,8.057758574763197,82.41464664292444,706.14,706.14,8.3451,34.98451,3.68341,1030.404
ru29-20180812T0220,48,2018-08-16T08:17:17Z,8.057758574763197,82.41464664292444,695.18,695.18,8.4275,34.987057,3.69086,1030.343
ru29-20180812T0220,48,2018-08-16T08:17:17Z,8.057758574763197,82.41464664292444,684.03,684.03,8.5059,34.989136,3.69789,1030.2812
ru29-20180812T0220,48,2018-08-16T08:17:17Z,8.057758574763197,82.41464664292444,673.1,673.1,8.5721,34.990852,3.70376,1030.2223
ru29-20180812T0220,48,2018-08-16T08:17:17Z,8.057758574763197,82.41464664292444,661.89,661.89,8.6046,34.994766,3.70668,1030.1694
ru29-20180812T0220,48,2018-08-16T08:17:17Z,8.057758574763197,82.41464664292444,651.2,651.2,8.7298,34.999557,3.71838,1030.1039
ru29-20180812T0220,48,2018-08-16T08:17:17Z,8.057758574763197,82.41464664292444,NaN,NaN,NaN,NaN,NaN,NaN
ru29-20180812T0220,48,2018-08-16T08:17:17Z,8.057758574763197,82.41464664292444,640.02,640.02,8.8727,35.003273,3.73163,1030.032
ru29-20180812T0220,48,2018-08-16T08:17:17Z,8.057758574763197,82.41464664292444,629.08,629.08,8.9274,35.004326,3.73638,1029.9744
ru29-20180812T0220,48,2018-08-16T08:17:17Z,8.057758574763197,82.41464664292444,617.68,617.68,8.9648,35.005383,3.73949,1029.9175
ru29-20180812T0220,48,2018-08-16T08:17:17Z,8.057758574763197,82.41464664292444,606.16,606.16,9.0696,35.006,3.74888,1029.8481
ru29-20180812T0220,48,2018-08-16T08:17:17Z,8.057758574763197,82.41464664292444,595.16,595.16,9.152,35.00884,3.75641,1029.7866
ru29-20180812T0220,48,2018-08-16T08:17:17Z,8.057758574763197,82.41464664292444,583.86,583.86,9.2271,35.010876,3.76317,1029.7245
ru29-20180812T0220,48,2018-08-16T08:17:17Z,8.057758574763197,82.41464664292444,572.93,572.93,9.2549,35.011864,3.7654,1029.6714
ru29-20180812T0220,48,2018-08-16T08:17:17Z,8.057758574763197,82.41464664292444,561.71,561.71,9.312,35.013115,3.7704,1029.6119
ru29-20180812T0220,48,2018-08-16T08:17:17Z,8.057758574763197,82.41464664292444,550.38,550.38,9.3894,35.013855,3.77726,1029.5482
ru29-20180812T0220,48,2018-08-16T08:17:17Z,8.057758574763197,82.41464664292444,539.45,539.45,9.4356,35.015495,3.78129,1029.4923
ru29-20180812T0220,48,2018-08-16T08:17:17Z,8.057758574763197,82.41464664292444,527.87,527.87,9.5215,35.018215,3.78914,1029.4274
ru29-20180812T0220,48,2018-08-16T08:17:17Z,8.057758574763197,82.41464664292444,516.86,516.86,9.6459,35.02191,3.80075,1029.3588
ru29-20180812T0220,48,2018-08-16T08:17:17Z,8.057758574763197,82.41464664292444,504.99,504.99,9.7262,35.024067,3.80802,1029.293
ru29-20180812T0220,48,2018-08-16T08:17:17Z,8.057758574763197,82.41464664292444,493.62,493.62,9.7685,35.02524,3.81163,1029.2354
ru29-20180812T0220,48,2018-08-16T08:17:17Z,8.057758574763197,82.41464664292444,482.94,482.94,9.8584,35.029865,3.82011,1029.175
ru29-20180812T0220,48,2018-08-16T08:17:17Z,8.057758574763197,82.41464664292444,471.77,471.77,9.9364,35.030304,3.82704,1029.1113
ru29-20180812T0220,48,2018-08-16T08:17:17Z,8.057758574763197,82.41464664292444,461.34,461.34,10.0061,35.03185,3.83333,1029.0532
ru29-20180812T0220,48,2018-08-16T08:17:17Z,8.057758574763197,82.41464664292444,450.82,450.82,10.048,35.032825,3.83693,1028.9993
ru29-20180812T0220,48,2018-08-16T08:17:17Z,8.057758574763197,82.41464664292444,440.3,440.3,10.0851,35.03251,3.83995,1028.9452
ru29-20180812T0220,48,2018-08-16T08:17:17Z,8.057758574763197,82.41464664292444,430.32,430.32,10.1956,35.036312,3.85036,1028.8834
ru29-20180812T0220,48,2018-08-16T08:17:17Z,8.057758574763197,82.41464664292444,419.68,419.68,10.2697,35.03843,3.85713,1028.8239
ru29-20180812T0220,48,2018-08-16T08:17:17Z,8.057758574763197,82.41464664292444,409.35,409.35,10.4565,35.036522,3.87423,1028.742
ru29-20180812T0220,48,2018-08-16T08:17:17Z,8.057758574763197,82.41464664292444,399.46,399.46,10.5684,35.042507,3.88503,1028.6818
ru29-20180812T0220,48,2018-08-16T08:17:17Z,8.057758574763197,82.41464664292444,389.39,389.39,10.6661,35.046463,3.89428,1028.6216
ru29-20180812T0220,48,2018-08-16T08:17:17Z,8.057758574763197,82.41464664292444,379.77,379.77,10.7777,35.047974,3.90464,1028.559
ru29-20180812T0220,48,2018-08-16T08:17:17Z,8.057758574763197,82.41464664292444,369.34,369.34,10.8512,35.052795,3.91167,1028.5023
ru29-20180812T0220,48,2018-08-16T08:17:17Z,8.057758574763197,82.41464664292444,358.94,358.94,10.9613,35.05091,3.92153,1028.4337
ru29-20180812T0220,48,2018-08-16T08:17:17Z,8.057758574763197,82.41464664292444,349.19,349.19,11.051,35.050842,3.92966,1028.3732
ru29-20180812T0220,48,2018-08-16T08:17:17Z,8.057758574763197,82.41464664292444,338.73,338.73,11.1935,35.048145,3.94255,1028.2974
ru29-20180812T0220,48,2018-08-16T08:17:17Z,8.057758574763197,82.41464664292444,328.69,328.69,11.2565,35.0494,3.94826,1028.2416
ru29-20180812T0220,48,2018-08-16T08:17:17Z,8.057758574763197,82.41464664292444,317.95,317.95,11.3163,35.028717,3.95142,1028.1661
ru29-20180812T0220,48,2018-08-16T08:17:17Z,8.057758574763197,82.41464664292444,307.19,307.19,11.3849,35.043045,3.95896,1028.116
ru29-20180812T0220,48,2018-08-16T08:17:17Z,8.057758574763197,82.41464664292444,296.96,296.96,11.3864,35.017742,3.95609,1028.0504
ru29-20180812T0220,48,2018-08-16T08:17:17Z,8.057758574763197,82.41464664292444,286.23,286.23,11.4428,35.0095,3.96018,1027.9852
ru29-20180812T0220,48,2018-08-16T08:17:17Z,8.057758574763197,82.41464664292444,276.3,276.3,11.4938,35.00808,3.96448,1027.9299
ru29-20180812T0220,48,2018-08-16T08:17:17Z,8.057758574763197,82.41464664292444,266.04,266.04,11.5438,35.007633,3.96877,1027.8741
ru29-20180812T0220,48,2018-08-16T08:17:17Z,8.057758574763197,82.41464664292444,255.93,255.93,11.5752,35.00743,3.97131,1027.8228
ru29-20180812T0220,48,2018-08-16T08:17:17Z,8.057758574763197,82.41464664292444,246.57,246.57,11.6085,35.00717,3.97406,1027.7743
ru29-20180812T0220,48,2018-08-16T08:17:17Z,8.057758574763197,82.41464664292444,237.15,237.15,11.6841,35.005474,3.98072,1027.7164
ru29-20180812T0220,48,2018-08-16T08:17:17Z,8.057758574763197,82.41464664292444,228.06,228.06,11.7164,35.005135,3.98338,1027.6692
ru29-20180812T0220,48,2018-08-16T08:17:17Z,8.057758574763197,82.41464664292444,218.3,218.3,11.7661,35.008213,3.98803,1027.6184
ru29-20180812T0220,48,2018-08-16T08:17:17Z,8.057758574763197,82.41464664292444,208.06,208.06,11.9059,35.020096,4.00222,1027.5548
ru29-20180812T0220,48,2018-08-16T08:17:17Z,8.057758574763197,82.41464664292444,198.59,198.59,12.157,35.03054,4.02704,1027.4716
ru29-20180812T0220,48,2018-08-16T08:17:17Z,8.057758574763197,82.41464664292444,188.53,188.53,12.4173,35.01325,4.04991,1027.3618
ru29-20180812T0220,48,2018-08-16T08:17:17Z,8.057758574763197,82.41464664292444,178.04,178.04,12.5991,35.010925,4.06676,1027.2769
ru29-20180812T0220,48,2018-08-16T08:17:17Z,8.057758574763197,82.41464664292444,167.12,167.12,12.8669,35.004795,4.09154,1027.1696
ru29-20180812T0220,48,2018-08-16T08:17:17Z,8.057758574763197,82.41464664292444,157.23,157.23,13.481,34.982285,4.14831,1026.9819
ru29-20180812T0220,48,2018-08-16T08:17:17Z,8.057758574763197,82.41464664292444,148.54,148.54,13.9458,34.97345,4.19224,1026.8387
ru29-20180812T0220,48,2018-08-16T08:17:17Z,8.057758574763197,82.41464664292444,140.05,140.05,14.4728,34.948944,4.2407,1026.669
ru29-20180812T0220,48,2018-08-16T08:17:17Z,8.057758574763197,82.41464664292444,131.55,131.55,15.0017,34.931835,4.29029,1026.5021
ru29-20180812T0220,48,2018-08-16T08:17:17Z,8.057758574763197,82.41464664292444,122.7,122.7,15.5987,34.91443,4.34669,1026.3157
ru29-20180812T0220,48,2018-08-16T08:17:17Z,8.057758574763197,82.41464664292444,115.66,115.66,16.5322,34.88647,4.43548,1026.0474
ru29-20180812T0220,48,2018-08-16T08:17:17Z,8.057758574763197,82.41464664292444,107.71,107.71,17.5609,34.85498,4.53376,1025.7418
ru29-20180812T0220,48,2018-08-16T08:17:17Z,8.057758574763197,82.41464664292444,99.0,99.0,18.264,34.840137,4.60188,1025.5186
ru29-20180812T0220,48,2018-08-16T08:17:17Z,8.057758574763197,82.41464664292444,91.87,91.87,18.713,34.840145,4.64658,1025.3743
ru29-20180812T0220,48,2018-08-16T08:17:17Z,8.057758574763197,82.41464664292444,85.06,85.06,19.3595,34.83629,4.71085,1025.1759
ru29-20180812T0220,48,2018-08-16T08:17:17Z,8.057758574763197,82.41464664292444,79.04,79.04,19.9053,34.83312,4.7653,1025.0045
ru29-20180812T0220,48,2018-08-16T08:17:17Z,8.057758574763197,82.41464664292444,71.74,71.74,21.18,34.81516,4.89211,1024.6163
ru29-20180812T0220,48,2018-08-16T08:17:17Z,8.057758574763197,82.41464664292444,64.05,64.05,21.769,34.80579,4.95067,1024.413
ru29-20180812T0220,48,2018-08-16T08:17:17Z,8.057758574763197,82.41464664292444,56.97,56.97,22.3468,34.83785,5.01359,1024.2443
ru29-20180812T0220,48,2018-08-16T08:17:17Z,8.057758574763197,82.41464664292444,49.17,49.17,22.9451,34.810146,5.07113,1024.0184
ru29-20180812T0220,48,2018-08-16T08:17:17Z,8.057758574763197,82.41464664292444,48.98,48.98,22.9926,34.798225,5.07446,1023.99493
ru29-20180812T0220,49,2018-08-16T15:10:50Z,8.035288371095211,82.4969431081277,1.03,1.03,28.2299,33.783432,5.47251,1021.4095
ru29-20180812T0220,49,2018-08-16T15:10:50Z,8.035288371095211,82.4969431081277,8.82,8.82,28.242,33.783043,5.47402,1021.43866
ru29-20180812T0220,49,2018-08-16T15:10:50Z,8.035288371095211,82.4969431081277,22.68,22.68,28.2084,33.794964,5.47285,1021.51807
ru29-20180812T0220,49,2018-08-16T15:10:50Z,8.035288371095211,82.4969431081277,36.44,36.44,27.6398,33.91274,5.43176,1021.85046
ru29-20180812T0220,49,2018-08-16T15:10:50Z,8.035288371095211,82.4969431081277,46.15,46.15,22.8727,34.88373,5.07308,1024.082
ru29-20180812T0220,49,2018-08-16T15:10:50Z,8.035288371095211,82.4969431081277,56.08,56.08,21.6475,34.86066,4.94485,1024.4539
ru29-20180812T0220,49,2018-08-16T15:10:50Z,8.035288371095211,82.4969431081277,66.18,66.18,20.2687,34.8768,4.80689,1024.8854
ru29-20180812T0220,49,2018-08-16T15:10:50Z,8.035288371095211,82.4969431081277,74.69,74.69,19.1388,34.880623,4.69349,1025.2213
ru29-20180812T0220,49,2018-08-16T15:10:50Z,8.035288371095211,82.4969431081277,83.54,83.54,17.7748,34.912117,4.5607,1025.6271
ru29-20180812T0220,49,2018-08-16T15:10:50Z,8.035288371095211,82.4969431081277,90.67,90.67,17.0135,34.91532,4.48546,1025.8453
ru29-20180812T0220,49,2018-08-16T15:10:50Z,8.035288371095211,82.4969431081277,98.06,98.06,16.5166,34.9249,4.43752,1026.003
ru29-20180812T0220,49,2018-08-16T15:10:50Z,8.035288371095211,82.4969431081277,105.64,105.64,16.1408,34.930317,4.40124,1026.1283
ru29-20180812T0220,49,2018-08-16T15:10:50Z,8.035288371095211,82.4969431081277,113.52,113.52,15.2911,34.959354,4.32097,1026.379
ru29-20180812T0220,49,2018-08-16T15:10:50Z,8.035288371095211,82.4969431081277,121.57,121.57,14.6555,34.978992,4.26104,1026.5704
ru29-20180812T0220,49,2018-08-16T15:10:50Z,8.035288371095211,82.4969431081277,129.91,129.91,14.1979,34.98215,4.21696,1026.709
ru29-20180812T0220,49,2018-08-16T15:10:50Z,8.035288371095211,82.4969431081277,137.4,137.4,13.8694,34.994328,4.18653,1026.8215
ru29-20180812T0220,49,2018-08-16T15:10:50Z,8.035288371095211,82.4969431081277,144.73,144.73,13.4427,35.01021,4.14699,1026.9558
ru29-20180812T0220,49,2018-08-16T15:10:50Z,8.035288371095211,82.4969431081277,151.66,151.66,13.3165,35.02128,4.1362,1027.0214
ru29-20180812T0220,49,2018-08-16T15:10:50Z,8.035288371095211,82.4969431081277,157.96,157.96,13.1707,35.03859,4.12414,1027.0929
ru29-20180812T0220,49,2018-08-16T15:10:50Z,8.035288371095211,82.4969431081277,163.67,163.67,13.0234,35.053406,4.11165,1027.1599
ru29-20180812T0220,49,2018-08-16T15:10:50Z,8.035288371095211,82.4969431081277,169.76,169.76,12.9014,35.080204,4.10289,1027.2327
ru29-20180812T0220,49,2018-08-16T15:10:50Z,8.035288371095211,82.4969431081277,176.32,176.32,12.6465,35.06143,4.07652,1027.2988
ru29-20180812T0220,49,2018-08-16T15:10:50Z,8.035288371095211,82.4969431081277,183.26,183.26,12.4396,35.054695,4.05612,1027.366
ru29-20180812T0220,49,2018-08-16T15:10:50Z,8.035288371095211,82.4969431081277,190.33,190.33,12.3764,35.04416,4.04924,1027.4019
ru29-20180812T0220,49,2018-08-16T15:10:50Z,8.035288371095211,82.4969431081277,196.82,196.82,12.2169,35.042046,4.03392,1027.4607
ru29-20180812T0220,49,2018-08-16T15:10:50Z,8.035288371095211,82.4969431081277,203.1,203.1,11.9697,35.0138,4.00749,1027.5153
ru29-20180812T0220,49,2018-08-16T15:10:50Z,8.035288371095211,82.4969431081277,209.3,209.3,11.9413,35.010433,4.00469,1027.5459
ru29-20180812T0220,49,2018-08-16T15:10:50Z,8.035288371095211,82.4969431081277,215.27,215.27,11.9069,35.011127,4.00172,1027.5798
ru29-20180812T0220,49,2018-08-16T15:10:50Z,8.035288371095211,82.4969431081277,221.48,221.48,11.8177,35.011177,3.99343,1027.625
ru29-20180812T0220,49,2018-08-16T15:10:50Z,8.035288371095211,82.4969431081277,227.65,227.65,11.7729,35.009396,3.98922,1027.6598
ru29-20180812T0220,49,2018-08-16T15:10:50Z,8.035288371095211,82.4969431081277,233.83,233.83,11.7393,35.00685,3.98601,1027.6919
ru29-20180812T0220,49,2018-08-16T15:10:50Z,8.035288371095211,82.4969431081277,240.03,240.03,11.7336,35.00696,3.98575,1027.7208
ru29-20180812T0220,49,2018-08-16T15:10:50Z,8.035288371095211,82.4969431081277,246.6,246.6,11.7139,35.007637,3.98422,1027.7545
ru29-20180812T0220,49,2018-08-16T15:10:50Z,8.035288371095211,82.4969431081277,253.19,253.19,11.6798,35.007626,3.98124,1027.7905
ru29-20180812T0220,49,2018-08-16T15:10:50Z,8.035288371095211,82.4969431081277,259.87,259.87,11.5982,35.015594,3.97452,1027.8423
ru29-20180812T0220,49,2018-08-16T15:10:50Z,8.035288371095211,82.4969431081277,266.54,266.54,11.6184,35.02018,3.97722,1027.8718
ru29-20180812T0220,49,2018-08-16T15:10:50Z,8.035288371095211,82.4969431081277,273.15,273.15,11.6117,35.025085,3.97737,1027.9065
ru29-20180812T0220,49,2018-08-16T15:10:50Z,8.035288371095211,82.4969431081277,279.78,279.78,11.6115,35.029263,3.97807,1027.9393
ru29-20180812T0220,49,2018-08-16T15:10:50Z,8.035288371095211,82.4969431081277,286.52,286.52,11.6338,35.051,3.98272,1027.982
ru29-20180812T0220,49,2018-08-16T15:10:50Z,8.035288371095211,82.4969431081277,293.35,293.35,11.5712,35.048,3.97671,1028.0223
ru29-20180812T0220,49,2018-08-16T15:10:50Z,8.035288371095211,82.4969431081277,300.3,300.3,11.5312,35.053314,3.97372,1028.0652
ru29-20180812T0220,49,2018-08-16T15:10:50Z,8.035288371095211,82.4969431081277,307.3,307.3,11.4505,35.053596,3.96632,1028.1122
ru29-20180812T0220,49,2018-08-16T15:10:50Z,8.035288371095211,82.4969431081277,314.12,314.12,11.3889,35.04877,3.96023,1028.1506
ru29-20180812T0220,49,2018-08-16T15:10:50Z,8.035288371095211,82.4969431081277,322.05,322.05,11.356,35.05224,3.95778,1028.1951
ru29-20180812T0220,49,2018-08-16T15:10:50Z,8.035288371095211,82.4969431081277,330.71,330.71,11.2174,35.051506,3.94482,1028.2596
ru29-20180812T0220,49,2018-08-16T15:10:50Z,8.035288371095211,82.4969431081277,339.45,339.45,11.1626,35.053448,3.94016,1028.3105
ru29-20180812T0220,49,2018-08-16T15:10:50Z,8.035288371095211,82.4969431081277,348.23,348.23,11.0262,35.04638,3.9268,1028.3701
ru29-20180812T0220,49,2018-08-16T15:10:50Z,8.035288371095211,82.4969431081277,356.65,356.65,10.9585,35.0488,3.92095,1028.4224
ru29-20180812T0220,49,2018-08-16T15:10:50Z,8.035288371095211,82.4969431081277,365.03,365.03,10.8697,35.04225,3.91219,1028.4714
ru29-20180812T0220,49,2018-08-16T15:10:50Z,8.035288371095211,82.4969431081277,372.98,372.98,10.7771,35.042538,3.90374,1028.5245
ru29-20180812T0220,49,2018-08-16T15:10:50Z,8.035288371095211,82.4969431081277,380.91,380.91,10.7112,35.042435,3.8978,1028.5721
ru29-20180812T0220,49,2018-08-16T15:10:50Z,8.035288371095211,82.4969431081277,388.63,388.63,10.6785,35.042873,3.89507,1028.6132
ru29-20180812T0220,49,2018-08-16T15:10:50Z,8.035288371095211,82.4969431081277,396.07,396.07,10.5521,35.03829,3.88291,1028.6663
ru29-20180812T0220,49,2018-08-16T15:10:50Z,8.035288371095211,82.4969431081277,403.37,403.37,10.4715,35.036503,3.87539,1028.7124
ru29-20180812T0220,49,2018-08-16T15:10:50Z,8.035288371095211,82.4969431081277,410.67,410.67,10.4206,35.03646,3.87087,1028.7544
ru29-20180812T0220,49,2018-08-16T15:10:50Z,8.035288371095211,82.4969431081277,418.02,418.02,10.3098,35.04082,3.8611,1028.811
ru29-20180812T0220,49,2018-08-16T15:10:50Z,8.035288371095211,82.4969431081277,425.48,425.48,10.2285,35.04192,3.85382,1028.8601
ru29-20180812T0220,49,2018-08-16T15:10:50Z,8.035288371095211,82.4969431081277,432.89,432.89,10.1887,35.036324,3.84982,1028.8961
ru29-20180812T0220,49,2018-08-16T15:10:50Z,8.035288371095211,82.4969431081277,439.89,439.89,10.2728,35.08743,3.86315,1028.9519
ru29-20180812T0220,49,2018-08-16T15:10:50Z,8.035288371095211,82.4969431081277,446.86,446.86,10.0891,35.06541,3.84385,1028.9994
ru29-20180812T0220,49,2018-08-16T15:10:50Z,8.035288371095211,82.4969431081277,453.88,453.88,10.0044,35.07307,3.83688,1029.0521
ru29-20180812T0220,49,2018-08-16T15:10:50Z,8.035288371095211,82.4969431081277,460.92,460.92,9.8693,35.05034,3.82217,1029.0902
ru29-20180812T0220,49,2018-08-16T15:10:50Z,8.035288371095211,82.4969431081277,467.62,467.62,9.8559,35.04872,3.82104,1029.1215
ru29-20180812T0220,49,2018-08-16T15:10:50Z,8.035288371095211,82.4969431081277,474.61,474.61,9.7591,35.042027,3.81154,1029.1649
ru29-20180812T0220,49,2018-08-16T15:10:50Z,8.035288371095211,82.4969431081277,481.71,481.71,9.8091,35.058414,3.81818,1029.2006
ru29-20180812T0220,49,2018-08-16T15:10:50Z,8.035288371095211,82.4969431081277,488.85,488.85,9.7387,35.054348,3.81144,1029.242
ru29-20180812T0220,49,2018-08-16T15:10:50Z,8.035288371095211,82.4969431081277,496.07,496.07,9.729,35.05741,3.81114,1029.2784
ru29-20180812T0220,49,2018-08-16T15:10:50Z,8.035288371095211,82.4969431081277,503.65,503.65,9.6453,35.051308,3.80297,1029.3225
ru29-20180812T0220,49,2018-08-16T15:10:50Z,8.035288371095211,82.4969431081277,511.0,511.0,9.579,35.049217,3.79683,1029.3656
ru29-20180812T0220,49,2018-08-16T15:10:50Z,8.035288371095211,82.4969431081277,518.63,518.63,9.5397,35.043995,3.79295,1029.4027
ru29-20180812T0220,49,2018-08-16T15:10:50Z,8.035288371095211,82.4969431081277,526.18,526.18,9.4707,35.04179,3.78656,1029.447
ru29-20180812T0220,49,2018-08-16T15:10:50Z,8.035288371095211,82.4969431081277,533.69,533.69,9.4365,35.041626,3.78365,1029.4867
ru29-20180812T0220,49,2018-08-16T15:10:50Z,8.035288371095211,82.4969431081277,541.07,541.07,9.3858,35.04032,3.77907,1029.5277
ru29-20180812T0220,49,2018-08-16T15:10:50Z,8.035288371095211,82.4969431081277,548.26,548.26,9.3458,35.03858,3.77545,1029.5656
ru29-20180812T0220,49,2018-08-16T15:10:50Z,8.035288371095211,82.4969431081277,555.67,555.67,9.2885,35.035164,3.77005,1029.6062
ru29-20180812T0220,49,2018-08-16T15:10:50Z,8.035288371095211,82.4969431081277,562.9,562.9,9.1921,35.02553,3.76037,1029.648
ru29-20180812T0220,49,2018-08-16T15:10:50Z,8.035288371095211,82.4969431081277,570.26,570.26,9.1404,35.0228,3.75557,1029.6879
ru29-20180812T0220,49,2018-08-16T15:10:50Z,8.035288371095211,82.4969431081277,577.28,577.28,9.126,35.02577,3.75481,1029.7241
ru29-20180812T0220,49,2018-08-16T15:10:50Z,8.035288371095211,82.4969431081277,584.45,584.45,9.0883,35.022934,3.75131,1029.7607
ru29-20180812T0220,49,2018-08-16T15:10:50Z,8.035288371095211,82.4969431081277,591.24,591.24,8.9574,35.015755,3.73863,1029.8082
ru29-20180812T0220,49,2018-08-16T15:10:50Z,8.035288371095211,82.4969431081277,598.23,598.23,8.9507,35.02006,3.73872,1029.8441
ru29-20180812T0220,49,2018-08-16T15:10:50Z,8.035288371095211,82.4969431081277,605.0,605.0,8.8599,35.023827,3.73086,1029.8931
ru29-20180812T0220,49,2018-08-16T15:10:50Z,8.035288371095211,82.4969431081277,611.98,611.98,8.7953,35.016167,3.72438,1029.9294
ru29-20180812T0220,49,2018-08-16T15:10:50Z,8.035288371095211,82.4969431081277,619.1,619.1,8.7828,35.016052,3.72351,1029.9635
ru29-20180812T0220,49,2018-08-16T15:10:50Z,8.035288371095211,82.4969431081277,626.42,626.42,8.7748,35.01562,3.72304,1029.9974
ru29-20180812T0220,49,2018-08-16T15:10:50Z,8.035288371095211,82.4969431081277,634.03,634.03,8.5922,35.00886,3.70564,1030.0575
ru29-20180812T0220,49,2018-08-16T15:10:50Z,8.035288371095211,82.4969431081277,641.4,641.4,8.5574,35.006977,3.70253,1030.095
ru29-20180812T0220,49,2018-08-16T15:10:50Z,8.035288371095211,82.4969431081277,648.88,648.88,8.5605,35.01038,3.70347,1030.1307
ru29-20180812T0220,49,2018-08-16T15:10:50Z,8.035288371095211,82.4969431081277,656.23,656.23,8.488,35.010006,3.69698,1030.1757
ru29-20180812T0220,49,2018-08-16T15:10:50Z,8.035288371095211,82.4969431081277,663.49,663.49,8.4146,35.008823,3.69033,1030.2197
ru29-20180812T0220,49,2018-08-16T15:10:50Z,8.035288371095211,82.4969431081277,670.56,670.56,8.276,35.00706,3.67754,1030.2734
ru29-20180812T0220,49,2018-08-16T15:10:50Z,8.035288371095211,82.4969431081277,677.83,677.83,8.2324,35.00427,3.67353,1030.3112
ru29-20180812T0220,49,2018-08-16T15:10:50Z,8.035288371095211,82.4969431081277,685.14,685.14,8.1942,35.001087,3.66999,1030.3479
ru29-20180812T0220,49,2018-08-16T15:10:50Z,8.035288371095211,82.4969431081277,692.26,692.26,8.1418,34.997787,3.66511,1030.3861
ru29-20180812T0220,49,2018-08-16T15:10:50Z,8.035288371095211,82.4969431081277,699.26,699.26,8.1323,34.997032,3.66446,1030.4186
ru29-20180812T0220,49,2018-08-16T15:10:50Z,8.035288371095211,82.4969431081277,706.25,706.25,8.1223,34.99784,3.66391,1030.4523
ru29-20180812T0220,49,2018-08-16T15:10:50Z,8.035288371095211,82.4969431081277,713.27,713.27,8.113,34.998158,3.66338,1030.4856
ru29-20180812T0220,49,2018-08-16T15:10:50Z,8.035288371095211,82.4969431081277,720.39,720.39,8.0891,34.99543,3.66121,1030.5195
ru29-20180812T0220,49,2018-08-16T15:10:50Z,8.035288371095211,82.4969431081277,727.3,727.3,8.0736,34.99459,3.65999,1030.5525
ru29-20180812T0220,49,2018-08-16T15:10:50Z,8.035288371095211,82.4969431081277,734.41,734.41,8.0652,34.994934,3.65955,1030.586
ru29-20180812T0220,49,2018-08-16T15:10:50Z,8.035288371095211,82.4969431081277,741.47,741.47,8.0488,34.997585,3.65858,1030.6226
ru29-20180812T0220,49,2018-08-16T15:10:50Z,8.035288371095211,82.4969431081277,748.32,748.32,8.0385,34.996944,3.65786,1030.6545
ru29-20180812T0220,49,2018-08-16T15:10:50Z,8.035288371095211,82.4969431081277,755.24,755.24,8.0266,34.99637,3.657,1030.6873
ru29-20180812T0220,49,2018-08-16T15:10:50Z,8.035288371095211,82.4969431081277,762.12,762.12,7.9911,34.99383,3.65376,1030.722
ru29-20180812T0220,49,2018-08-16T15:10:50Z,8.035288371095211,82.4969431081277,768.99,768.99,7.9747,34.99208,3.65237,1030.7543
ru29-20180812T0220,49,2018-08-16T15:10:50Z,8.035288371095211,82.4969431081277,775.67,775.67,7.9221,34.990993,3.64767,1030.7921
ru29-20180812T0220,49,2018-08-16T15:10:50Z,8.035288371095211,82.4969431081277,782.48,782.48,7.9168,34.98978,3.64736,1030.8226
ru29-20180812T0220,49,2018-08-16T15:10:50Z,8.035288371095211,82.4969431081277,789.36,789.36,7.8985,34.991188,3.64609,1030.8577
ru29-20180812T0220,49,2018-08-16T15:10:50Z,8.035288371095211,82.4969431081277,795.92,795.92,7.8563,34.98867,3.64222,1030.8922
ru29-20180812T0220,49,2018-08-16T15:10:50Z,8.035288371095211,82.4969431081277,802.64,802.64,7.8179,34.98785,3.63887,1030.9281
ru29-20180812T0220,49,2018-08-16T15:10:50Z,8.035288371095211,82.4969431081277,809.2,809.2,7.7686,34.983887,3.63421,1030.9626
ru29-20180812T0220,49,2018-08-16T15:10:50Z,8.035288371095211,82.4969431081277,815.64,815.64,7.7314,34.98186,3.63085,1030.9961
ru29-20180812T0220,49,2018-08-16T15:10:50Z,8.035288371095211,82.4969431081277,822.03,822.03,7.6902,34.978344,3.62698,1031.0288
ru29-20180812T0220,49,2018-08-16T15:10:50Z,8.035288371095211,82.4969431081277,828.42,828.42,7.6772,34.977356,3.62596,1031.0588
ru29-20180812T0220,49,2018-08-16T15:10:50Z,8.035288371095211,82.4969431081277,834.89,834.89,7.615,34.97233,3.62001,1031.0942
ru29-20180812T0220,49,2018-08-16T15:10:50Z,8.035288371095211,82.4969431081277,841.56,841.56,7.552,34.970436,3.61429,1031.133
ru29-20180812T0220,49,2018-08-16T15:10:50Z,8.035288371095211,82.4969431081277,848.08,848.08,7.5117,34.968357,3.61065,1031.1672
ru29-20180812T0220,49,2018-08-16T15:10:50Z,8.035288371095211,82.4969431081277,854.54,854.54,7.4931,34.972908,3.60963,1031.2029
ru29-20180812T0220,49,2018-08-16T15:10:50Z,8.035288371095211,82.4969431081277,860.83,860.83,7.4637,34.974506,3.60733,1031.2372
ru29-20180812T0220,49,2018-08-16T15:10:50Z,8.035288371095211,82.4969431081277,867.1,867.1,7.4228,34.972248,3.60361,1031.2703
ru29-20180812T0220,49,2018-08-16T15:10:50Z,8.035288371095211,82.4969431081277,873.37,873.37,7.3923,34.971043,3.60095,1031.3025
ru29-20180812T0220,49,2018-08-16T15:10:50Z,8.035288371095211,82.4969431081277,879.76,879.76,7.385,34.970055,3.60046,1031.3315
ru29-20180812T0220,49,2018-08-16T15:10:50Z,8.035288371095211,82.4969431081277,885.88,885.88,7.3307,34.96922,3.59563,1031.3672
ru29-20180812T0220,49,2018-08-16T15:10:50Z,8.035288371095211,82.4969431081277,892.03,892.03,7.2802,34.96714,3.59104,1031.4014
ru29-20180812T0220,49,2018-08-16T15:10:50Z,8.035288371095211,82.4969431081277,897.89,897.89,7.2363,34.964962,3.58704,1031.4331
ru29-20180812T0220,49,2018-08-16T15:10:50Z,8.035288371095211,82.4969431081277,904.0,904.0,7.2,34.963066,3.58378,1031.465
ru29-20180812T0220,49,2018-08-16T15:10:50Z,8.035288371095211,82.4969431081277,910.1,910.1,7.1682,34.96209,3.58102,1031.4967
ru29-20180812T0220,49,2018-08-16T15:10:50Z,8.035288371095211,82.4969431081277,916.18,916.18,7.1269,34.960518,3.57733,1031.5294
ru29-20180812T0220,49,2018-08-16T15:10:50Z,8.035288371095211,82.4969431081277,922.27,922.27,7.0838,34.95779,3.57337,1031.5616
ru29-20180812T0220,49,2018-08-16T15:10:50Z,8.035288371095211,82.4969431081277,928.27,928.27,7.0339,34.956463,3.56891,1031.5956
ru29-20180812T0220,49,2018-08-16T15:10:50Z,8.035288371095211,82.4969431081277,934.38,934.38,7.0172,34.95488,3.56749,1031.6245
ru29-20180812T0220,49,2018-08-16T15:10:50Z,8.035288371095211,82.4969431081277,940.61,940.61,7.0026,34.953743,3.56631,1031.6539
ru29-20180812T0220,49,2018-08-16T15:10:50Z,8.035288371095211,82.4969431081277,946.77,946.77,6.9763,34.95315,3.5641,1031.6853
ru29-20180812T0220,49,2018-08-16T15:10:50Z,8.035288371095211,82.4969431081277,953.02,953.02,6.9308,34.952583,3.56013,1031.7202
ru29-20180812T0220,49,2018-08-16T15:10:50Z,8.035288371095211,82.4969431081277,958.92,958.92,6.9039,34.95139,3.5578,1031.7501
ru29-20180812T0220,49,2018-08-16T15:10:50Z,8.035288371095211,82.4969431081277,960.09,960.09,6.9016,34.950634,3.55757,1031.7551
ru29-20180812T0220,50,2018-08-16T16:42:47Z,8.031310548775547,82.51267459706155,960.09,960.09,6.9016,34.950634,3.55757,1031.7551
ru29-20180812T0220,50,2018-08-16T16:42:47Z,8.031310548775547,82.51267459706155,956.53,956.53,6.9039,34.95098,3.55766,1031.739
ru29-20180812T0220,50,2018-08-16T16:42:47Z,8.031310548775547,82.51267459706155,949.29,949.29,6.9298,34.95075,3.55971,1031.7023
ru29-20180812T0220,50,2018-08-16T16:42:47Z,8.031310548775547,82.51267459706155,941.56,941.56,6.977,34.95085,3.56373,1031.66
ru29-20180812T0220,50,2018-08-16T16:42:47Z,8.031310548775547,82.51267459706155,932.79,932.79,7.0038,34.953373,3.56605,1031.6183
ru29-20180812T0220,50,2018-08-16T16:42:47Z,8.031310548775547,82.51267459706155,922.62,922.62,7.0312,34.954193,3.56821,1031.5688
ru29-20180812T0220,50,2018-08-16T16:42:47Z,8.031310548775547,82.51267459706155,912.09,912.09,7.123,34.957207,3.57649,1031.5092
ru29-20180812T0220,50,2018-08-16T16:42:47Z,8.031310548775547,82.51267459706155,901.95,901.95,7.1878,34.9593,3.58222,1031.4547
ru29-20180812T0220,50,2018-08-16T16:42:47Z,8.031310548775547,82.51267459706155,891.96,891.96,7.2238,34.962128,3.58537,1031.4062
ru29-20180812T0220,50,2018-08-16T16:42:47Z,8.031310548775547,82.51267459706155,881.73,881.73,7.317,34.964172,3.59372,1031.3468
ru29-20180812T0220,50,2018-08-16T16:42:47Z,8.031310548775547,82.51267459706155,871.79,871.79,7.3909,34.968094,3.60048,1031.2932
ru29-20180812T0220,50,2018-08-16T16:42:47Z,8.031310548775547,82.51267459706155,862.06,862.06,7.4341,34.969795,3.60421,1031.2439
ru29-20180812T0220,50,2018-08-16T16:42:47Z,8.031310548775547,82.51267459706155,852.56,852.56,7.4935,34.971382,3.60944,1031.1927
ru29-20180812T0220,50,2018-08-16T16:42:47Z,8.031310548775547,82.51267459706155,842.71,842.71,7.5162,34.972202,3.61119,1031.1454
ru29-20180812T0220,50,2018-08-16T16:42:47Z,8.031310548775547,82.51267459706155,833.12,833.12,7.5608,34.96969,3.61467,1031.093
ru29-20180812T0220,50,2018-08-16T16:42:47Z,8.031310548775547,82.51267459706155,823.49,823.49,7.6434,34.97182,3.6221,1031.038
ru29-20180812T0220,50,2018-08-16T16:42:47Z,8.031310548775547,82.51267459706155,813.8,813.8,7.6894,34.97674,3.6264,1030.9907
ru29-20180812T0220,50,2018-08-16T16:42:47Z,8.031310548775547,82.51267459706155,803.96,803.96,7.7383,34.98064,3.63087,1030.9415
ru29-20180812T0220,50,2018-08-16T16:42:47Z,8.031310548775547,82.51267459706155,794.19,794.19,7.8288,34.984257,3.63918,1030.8855
ru29-20180812T0220,50,2018-08-16T16:42:47Z,8.031310548775547,82.51267459706155,784.54,784.54,7.8763,34.989063,3.64362,1030.838
ru29-20180812T0220,50,2018-08-16T16:42:47Z,8.031310548775547,82.51267459706155,775.02,775.02,7.9097,34.988644,3.64627,1030.7894
ru29-20180812T0220,50,2018-08-16T16:42:47Z,8.031310548775547,82.51267459706155,765.69,765.69,7.9444,34.987267,3.64896,1030.7407
ru29-20180812T0220,50,2018-08-16T16:42:47Z,8.031310548775547,82.51267459706155,756.47,756.47,7.9606,34.989033,3.65023,1030.698
ru29-20180812T0220,50,2018-08-16T16:42:47Z,8.031310548775547,82.51267459706155,747.21,747.21,8.0281,34.994766,3.65664,1030.6497
ru29-20180812T0220,50,2018-08-16T16:42:47Z,8.031310548775547,82.51267459706155,737.97,737.97,8.073,34.99674,3.6606,1030.6022
ru29-20180812T0220,50,2018-08-16T16:42:47Z,8.031310548775547,82.51267459706155,728.96,728.96,8.0768,34.993633,3.66027,1030.5586
ru29-20180812T0220,50,2018-08-16T16:42:47Z,8.031310548775547,82.51267459706155,719.91,719.91,8.0834,34.992462,3.66038,1030.516
ru29-20180812T0220,50,2018-08-16T16:42:47Z,8.031310548775547,82.51267459706155,710.79,710.79,8.1074,34.994102,3.66237,1030.4723
ru29-20180812T0220,50,2018-08-16T16:42:47Z,8.031310548775547,82.51267459706155,701.71,701.71,8.1365,34.996094,3.66487,1030.4281
ru29-20180812T0220,50,2018-08-16T16:42:47Z,8.031310548775547,82.51267459706155,692.71,692.71,8.2093,34.998455,3.67148,1030.3774
ru29-20180812T0220,50,2018-08-16T16:42:47Z,8.031310548775547,82.51267459706155,683.7,683.7,8.3194,35.00121,3.68161,1030.3207
ru29-20180812T0220,50,2018-08-16T16:42:47Z,8.031310548775547,82.51267459706155,674.56,674.56,8.4083,35.004,3.68977,1030.2668
ru29-20180812T0220,50,2018-08-16T16:42:47Z,8.031310548775547,82.51267459706155,665.28,665.28,8.4597,35.006077,3.69436,1030.218
ru29-20180812T0220,50,2018-08-16T16:42:47Z,8.031310548775547,82.51267459706155,656.05,656.05,8.5054,35.007492,3.69836,1030.17
ru29-20180812T0220,50,2018-08-16T16:42:47Z,8.031310548775547,82.51267459706155,647.09,647.09,8.5255,34.995922,3.69875,1030.1173
ru29-20180812T0220,50,2018-08-16T16:42:47Z,8.031310548775547,82.51267459706155,637.92,637.92,8.6396,35.003456,3.70973,1030.0626
ru29-20180812T0220,50,2018-08-16T16:42:47Z,8.031310548775547,82.51267459706155,628.74,628.74,8.7925,35.01216,3.72447,1030.0021
ru29-20180812T0220,50,2018-08-16T16:42:47Z,8.031310548775547,82.51267459706155,619.6,619.6,8.879,35.01335,3.73229,1029.9471
ru29-20180812T0220,50,2018-08-16T16:42:47Z,8.031310548775547,82.51267459706155,610.31,610.31,8.8897,35.010567,3.73262,1029.9015
ru29-20180812T0220,50,2018-08-16T16:42:47Z,8.031310548775547,82.51267459706155,601.21,601.21,8.9258,35.012066,3.73575,1029.8556
ru29-20180812T0220,50,2018-08-16T16:42:47Z,8.031310548775547,82.51267459706155,592.12,592.12,8.9914,35.01305,3.7416,1029.8042
ru29-20180812T0220,50,2018-08-16T16:42:47Z,8.031310548775547,82.51267459706155,582.95,582.95,9.0694,35.018677,3.74906,1029.7539
ru29-20180812T0220,50,2018-08-16T16:42:47Z,8.031310548775547,82.51267459706155,573.82,573.82,9.1397,35.020298,3.75542,1029.702
ru29-20180812T0220,50,2018-08-16T16:42:47Z,8.031310548775547,82.51267459706155,564.6,564.6,9.1912,35.023975,3.76021,1029.6545
ru29-20180812T0220,50,2018-08-16T16:42:47Z,8.031310548775547,82.51267459706155,554.98,554.98,9.244,35.0284,3.76518,1029.6056
ru29-20180812T0220,50,2018-08-16T16:42:47Z,8.031310548775547,82.51267459706155,545.3,545.3,9.2965,35.03187,3.77003,1029.5557
ru29-20180812T0220,50,2018-08-16T16:42:47Z,8.031310548775547,82.51267459706155,535.63,535.63,9.3414,35.034023,3.77404,1029.5061
ru29-20180812T0220,50,2018-08-16T16:42:47Z,8.031310548775547,82.51267459706155,525.88,525.88,9.4334,35.04148,3.783,1029.452
ru29-20180812T0220,50,2018-08-16T16:42:47Z,8.031310548775547,82.51267459706155,516.28,516.28,9.5511,35.039642,3.7935,1029.3868
ru29-20180812T0220,50,2018-08-16T16:42:47Z,8.031310548775547,82.51267459706155,506.68,506.68,9.6559,35.047554,3.80374,1029.3313
ru29-20180812T0220,50,2018-08-16T16:42:47Z,8.031310548775547,82.51267459706155,497.13,497.13,9.7396,35.046955,3.81117,1029.2732
ru29-20180812T0220,50,2018-08-16T16:42:47Z,8.031310548775547,82.51267459706155,487.5,487.5,9.7826,35.047768,3.81489,1029.2229
ru29-20180812T0220,50,2018-08-16T16:42:47Z,8.031310548775547,82.51267459706155,477.61,477.61,9.9755,35.062878,3.83419,1029.1558
ru29-20180812T0220,50,2018-08-16T16:42:47Z,8.031310548775547,82.51267459706155,467.72,467.72,9.995,35.05817,3.83514,1029.1042
ru29-20180812T0220,50,2018-08-16T16:42:47Z,8.031310548775547,82.51267459706155,457.67,457.67,10.1918,35.064274,3.85396,1029.0283
ru29-20180812T0220,50,2018-08-16T16:42:47Z,8.031310548775547,82.51267459706155,447.39,447.39,10.273,35.075157,3.86229,1028.976
ru29-20180812T0220,50,2018-08-16T16:42:47Z,8.031310548775547,82.51267459706155,436.99,436.99,10.4701,35.091076,3.88215,1028.9055
ru29-20180812T0220,50,2018-08-16T16:42:47Z,8.031310548775547,82.51267459706155,426.82,426.82,10.4535,35.053616,3.87641,1028.834
ru29-20180812T0220,50,2018-08-16T16:42:47Z,8.031310548775547,82.51267459706155,416.55,416.55,10.4122,35.038567,3.87054,1028.7839
ru29-20180812T0220,50,2018-08-16T16:42:47Z,8.031310548775547,82.51267459706155,406.25,406.25,10.5078,35.03651,3.87897,1028.7186
ru29-20180812T0220,50,2018-08-16T16:42:47Z,8.031310548775547,82.51267459706155,395.91,395.91,10.5538,35.037636,3.883,1028.6647
ru29-20180812T0220,50,2018-08-16T16:42:47Z,8.031310548775547,82.51267459706155,385.61,385.61,10.6497,35.036507,3.89156,1028.6
ru29-20180812T0220,50,2018-08-16T16:42:47Z,8.031310548775547,82.51267459706155,375.77,375.77,10.7679,35.042374,3.90297,1028.5386
ru29-20180812T0220,50,2018-08-16T16:42:47Z,8.031310548775547,82.51267459706155,366.06,366.06,10.8341,35.045155,3.90913,1028.485
ru29-20180812T0220,50,2018-08-16T16:42:47Z,8.031310548775547,82.51267459706155,356.22,356.22,10.9145,35.0467,3.91652,1028.4271
ru29-20180812T0220,50,2018-08-16T16:42:47Z,8.031310548775547,82.51267459706155,346.73,346.73,10.9596,35.04106,3.91984,1028.3718
ru29-20180812T0220,50,2018-08-16T16:42:47Z,8.031310548775547,82.51267459706155,337.07,337.07,11.1194,35.04695,3.93527,1028.3031
ru29-20180812T0220,50,2018-08-16T16:42:47Z,8.031310548775547,82.51267459706155,327.59,327.59,11.1764,35.044563,3.94006,1028.248
ru29-20180812T0220,50,2018-08-16T16:42:47Z,8.031310548775547,82.51267459706155,318.2,318.2,11.3107,35.0457,3.95261,1028.1814
ru29-20180812T0220,50,2018-08-16T16:42:47Z,8.031310548775547,82.51267459706155,309.23,309.23,11.3865,35.04528,3.95943,1028.1266
ru29-20180812T0220,50,2018-08-16T16:42:47Z,8.031310548775547,82.51267459706155,300.75,300.75,11.4869,35.05163,3.96932,1028.0743
ru29-20180812T0220,50,2018-08-16T16:42:47Z,8.031310548775547,82.51267459706155,292.65,292.65,11.5644,35.050694,3.9763,1028.0226
ru29-20180812T0220,50,2018-08-16T16:42:47Z,8.031310548775547,82.51267459706155,284.31,284.31,11.668,35.044754,3.98527,1027.9607
ru29-20180812T0220,50,2018-08-16T16:42:47Z,8.031310548775547,82.51267459706155,276.49,276.49,11.7201,35.043907,3.98984,1027.915
ru29-20180812T0220,50,2018-08-16T16:42:47Z,8.031310548775547,82.51267459706155,268.76,268.76,11.7781,35.039013,3.99457,1027.8655
ru29-20180812T0220,50,2018-08-16T16:42:47Z,8.031310548775547,82.51267459706155,260.92,260.92,11.7131,35.010483,3.98507,1027.8209
ru29-20180812T0220,50,2018-08-16T16:42:47Z,8.031310548775547,82.51267459706155,252.8,252.8,11.7752,35.014297,3.99106,1027.7756
ru29-20180812T0220,50,2018-08-16T16:42:47Z,8.031310548775547,82.51267459706155,244.32,244.32,11.9851,35.03793,4.01328,1027.7152
ru29-20180812T0220,50,2018-08-16T16:42:47Z,8.031310548775547,82.51267459706155,235.52,235.52,12.0176,35.04342,4.01658,1027.6738
ru29-20180812T0220,50,2018-08-16T16:42:47Z,8.031310548775547,82.51267459706155,226.23,226.23,12.0881,35.04102,4.02271,1027.6166
ru29-20180812T0220,50,2018-08-16T16:42:47Z,8.031310548775547,82.51267459706155,217.01,217.01,12.1918,35.04351,4.03255,1027.557
ru29-20180812T0220,50,2018-08-16T16:42:47Z,8.031310548775547,82.51267459706155,208.02,208.02,12.3615,35.05084,4.04928,1027.489
ru29-20180812T0220,50,2018-08-16T16:42:47Z,8.031310548775547,82.51267459706155,198.79,198.79,12.622,35.046047,4.07355,1027.3921
ru29-20180812T0220,50,2018-08-16T16:42:47Z,8.031310548775547,82.51267459706155,189.52,189.52,12.8118,35.056557,4.09261,1027.3206
ru29-20180812T0220,50,2018-08-16T16:42:47Z,8.031310548775547,82.51267459706155,179.87,179.87,12.9887,35.042877,4.1079,1027.2311
ru29-20180812T0220,50,2018-08-16T16:42:47Z,8.031310548775547,82.51267459706155,170.42,170.42,13.1979,35.028465,4.12627,1027.1349
ru29-20180812T0220,50,2018-08-16T16:42:47Z,8.031310548775547,82.51267459706155,161.2,161.2,13.476,35.00312,4.15021,1027.0167
ru29-20180812T0220,50,2018-08-16T16:42:47Z,8.031310548775547,82.51267459706155,152.6,152.6,13.5862,34.994183,4.1596,1026.9486
ru29-20180812T0220,50,2018-08-16T16:42:47Z,8.031310548775547,82.51267459706155,144.62,144.62,13.9665,34.975174,4.19427,1026.8182
ru29-20180812T0220,50,2018-08-16T16:42:47Z,8.031310548775547,82.51267459706155,137.28,137.28,14.4004,34.95979,4.23467,1026.6808
ru29-20180812T0220,50,2018-08-16T16:42:47Z,8.031310548775547,82.51267459706155,130.15,130.15,14.8091,34.948814,4.27319,1026.5515
ru29-20180812T0220,50,2018-08-16T16:42:47Z,8.031310548775547,82.51267459706155,122.78,122.78,15.4918,34.919434,4.33672,1026.3441
ru29-20180812T0220,50,2018-08-16T16:42:47Z,8.031310548775547,82.51267459706155,115.3,115.3,15.8942,34.913895,4.37545,1026.2151
ru29-20180812T0220,50,2018-08-16T16:42:47Z,8.031310548775547,82.51267459706155,108.48,108.48,16.3387,34.907948,4.41843,1026.0776
ru29-20180812T0220,50,2018-08-16T16:42:47Z,8.031310548775547,82.51267459706155,102.06,102.06,16.9597,34.886692,4.47733,1025.8864
ru29-20180812T0220,50,2018-08-16T16:42:47Z,8.031310548775547,82.51267459706155,95.71,95.71,17.3476,34.88073,4.51496,1025.7606
ru29-20180812T0220,50,2018-08-16T16:42:47Z,8.031310548775547,82.51267459706155,89.09,89.09,17.8862,34.864243,4.56649,1025.5874
ru29-20180812T0220,50,2018-08-16T16:42:47Z,8.031310548775547,82.51267459706155,83.33,83.33,18.8786,34.83587,4.66233,1025.2916
ru29-20180812T0220,50,2018-08-16T16:42:47Z,8.031310548775547,82.51267459706155,78.85,78.85,19.84,34.821697,4.7573,1025.0122
ru29-20180812T0220,50,2018-08-16T16:42:47Z,8.031310548775547,82.51267459706155,73.43,73.43,20.5799,34.832367,4.83331,1024.7998
ru29-20180812T0220,50,2018-08-16T16:42:47Z,8.031310548775547,82.51267459706155,67.64,67.64,21.2794,34.822117,4.90293,1024.5765
ru29-20180812T0220,50,2018-08-16T16:42:47Z,8.031310548775547,82.51267459706155,61.96,61.96,21.763,34.80179,4.94946,1024.4026
ru29-20180812T0220,50,2018-08-16T16:42:47Z,8.031310548775547,82.51267459706155,56.94,56.94,22.4182,34.83221,5.02019,1024.2196
ru29-20180812T0220,50,2018-08-16T16:42:47Z,8.031310548775547,82.51267459706155,53.53,53.53,22.8114,34.822575,5.05918,1024.0852
ru29-20180812T0220,50,2018-08-16T16:42:47Z,8.031310548775547,82.51267459706155,51.71,51.71,23.358,34.756012,5.10667,1023.86884
ru29-20180812T0220,50,2018-08-16T16:42:47Z,8.031310548775547,82.51267459706155,48.19,48.19,23.6264,34.744568,5.13266,1023.7664
ru29-20180812T0220,51,2018-08-16T18:11:17Z,8.027548685911105,82.52755411545634,48.19,48.19,23.6264,34.744568,5.13266,1023.7664
ru29-20180812T0220,51,2018-08-16T18:11:17Z,8.027548685911105,82.52755411545634,49.75,49.75,23.4635,34.773205,5.1197,1023.8426
ru29-20180812T0220,51,2018-08-16T18:11:17Z,8.027548685911105,82.52755411545634,63.64,63.64,22.4326,34.863884,5.02602,1024.2686
ru29-20180812T0220,51,2018-08-16T18:11:17Z,8.027548685911105,82.52755411545634,76.08,76.08,20.8978,34.877808,4.87138,1024.7599
ru29-20180812T0220,51,2018-08-16T18:11:17Z,8.027548685911105,82.52755411545634,84.4,84.4,19.6517,34.866585,4.74397,1025.12
ru29-20180812T0220,51,2018-08-16T18:11:17Z,8.027548685911105,82.52755411545634,92.96,92.96,18.3994,34.8797,4.61985,1025.4885
ru29-20180812T0220,51,2018-08-16T18:11:17Z,8.027548685911105,82.52755411545634,100.54,100.54,17.343,34.911346,4.51825,1025.8065
ru29-20180812T0220,51,2018-08-16T18:11:17Z,8.027548685911105,82.52755411545634,108.4,108.4,16.8855,34.90744,4.47261,1025.9479
ru29-20180812T0220,51,2018-08-16T18:11:17Z,8.027548685911105,82.52755411545634,116.74,116.74,16.3,34.933254,4.41782,1026.1425
ru29-20180812T0220,51,2018-08-16T18:11:17Z,8.027548685911105,82.52755411545634,124.66,124.66,15.7707,34.941803,4.36679,1026.3062
ru29-20180812T0220,51,2018-08-16T18:11:17Z,8.027548685911105,82.52755411545634,131.92,131.92,15.2248,34.957096,4.31501,1026.4735
ru29-20180812T0220,51,2018-08-16T18:11:17Z,8.027548685911105,82.52755411545634,138.95,138.95,14.766,34.97251,4.27194,1026.6183
ru29-20180812T0220,51,2018-08-16T18:11:17Z,8.027548685911105,82.52755411545634,145.48,145.48,14.359,34.982395,4.23343,1026.7435
ru29-20180812T0220,51,2018-08-16T18:11:17Z,8.027548685911105,82.52755411545634,152.4,152.4,14.032,34.99244,4.20286,1026.8522
ru29-20180812T0220,51,2018-08-16T18:11:17Z,8.027548685911105,82.52755411545634,158.85,158.85,13.6761,35.003666,4.16964,1026.9648
ru29-20180812T0220,51,2018-08-16T18:11:17Z,8.027548685911105,82.52755411545634,165.86,165.86,13.5131,35.016068,4.1554,1027.0397
ru29-20180812T0220,51,2018-08-16T18:11:17Z,8.027548685911105,82.52755411545634,173.28,173.28,13.2473,35.047085,4.13316,1027.1519
ru29-20180812T0220,51,2018-08-16T18:11:17Z,8.027548685911105,82.52755411545634,180.43,180.43,13.1706,35.038586,4.12513,1027.1929
ru29-20180812T0220,51,2018-08-16T18:11:17Z,8.027548685911105,82.52755411545634,187.15,187.15,12.9883,35.057323,4.1097,1027.2747
ru29-20180812T0220,51,2018-08-16T18:11:17Z,8.027548685911105,82.52755411545634,193.63,193.63,12.8936,35.056824,4.10075,1027.3225
ru29-20180812T0220,51,2018-08-16T18:11:17Z,8.027548685911105,82.52755411545634,199.4,199.4,12.7296,35.05592,4.08502,1027.3807
ru29-20180812T0220,51,2018-08-16T18:11:17Z,8.027548685911105,82.52755411545634,205.05,205.05,12.6476,35.061275,4.07789,1027.4266
ru29-20180812T0220,51,2018-08-16T18:11:17Z,8.027548685911105,82.52755411545634,210.51,210.51,12.5234,35.060246,4.06601,1027.4751
ru29-20180812T0220,51,2018-08-16T18:11:17Z,8.027548685911105,82.52755411545634,216.41,216.41,12.3084,35.05532,4.04499,1027.5404
ru29-20180812T0220,51,2018-08-16T18:11:17Z,8.027548685911105,82.52755411545634,222.91,222.91,12.1985,35.054398,4.03458,1027.5905
ru29-20180812T0220,51,2018-08-16T18:11:17Z,8.027548685911105,82.52755411545634,229.58,229.58,12.1317,35.053658,4.02836,1027.6328
ru29-20180812T0220,51,2018-08-16T18:11:17Z,8.027548685911105,82.52755411545634,236.27,236.27,12.055,35.054085,4.02131,1027.6781
ru29-20180812T0220,51,2018-08-16T18:11:17Z,8.027548685911105,82.52755411545634,243.58,243.58,11.9972,35.053905,4.01605,1027.7219
ru29-20180812T0220,51,2018-08-16T18:11:17Z,8.027548685911105,82.52755411545634,251.92,251.92,11.967,35.050556,4.01317,1027.7625
ru29-20180812T0220,51,2018-08-16T18:11:17Z,8.027548685911105,82.52755411545634,260.47,260.47,11.8225,35.019447,3.99647,1027.8047
ru29-20180812T0220,51,2018-08-16T18:11:17Z,8.027548685911105,82.52755411545634,268.91,268.91,11.8437,35.04379,4.00137,1027.857
ru29-20180812T0220,51,2018-08-16T18:11:17Z,8.027548685911105,82.52755411545634,277.29,277.29,11.7937,35.04883,3.99745,1027.9082
ru29-20180812T0220,51,2018-08-16T18:11:17Z,8.027548685911105,82.52755411545634,285.45,285.45,11.7058,35.05034,3.98952,1027.9629
ru29-20180812T0220,51,2018-08-16T18:11:17Z,8.027548685911105,82.52755411545634,293.41,293.41,11.7047,35.053207,3.99006,1028.0009
ru29-20180812T0220,51,2018-08-16T18:11:17Z,8.027548685911105,82.52755411545634,301.45,301.45,11.6059,35.05558,3.98117,1028.0576
ru29-20180812T0220,51,2018-08-16T18:11:17Z,8.027548685911105,82.52755411545634,309.01,309.01,11.5778,35.05727,3.97898,1028.0981
ru29-20180812T0220,51,2018-08-16T18:11:17Z,8.027548685911105,82.52755411545634,316.46,316.46,11.473,35.050503,3.96857,1028.1464
ru29-20180812T0220,51,2018-08-16T18:11:17Z,8.027548685911105,82.52755411545634,324.01,324.01,11.3523,35.05063,3.95735,1028.2034
ru29-20180812T0220,51,2018-08-16T18:11:17Z,8.027548685911105,82.52755411545634,331.51,331.51,11.1952,35.048615,3.94244,1028.2651
ru29-20180812T0220,51,2018-08-16T18:11:17Z,8.027548685911105,82.52755411545634,339.0,339.0,11.0757,35.047867,3.93127,1028.3207
ru29-20180812T0220,51,2018-08-16T18:11:17Z,8.027548685911105,82.52755411545634,346.23,346.23,11.0504,35.04465,3.92885,1028.3552
ru29-20180812T0220,51,2018-08-16T18:11:17Z,8.027548685911105,82.52755411545634,353.62,353.62,11.037,35.050957,3.92853,1028.3958
ru29-20180812T0220,51,2018-08-16T18:11:17Z,8.027548685911105,82.52755411545634,361.03,361.03,10.9453,35.050564,3.92006,1028.4458
ru29-20180812T0220,51,2018-08-16T18:11:17Z,8.027548685911105,82.52755411545634,368.63,368.63,10.8745,35.045578,3.91314,1028.4893
ru29-20180812T0220,51,2018-08-16T18:11:17Z,8.027548685911105,82.52755411545634,376.19,376.19,10.8217,35.045795,3.90846,1028.5331
ru29-20180812T0220,51,2018-08-16T18:11:17Z,8.027548685911105,82.52755411545634,383.87,383.87,10.7365,35.04332,3.90043,1028.5814
ru29-20180812T0220,51,2018-08-16T18:11:17Z,8.027548685911105,82.52755411545634,391.78,391.78,10.6476,35.039993,3.89198,1028.6307
ru29-20180812T0220,51,2018-08-16T18:11:17Z,8.027548685911105,82.52755411545634,399.81,399.81,10.5849,35.040634,3.88643,1028.6787
ru29-20180812T0220,51,2018-08-16T18:11:17Z,8.027548685911105,82.52755411545634,407.81,407.81,10.4903,35.04141,3.87786,1028.7327
ru29-20180812T0220,51,2018-08-16T18:11:17Z,8.027548685911105,82.52755411545634,415.95,415.95,10.5371,35.06356,3.88487,1028.7777
ru29-20180812T0220,51,2018-08-16T18:11:17Z,8.027548685911105,82.52755411545634,424.27,424.27,10.6999,35.107983,3.90517,1028.8192
ru29-20180812T0220,51,2018-08-16T18:11:17Z,8.027548685911105,82.52755411545634,432.4,432.4,10.5396,35.09898,3.88935,1028.8783
ru29-20180812T0220,51,2018-08-16T18:11:17Z,8.027548685911105,82.52755411545634,440.63,440.63,10.388,35.096664,3.87505,1028.9413
ru29-20180812T0220,51,2018-08-16T18:11:17Z,8.027548685911105,82.52755411545634,448.76,448.76,10.3018,35.087242,3.86628,1028.9862
ru29-20180812T0220,51,2018-08-16T18:11:17Z,8.027548685911105,82.52755411545634,456.33,456.33,10.1616,35.080387,3.85262,1029.0403
ru29-20180812T0220,51,2018-08-16T18:11:17Z,8.027548685911105,82.52755411545634,464.26,464.26,10.0124,35.06841,3.83764,1029.0936
ru29-20180812T0220,51,2018-08-16T18:11:17Z,8.027548685911105,82.52755411545634,471.84,471.84,9.9216,35.058487,3.8284,1029.1362
ru29-20180812T0220,51,2018-08-16T18:11:17Z,8.027548685911105,82.52755411545634,479.46,479.46,9.8916,35.055565,3.82561,1029.1735
ru29-20180812T0220,51,2018-08-16T18:11:17Z,8.027548685911105,82.52755411545634,487.05,487.05,9.8157,35.05155,3.81837,1029.2179
ru29-20180812T0220,51,2018-08-16T18:11:17Z,8.027548685911105,82.52755411545634,494.4,494.4,9.9326,35.084576,3.83299,1029.2556
ru29-20180812T0220,51,2018-08-16T18:11:17Z,8.027548685911105,82.52755411545634,501.93,501.93,9.7872,35.069492,3.81808,1029.3037
ru29-20180812T0220,51,2018-08-16T18:11:17Z,8.027548685911105,82.52755411545634,509.53,509.53,9.602,35.054295,3.79943,1029.3589
ru29-20180812T0220,51,2018-08-16T18:11:17Z,8.027548685911105,82.52755411545634,517.21,517.21,9.6256,35.063793,3.80292,1029.3966
ru29-20180812T0220,51,2018-08-16T18:11:17Z,8.027548685911105,82.52755411545634,524.7,524.7,9.5723,35.060337,3.79788,1029.4369
ru29-20180812T0220,51,2018-08-16T18:11:17Z,8.027548685911105,82.52755411545634,532.26,532.26,9.5233,35.057583,3.79332,1029.4773
ru29-20180812T0220,51,2018-08-16T18:11:17Z,8.027548685911105,82.52755411545634,539.66,539.66,9.4899,35.0594,3.79067,1029.5178
ru29-20180812T0220,51,2018-08-16T18:11:17Z,8.027548685911105,82.52755411545634,547.08,547.08,9.3972,35.057297,3.78205,1029.5658
ru29-20180812T0220,51,2018-08-16T18:11:17Z,8.027548685911105,82.52755411545634,554.81,554.81,9.3823,35.059002,3.78115,1029.6045
ru29-20180812T0220,51,2018-08-16T18:11:17Z,8.027548685911105,82.52755411545634,562.5,562.5,9.3469,35.060646,3.77831,1029.6465
ru29-20180812T0220,51,2018-08-16T18:11:17Z,8.027548685911105,82.52755411545634,570.24,570.24,9.2722,35.053463,3.77092,1029.6886
ru29-20180812T0220,51,2018-08-16T18:11:17Z,8.027548685911105,82.52755411545634,578.05,578.05,9.2017,35.045708,3.76388,1029.73
ru29-20180812T0220,51,2018-08-16T18:11:17Z,8.027548685911105,82.52755411545634,585.79,585.79,9.1503,35.04233,3.75906,1029.771
ru29-20180812T0220,51,2018-08-16T18:11:17Z,8.027548685911105,82.52755411545634,593.52,593.52,9.1137,35.043083,3.75603,1029.8126
ru29-20180812T0220,51,2018-08-16T18:11:17Z,8.027548685911105,82.52755411545634,601.38,601.38,9.0161,35.03429,3.74636,1029.858
ru29-20180812T0220,51,2018-08-16T18:11:17Z,8.027548685911105,82.52755411545634,608.92,608.92,8.9171,35.023342,3.73635,1029.9004
ru29-20180812T0220,51,2018-08-16T18:11:17Z,8.027548685911105,82.52755411545634,616.66,616.66,8.7506,35.006638,3.71949,1029.9507
ru29-20180812T0220,51,2018-08-16T18:11:17Z,8.027548685911105,82.52755411545634,624.06,624.06,8.7257,35.003876,3.71722,1029.9861
ru29-20180812T0220,51,2018-08-16T18:11:17Z,8.027548685911105,82.52755411545634,631.72,631.72,8.7226,35.002247,3.71711,1030.0197
ru29-20180812T0220,51,2018-08-16T18:11:17Z,8.027548685911105,82.52755411545634,639.14,639.14,8.7074,35.008003,3.71656,1030.06
ru29-20180812T0220,51,2018-08-16T18:11:17Z,8.027548685911105,82.52755411545634,646.74,646.74,8.678,35.015354,3.71484,1030.105
ru29-20180812T0220,51,2018-08-16T18:11:17Z,8.027548685911105,82.52755411545634,654.23,654.23,8.5444,35.01124,3.70228,1030.1581
ru29-20180812T0220,51,2018-08-16T18:11:17Z,8.027548685911105,82.52755411545634,661.53,661.53,8.5291,35.01093,3.70114,1030.1932
ru29-20180812T0220,51,2018-08-16T18:11:17Z,8.027548685911105,82.52755411545634,668.54,668.54,8.5049,35.012146,3.6993,1030.2299
ru29-20180812T0220,51,2018-08-16T18:11:17Z,8.027548685911105,82.52755411545634,675.5,675.5,8.4697,35.012936,3.69639,1030.2676
ru29-20180812T0220,51,2018-08-16T18:11:17Z,8.027548685911105,82.52755411545634,682.68,682.68,8.4435,35.011917,3.69416,1030.3035
ru29-20180812T0220,51,2018-08-16T18:11:17Z,8.027548685911105,82.52755411545634,689.88,689.88,8.4315,35.012516,3.69341,1030.3384
ru29-20180812T0220,51,2018-08-16T18:11:17Z,8.027548685911105,82.52755411545634,697.0,697.0,8.3854,35.012024,3.68937,1030.3777
ru29-20180812T0220,51,2018-08-16T18:11:17Z,8.027548685911105,82.52755411545634,704.12,704.12,8.2532,35.000694,3.67628,1030.4231
ru29-20180812T0220,51,2018-08-16T18:11:17Z,8.027548685911105,82.52755411545634,711.32,711.32,8.1852,34.99796,3.67,1030.4647
ru29-20180812T0220,51,2018-08-16T18:11:17Z,8.027548685911105,82.52755411545634,718.22,718.22,8.1476,34.99414,3.66644,1030.499
ru29-20180812T0220,51,2018-08-16T18:11:17Z,8.027548685911105,82.52755411545634,724.95,724.95,8.1324,34.99331,3.66524,1030.5311
ru29-20180812T0220,51,2018-08-16T18:11:17Z,8.027548685911105,82.52755411545634,731.96,731.96,8.0917,34.995045,3.66192,1030.5708
ru29-20180812T0220,51,2018-08-16T18:11:17Z,8.027548685911105,82.52755411545634,738.93,738.93,8.0706,34.993446,3.66011,1030.6044
ru29-20180812T0220,51,2018-08-16T18:11:17Z,8.027548685911105,82.52755411545634,745.7,745.7,8.0608,34.992672,3.65942,1030.6357
ru29-20180812T0220,51,2018-08-16T18:11:17Z,8.027548685911105,82.52755411545634,752.34,752.34,8.0347,34.996822,3.65767,1030.6732
ru29-20180812T0220,51,2018-08-16T18:11:17Z,8.027548685911105,82.52755411545634,758.84,758.84,8.0237,34.995975,3.65685,1030.7035
ru29-20180812T0220,51,2018-08-16T18:11:17Z,8.027548685911105,82.52755411545634,765.36,765.36,8.0109,34.99509,3.65586,1030.7343
ru29-20180812T0220,51,2018-08-16T18:11:17Z,8.027548685911105,82.52755411545634,771.75,771.75,7.9454,34.993294,3.64988,1030.7725
ru29-20180812T0220,51,2018-08-16T18:11:17Z,8.027548685911105,82.52755411545634,778.08,778.08,7.9045,34.990463,3.64609,1030.8054
ru29-20180812T0220,51,2018-08-16T18:11:17Z,8.027548685911105,82.52755411545634,784.61,784.61,7.8939,34.98994,3.64534,1030.8362
ru29-20180812T0220,51,2018-08-16T18:11:17Z,8.027548685911105,82.52755411545634,791.05,791.05,7.8871,34.98943,3.64494,1030.8658
ru29-20180812T0220,51,2018-08-16T18:11:17Z,8.027548685911105,82.52755411545634,797.4,797.4,7.8677,34.987995,3.64328,1030.8965
ru29-20180812T0220,51,2018-08-16T18:11:17Z,8.027548685911105,82.52755411545634,803.84,803.84,7.765,34.98385,3.63364,1030.9391
ru29-20180812T0220,51,2018-08-16T18:11:17Z,8.027548685911105,82.52755411545634,810.31,810.31,7.7241,34.98098,3.62986,1030.9727
ru29-20180812T0220,51,2018-08-16T18:11:17Z,8.027548685911105,82.52755411545634,816.79,816.79,7.685,34.98371,3.62677,1031.0103
ru29-20180812T0220,51,2018-08-16T18:11:17Z,8.027548685911105,82.52755411545634,823.11,823.11,7.5787,34.978924,3.61675,1031.0524
ru29-20180812T0220,51,2018-08-16T18:11:17Z,8.027548685911105,82.52755411545634,829.51,829.51,7.4946,34.97728,3.60909,1031.0935
ru29-20180812T0220,51,2018-08-16T18:11:17Z,8.027548685911105,82.52755411545634,835.74,835.74,7.4698,34.975388,3.60689,1031.1241
ru29-20180812T0220,51,2018-08-16T18:11:17Z,8.027548685911105,82.52755411545634,842.05,842.05,7.4497,34.973614,3.60514,1031.1543
ru29-20180812T0220,51,2018-08-16T18:11:17Z,8.027548685911105,82.52755411545634,848.39,848.39,7.4028,34.971363,3.60087,1031.1887
ru29-20180812T0220,51,2018-08-16T18:11:17Z,8.027548685911105,82.52755411545634,854.74,854.74,7.3921,34.971302,3.60015,1031.2189
ru29-20180812T0220,51,2018-08-16T18:11:17Z,8.027548685911105,82.52755411545634,861.23,861.23,7.3654,34.969536,3.5978,1031.2511
ru29-20180812T0220,51,2018-08-16T18:11:17Z,8.027548685911105,82.52755411545634,867.58,867.58,7.3062,34.96774,3.59244,1031.2877
ru29-20180812T0220,51,2018-08-16T18:11:17Z,8.027548685911105,82.52755411545634,874.07,874.07,7.2555,34.96677,3.58795,1031.3243
ru29-20180812T0220,51,2018-08-16T18:11:17Z,8.027548685911105,82.52755411545634,880.54,880.54,7.2033,34.964462,3.5832,1031.36
ru29-20180812T0220,51,2018-08-16T18:11:17Z,8.027548685911105,82.52755411545634,886.85,886.85,7.1201,34.96065,3.57545,1031.3988
ru29-20180812T0220,51,2018-08-16T18:11:17Z,8.027548685911105,82.52755411545634,893.31,893.31,7.0369,34.956806,3.56771,1031.4381
ru29-20180812T0220,51,2018-08-16T18:11:17Z,8.027548685911105,82.52755411545634,900.02,900.02,6.9775,34.95276,3.56216,1031.4745
ru29-20180812T0220,51,2018-08-16T18:11:17Z,8.027548685911105,82.52755411545634,906.77,906.77,6.9624,34.950993,3.5609,1031.5059
ru29-20180812T0220,51,2018-08-16T18:11:17Z,8.027548685911105,82.52755411545634,913.5,913.5,6.8806,34.947426,3.55334,1031.5464
ru29-20180812T0220,51,2018-08-16T18:11:17Z,8.027548685911105,82.52755411545634,920.38,920.38,6.8802,34.94984,3.55382,1031.5792
ru29-20180812T0220,51,2018-08-16T18:11:17Z,8.027548685911105,82.52755411545634,927.37,927.37,6.8494,34.950615,3.55136,1031.6162
ru29-20180812T0220,51,2018-08-16T18:11:17Z,8.027548685911105,82.52755411545634,934.42,934.42,6.8267,34.94889,3.54942,1031.6501
ru29-20180812T0220,51,2018-08-16T18:11:17Z,8.027548685911105,82.52755411545634,941.6,941.6,6.8135,34.94674,3.54832,1031.6829
ru29-20180812T0220,51,2018-08-16T18:11:17Z,8.027548685911105,82.52755411545634,948.79,948.79,6.8101,34.94644,3.54829,1031.7156
ru29-20180812T0220,51,2018-08-16T18:11:17Z,8.027548685911105,82.52755411545634,955.98,955.98,6.8076,34.946995,3.54842,1031.7488
ru29-20180812T0220,51,2018-08-16T18:11:17Z,8.027548685911105,82.52755411545634,960.38,960.38,6.7993,34.94747,3.54789,1031.7703
ru29-20180812T0220,52,2018-08-16T19:40:56Z,8.02374904775838,82.54258304868021,960.38,960.38,6.7993,34.94747,3.54789,1031.7703
ru29-20180812T0220,52,2018-08-16T19:40:56Z,8.02374904775838,82.54258304868021,959.09,959.09,6.8037,34.948032,3.54829,1031.7642
ru29-20180812T0220,52,2018-08-16T19:40:56Z,8.02374904775838,82.54258304868021,952.58,952.58,6.8098,34.9466,3.54844,1031.7328
ru29-20180812T0220,52,2018-08-16T19:40:56Z,8.02374904775838,82.54258304868021,943.35,943.35,6.817,34.94754,3.54879,1031.6908
ru29-20180812T0220,52,2018-08-16T19:40:56Z,8.02374904775838,82.54258304868021,933.88,933.88,6.852,34.949524,3.55178,1031.6443
ru29-20180812T0220,52,2018-08-16T19:40:56Z,8.02374904775838,82.54258304868021,924.25,924.25,6.883,34.946613,3.55395,1031.5938
ru29-20180812T0220,52,2018-08-16T19:40:56Z,8.02374904775838,82.54258304868021,914.74,914.74,6.9438,34.947136,3.55918,1031.5417
ru29-20180812T0220,52,2018-08-16T19:40:56Z,8.02374904775838,82.54258304868021,905.18,905.18,7.0427,34.951385,3.56826,1031.4863
ru29-20180812T0220,52,2018-08-16T19:40:56Z,8.02374904775838,82.54258304868021,895.45,895.45,7.1352,34.95713,3.57689,1031.4323
ru29-20180812T0220,52,2018-08-16T19:40:56Z,8.02374904775838,82.54258304868021,885.63,885.63,7.2105,34.961372,3.5838,1031.3794
ru29-20180812T0220,52,2018-08-16T19:40:56Z,8.02374904775838,82.54258304868021,876.11,876.11,7.3018,34.963593,3.59202,1031.3236
ru29-20180812T0220,52,2018-08-16T19:40:56Z,8.02374904775838,82.54258304868021,866.8,866.8,7.3723,34.967384,3.59848,1031.2733
ru29-20180812T0220,52,2018-08-16T19:40:56Z,8.02374904775838,82.54258304868021,857.33,857.33,7.4236,34.97115,3.60316,1031.2253
ru29-20180812T0220,52,2018-08-16T19:40:56Z,8.02374904775838,82.54258304868021,847.84,847.84,7.4634,34.972664,3.60657,1031.1774
ru29-20180812T0220,52,2018-08-16T19:40:56Z,8.02374904775838,82.54258304868021,838.38,838.38,7.5043,34.97359,3.61003,1031.1289
ru29-20180812T0220,52,2018-08-16T19:40:56Z,8.02374904775838,82.54258304868021,828.66,828.66,7.6352,34.977375,3.62208,1031.0669
ru29-20180812T0220,52,2018-08-16T19:40:56Z,8.02374904775838,82.54258304868021,819.26,819.26,7.7015,34.97805,3.62788,1031.0143
ru29-20180812T0220,52,2018-08-16T19:40:56Z,8.02374904775838,82.54258304868021,809.8,809.8,7.7641,34.982075,3.63365,1030.9646
ru29-20180812T0220,52,2018-08-16T19:40:56Z,8.02374904775838,82.54258304868021,800.38,800.38,7.8397,34.983395,3.64038,1030.9109
ru29-20180812T0220,52,2018-08-16T19:40:56Z,8.02374904775838,82.54258304868021,790.81,790.81,7.8567,34.98454,3.64165,1030.866
ru29-20180812T0220,52,2018-08-16T19:40:56Z,8.02374904775838,82.54258304868021,781.02,781.02,7.8979,34.98678,3.64526,1030.8169
ru29-20180812T0220,52,2018-08-16T19:40:56Z,8.02374904775838,82.54258304868021,771.19,771.19,7.9787,34.989223,3.65257,1030.7612
ru29-20180812T0220,52,2018-08-16T19:40:56Z,8.02374904775838,82.54258304868021,761.44,761.44,8.0239,34.99457,3.65685,1030.7141
ru29-20180812T0220,52,2018-08-16T19:40:56Z,8.02374904775838,82.54258304868021,751.64,751.64,8.03,34.99573,3.6571,1030.6699
ru29-20180812T0220,52,2018-08-16T19:40:56Z,8.02374904775838,82.54258304868021,741.84,741.84,8.0431,34.995815,3.6579,1030.6238
ru29-20180812T0220,52,2018-08-16T19:40:56Z,8.02374904775838,82.54258304868021,732.3,732.3,8.0614,34.992218,3.65885,1030.5751
ru29-20180812T0220,52,2018-08-16T19:40:56Z,8.02374904775838,82.54258304868021,722.74,722.74,8.0933,34.993797,3.66155,1030.5281
ru29-20180812T0220,52,2018-08-16T19:40:56Z,8.02374904775838,82.54258304868021,713.26,713.26,8.1481,34.990944,3.66597,1030.4741
ru29-20180812T0220,52,2018-08-16T19:40:56Z,8.02374904775838,82.54258304868021,703.71,703.71,8.1741,34.992275,3.6681,1030.4279
ru29-20180812T0220,52,2018-08-16T19:40:56Z,8.02374904775838,82.54258304868021,694.32,694.32,8.2314,34.998352,3.6736,1030.3809
ru29-20180812T0220,52,2018-08-16T19:40:56Z,8.02374904775838,82.54258304868021,685.06,685.06,8.3608,35.00649,3.68603,1030.324
ru29-20180812T0220,52,2018-08-16T19:40:56Z,8.02374904775838,82.54258304868021,676.0,676.0,8.3655,35.002857,3.68573,1030.2795
ru29-20180812T0220,52,2018-08-16T19:40:56Z,8.02374904775838,82.54258304868021,666.83,666.83,8.4335,34.99771,3.69119,1030.2229
ru29-20180812T0220,52,2018-08-16T19:40:56Z,8.02374904775838,82.54258304868021,657.75,657.75,8.4926,35.00498,3.697,1030.1779
ru29-20180812T0220,52,2018-08-16T19:40:56Z,8.02374904775838,82.54258304868021,648.83,648.83,8.5455,35.00874,3.70191,1030.1317
ru29-20180812T0220,52,2018-08-16T19:40:56Z,8.02374904775838,82.54258304868021,639.83,639.83,8.5939,35.005356,3.70572,1030.0804
ru29-20180812T0220,52,2018-08-16T19:40:56Z,8.02374904775838,82.54258304868021,631.12,631.12,8.6543,34.997486,3.71024,1030.0249
ru29-20180812T0220,52,2018-08-16T19:40:56Z,8.02374904775838,82.54258304868021,622.12,622.12,8.8274,35.01195,3.72743,1029.9662
ru29-20180812T0220,52,2018-08-16T19:40:56Z,8.02374904775838,82.54258304868021,613.24,613.24,8.9034,35.02162,3.73509,1029.9209
ru29-20180812T0220,52,2018-08-16T19:40:56Z,8.02374904775838,82.54258304868021,604.82,604.82,8.9771,35.02929,3.74237,1029.8763
ru29-20180812T0220,52,2018-08-16T19:40:56Z,8.02374904775838,82.54258304868021,596.0,596.0,9.0816,35.03567,3.75241,1029.8236
ru29-20180812T0220,52,2018-08-16T19:40:56Z,8.02374904775838,82.54258304868021,587.47,587.47,9.1335,35.038338,3.75717,1029.7783
ru29-20180812T0220,52,2018-08-16T19:40:56Z,8.02374904775838,82.54258304868021,578.66,578.66,9.1918,35.043365,3.76275,1029.7327
ru29-20180812T0220,52,2018-08-16T19:40:56Z,8.02374904775838,82.54258304868021,569.8,569.8,9.2382,35.04807,3.76718,1029.6885
ru29-20180812T0220,52,2018-08-16T19:40:56Z,8.02374904775838,82.54258304868021,560.68,560.68,9.3567,35.05781,3.77888,1029.6344
ru29-20180812T0220,52,2018-08-16T19:40:56Z,8.02374904775838,82.54258304868021,551.3,551.3,9.341,35.04975,3.77621,1029.5887
ru29-20180812T0220,52,2018-08-16T19:40:56Z,8.02374904775838,82.54258304868021,542.04,542.04,9.3651,35.049095,3.77801,1029.5425
ru29-20180812T0220,52,2018-08-16T19:40:56Z,8.02374904775838,82.54258304868021,532.57,532.57,9.5128,35.05064,3.79167,1029.4752
ru29-20180812T0220,52,2018-08-16T19:40:56Z,8.02374904775838,82.54258304868021,523.08,523.08,9.6188,35.065273,3.80268,1029.4253
ru29-20180812T0220,52,2018-08-16T19:40:56Z,8.02374904775838,82.54258304868021,513.53,513.53,9.5958,35.050274,3.79863,1029.3749
ru29-20180812T0220,52,2018-08-16T19:40:56Z,8.02374904775838,82.54258304868021,504.15,504.15,9.7177,35.052097,3.80991,1029.3125
ru29-20180812T0220,52,2018-08-16T19:40:56Z,8.02374904775838,82.54258304868021,494.44,494.44,9.9677,35.07551,3.83543,1029.2423
ru29-20180812T0220,52,2018-08-16T19:40:56Z,8.02374904775838,82.54258304868021,484.58,484.58,10.0306,35.078484,3.84125,1029.1891
ru29-20180812T0220,52,2018-08-16T19:40:56Z,8.02374904775838,82.54258304868021,474.75,474.75,9.996,35.056793,3.83541,1029.1345
ru29-20180812T0220,52,2018-08-16T19:40:56Z,8.02374904775838,82.54258304868021,465.19,465.19,10.1118,35.06447,3.84672,1029.0767
ru29-20180812T0220,52,2018-08-16T19:40:56Z,8.02374904775838,82.54258304868021,455.52,455.52,10.2302,35.06254,3.85734,1029.0104
ru29-20180812T0220,52,2018-08-16T19:40:56Z,8.02374904775838,82.54258304868021,446.17,446.17,10.3658,35.069122,3.87046,1028.9487
ru29-20180812T0220,52,2018-08-16T19:40:56Z,8.02374904775838,82.54258304868021,436.86,436.86,10.5339,35.078686,3.88699,1028.8835
ru29-20180812T0220,52,2018-08-16T19:40:56Z,8.02374904775838,82.54258304868021,427.43,427.43,10.7202,35.095573,3.90601,1028.8198
ru29-20180812T0220,52,2018-08-16T19:40:56Z,8.02374904775838,82.54258304868021,418.27,418.27,10.7389,35.08284,3.90612,1028.7655
ru29-20180812T0220,52,2018-08-16T19:40:56Z,8.02374904775838,82.54258304868021,409.34,409.34,10.7348,35.074673,3.90452,1028.72
ru29-20180812T0220,52,2018-08-16T19:40:56Z,8.02374904775838,82.54258304868021,400.42,400.42,10.6347,35.041363,3.89127,1028.6729
ru29-20180812T0220,52,2018-08-16T19:40:56Z,8.02374904775838,82.54258304868021,391.58,391.58,10.7141,35.043053,3.89861,1028.6199
ru29-20180812T0220,52,2018-08-16T19:40:56Z,8.02374904775838,82.54258304868021,382.88,382.88,10.8075,35.044876,3.90731,1028.565
ru29-20180812T0220,52,2018-08-16T19:40:56Z,8.02374904775838,82.54258304868021,374.3,374.3,10.9193,35.045013,3.91761,1028.5057
ru29-20180812T0220,52,2018-08-16T19:40:56Z,8.02374904775838,82.54258304868021,365.43,365.43,10.9908,35.045677,3.92411,1028.4531
ru29-20180812T0220,52,2018-08-16T19:40:56Z,8.02374904775838,82.54258304868021,356.79,356.79,11.0602,35.047897,3.93058,1028.4032
ru29-20180812T0220,52,2018-08-16T19:40:56Z,8.02374904775838,82.54258304868021,348.04,348.04,11.1519,35.046318,3.9388,1028.3455
ru29-20180812T0220,52,2018-08-16T19:40:56Z,8.02374904775838,82.54258304868021,339.44,339.44,11.2782,35.05095,3.95097,1028.2866
ru29-20180812T0220,52,2018-08-16T19:40:56Z,8.02374904775838,82.54258304868021,330.96,330.96,11.3305,35.05251,3.95576,1028.24
ru29-20180812T0220,52,2018-08-16T19:40:56Z,8.02374904775838,82.54258304868021,322.78,322.78,11.3464,35.050232,3.95669,1028.1986
ru29-20180812T0220,52,2018-08-16T19:40:56Z,8.02374904775838,82.54258304868021,314.38,314.38,11.4355,35.046032,3.96443,1028.1407
ru29-20180812T0220,52,2018-08-16T19:40:56Z,8.02374904775838,82.54258304868021,306.36,306.36,11.541,35.051254,3.97472,1028.0887
ru29-20180812T0220,52,2018-08-16T19:40:56Z,8.02374904775838,82.54258304868021,298.39,298.39,11.6039,35.041195,3.97938,1028.0332
ru29-20180812T0220,52,2018-08-16T19:40:56Z,8.02374904775838,82.54258304868021,290.33,290.33,11.6842,35.03471,3.98607,1027.9767
ru29-20180812T0220,52,2018-08-16T19:40:56Z,8.02374904775838,82.54258304868021,282.54,282.54,11.7883,35.04487,3.99676,1027.9296
ru29-20180812T0220,52,2018-08-16T19:40:56Z,8.02374904775838,82.54258304868021,274.65,274.65,11.8843,35.053474,4.00652,1027.8823
ru29-20180812T0220,52,2018-08-16T19:40:56Z,8.02374904775838,82.54258304868021,266.59,266.59,11.899,35.050674,4.00729,1027.8413
ru29-20180812T0220,52,2018-08-16T19:40:56Z,8.02374904775838,82.54258304868021,258.21,258.21,12.0139,35.0508,4.01799,1027.7815
ru29-20180812T0220,52,2018-08-16T19:40:56Z,8.02374904775838,82.54258304868021,249.82,249.82,12.171,35.051144,4.03279,1027.7134
ru29-20180812T0220,52,2018-08-16T19:40:56Z,8.02374904775838,82.54258304868021,241.21,241.21,12.2354,35.051647,4.03867,1027.6627
ru29-20180812T0220,52,2018-08-16T19:40:56Z,8.02374904775838,82.54258304868021,232.57,232.57,12.308,35.05096,4.04522,1027.6093
ru29-20180812T0220,52,2018-08-16T19:40:56Z,8.02374904775838,82.54258304868021,223.96,223.96,12.4801,35.04316,4.06065,1027.5305
ru29-20180812T0220,52,2018-08-16T19:40:56Z,8.02374904775838,82.54258304868021,214.73,214.73,12.6927,35.046238,4.08112,1027.449
ru29-20180812T0220,52,2018-08-16T19:40:56Z,8.02374904775838,82.54258304868021,205.05,205.05,12.8185,35.032627,4.09145,1027.3699
ru29-20180812T0220,52,2018-08-16T19:40:56Z,8.02374904775838,82.54258304868021,195.85,195.85,13.102,35.040638,4.11937,1027.2772
ru29-20180812T0220,52,2018-08-16T19:40:56Z,8.02374904775838,82.54258304868021,186.96,186.96,13.4117,35.01661,4.14653,1027.155
ru29-20180812T0220,52,2018-08-16T19:40:56Z,8.02374904775838,82.54258304868021,178.61,178.61,13.5934,35.013218,4.16348,1027.0774
ru29-20180812T0220,52,2018-08-16T19:40:56Z,8.02374904775838,82.54258304868021,170.62,170.62,13.6805,35.001026,4.17031,1027.0142
ru29-20180812T0220,52,2018-08-16T19:40:56Z,8.02374904775838,82.54258304868021,162.64,162.64,13.844,34.984844,4.18416,1026.9318
ru29-20180812T0220,52,2018-08-16T19:40:56Z,8.02374904775838,82.54258304868021,154.47,154.47,14.1882,34.968403,4.21562,1026.8094
ru29-20180812T0220,52,2018-08-16T19:40:56Z,8.02374904775838,82.54258304868021,146.89,146.89,14.5793,34.952198,4.25178,1026.6786
ru29-20180812T0220,52,2018-08-16T19:40:56Z,8.02374904775838,82.54258304868021,139.25,139.25,14.9397,34.9389,4.28532,1026.5554
ru29-20180812T0220,52,2018-08-16T19:40:56Z,8.02374904775838,82.54258304868021,132.14,132.14,15.4616,34.932785,4.33564,1026.4025
ru29-20180812T0220,52,2018-08-16T19:40:56Z,8.02374904775838,82.54258304868021,124.81,124.81,16.0893,34.915104,4.39528,1026.213
ru29-20180812T0220,52,2018-08-16T19:40:56Z,8.02374904775838,82.54258304868021,117.64,117.64,16.9125,34.879665,4.47252,1025.9608
ru29-20180812T0220,52,2018-08-16T19:40:56Z,8.02374904775838,82.54258304868021,111.26,111.26,17.2735,34.880016,4.50818,1025.8464
ru29-20180812T0220,52,2018-08-16T19:40:56Z,8.02374904775838,82.54258304868021,104.45,104.45,17.856,34.865227,4.56426,1025.663
ru29-20180812T0220,52,2018-08-16T19:40:56Z,8.02374904775838,82.54258304868021,97.27,97.27,18.365,34.859886,4.61425,1025.5009
ru29-20180812T0220,52,2018-08-16T19:40:56Z,8.02374904775838,82.54258304868021,90.56,90.56,19.2571,34.83552,4.70068,1025.2258
ru29-20180812T0220,52,2018-08-16T19:40:56Z,8.02374904775838,82.54258304868021,84.39,84.39,19.7925,34.8327,4.75408,1025.0573
ru29-20180812T0220,52,2018-08-16T19:40:56Z,8.02374904775838,82.54258304868021,77.82,77.82,20.6575,34.835682,4.84179,1024.8005
ru29-20180812T0220,52,2018-08-16T19:40:56Z,8.02374904775838,82.54258304868021,72.09,72.09,21.1633,34.83159,4.89248,1024.635
ru29-20180812T0220,52,2018-08-16T19:40:56Z,8.02374904775838,82.54258304868021,67.32,67.32,21.656,34.829834,4.94231,1024.4769
ru29-20180812T0220,52,2018-08-16T19:40:56Z,8.02374904775838,82.54258304868021,63.35,63.35,22.1506,34.832417,4.99306,1024.3232
ru29-20180812T0220,52,2018-08-16T19:40:56Z,8.02374904775838,82.54258304868021,58.99,58.99,22.7592,34.826523,5.05456,1024.1268
ru29-20180812T0220,52,2018-08-16T19:40:56Z,8.02374904775838,82.54258304868021,54.95,54.95,23.2652,34.76015,5.0978,1023.91296
ru29-20180812T0220,52,2018-08-16T19:40:56Z,8.02374904775838,82.54258304868021,49.03,49.03,25.006,34.485806,5.24042,1023.16235
ru29-20180812T0220,52,2018-08-16T19:40:56Z,8.02374904775838,82.54258304868021,44.58,44.58,27.2632,33.92551,5.39517,1022.01624
ru29-20180812T0220,53,2018-08-16T21:09:26Z,8.01997175152261,82.55752361160033,44.58,44.58,27.2632,33.92551,5.39517,1022.01624
ru29-20180812T0220,53,2018-08-16T21:09:26Z,8.01997175152261,82.55752361160033,53.78,53.78,22.9293,34.844463,5.07415,1024.069
ru29-20180812T0220,53,2018-08-16T21:09:26Z,8.01997175152261,82.55752361160033,68.79,68.79,21.3846,34.87088,4.91983,1024.5896
ru29-20180812T0220,53,2018-08-16T21:09:26Z,8.01997175152261,82.55752361160033,81.44,81.44,20.1427,34.870872,4.79405,1024.981
ru29-20180812T0220,53,2018-08-16T21:09:26Z,8.01997175152261,82.55752361160033,93.19,93.19,19.0494,34.873848,4.68448,1025.3201
ru29-20180812T0220,53,2018-08-16T21:09:26Z,8.01997175152261,82.55752361160033,103.91,103.91,18.0401,34.89167,4.58574,1025.6354
ru29-20180812T0220,53,2018-08-16T21:09:26Z,8.01997175152261,82.55752361160033,112.82,112.82,17.6876,34.891766,4.5509,1025.7615
ru29-20180812T0220,53,2018-08-16T21:09:26Z,8.01997175152261,82.55752361160033,121.57,121.57,16.9218,34.909134,4.47699,1025.9985
ru29-20180812T0220,53,2018-08-16T21:09:26Z,8.01997175152261,82.55752361160033,130.34,130.34,15.7466,34.952187,4.36582,1026.3447
ru29-20180812T0220,53,2018-08-16T21:09:26Z,8.01997175152261,82.55752361160033,138.59,138.59,14.8559,34.97602,4.28113,1026.5996
ru29-20180812T0220,53,2018-08-16T21:09:26Z,8.01997175152261,82.55752361160033,146.7,146.7,14.4188,34.980217,4.2391,1026.7343
ru29-20180812T0220,53,2018-08-16T21:09:26Z,8.01997175152261,82.55752361160033,155.05,155.05,14.0514,34.98954,4.20456,1026.8575
ru29-20180812T0220,53,2018-08-16T21:09:26Z,8.01997175152261,82.55752361160033,163.19,163.19,13.9581,34.99528,4.19643,1026.918
ru29-20180812T0220,53,2018-08-16T21:09:26Z,8.01997175152261,82.55752361160033,171.19,171.19,13.7347,35.007725,4.17633,1027.0105
ru29-20180812T0220,53,2018-08-16T21:09:26Z,8.01997175152261,82.55752361160033,179.15,179.15,13.6281,35.02127,4.16774,1027.0787
ru29-20180812T0220,53,2018-08-16T21:09:26Z,8.01997175152261,82.55752361160033,187.33,187.33,13.3889,35.03097,4.14585,1027.1726
ru29-20180812T0220,53,2018-08-16T21:09:26Z,8.01997175152261,82.55752361160033,195.64,195.64,13.17,35.038136,4.1257,1027.2604
ru29-20180812T0220,53,2018-08-16T21:09:26Z,8.01997175152261,82.55752361160033,203.83,203.83,12.8361,35.04439,4.09433,1027.37
ru29-20180812T0220,53,2018-08-16T21:09:26Z,8.01997175152261,82.55752361160033,212.0,212.0,12.6963,35.045498,4.08127,1027.4355
ru29-20180812T0220,53,2018-08-16T21:09:26Z,8.01997175152261,82.55752361160033,219.55,219.55,12.5237,35.054745,4.06587,1027.5111
ru29-20180812T0220,53,2018-08-16T21:09:26Z,8.01997175152261,82.55752361160033,227.29,227.29,12.4203,35.060337,4.0568,1027.5706
ru29-20180812T0220,53,2018-08-16T21:09:26Z,8.01997175152261,82.55752361160033,234.86,234.86,12.3206,35.06211,4.04769,1027.6255
ru29-20180812T0220,53,2018-08-16T21:09:26Z,8.01997175152261,82.55752361160033,242.51,242.51,12.2366,35.0585,4.03955,1027.6736
ru29-20180812T0220,53,2018-08-16T21:09:26Z,8.01997175152261,82.55752361160033,250.19,250.19,12.1244,35.05898,4.02912,1027.7303
ru29-20180812T0220,53,2018-08-16T21:09:26Z,8.01997175152261,82.55752361160033,258.22,258.22,12.0342,35.058735,4.02076,1027.7837
ru29-20180812T0220,53,2018-08-16T21:09:26Z,8.01997175152261,82.55752361160033,266.42,266.42,11.8298,35.046307,4.00018,1027.8506
ru29-20180812T0220,53,2018-08-16T21:09:26Z,8.01997175152261,82.55752361160033,274.89,274.89,11.8118,35.042625,3.99845,1027.8892
ru29-20180812T0220,53,2018-08-16T21:09:26Z,8.01997175152261,82.55752361160033,283.32,283.32,11.7732,35.04043,3.99489,1027.9326
ru29-20180812T0220,53,2018-08-16T21:09:26Z,8.01997175152261,82.55752361160033,291.63,291.63,11.7002,35.03467,3.98766,1027.9794
ru29-20180812T0220,53,2018-08-16T21:09:26Z,8.01997175152261,82.55752361160033,299.95,299.95,11.6353,35.039005,3.98224,1028.0325
ru29-20180812T0220,53,2018-08-16T21:09:26Z,8.01997175152261,82.55752361160033,308.03,308.03,11.5459,35.052197,3.97536,1028.096
ru29-20180812T0220,53,2018-08-16T21:09:26Z,8.01997175152261,82.55752361160033,316.34,316.34,11.467,35.054653,3.96841,1028.1501
ru29-20180812T0220,53,2018-08-16T21:09:26Z,8.01997175152261,82.55752361160033,324.41,324.41,11.3839,35.055523,3.96089,1028.2029
ru29-20180812T0220,53,2018-08-16T21:09:26Z,8.01997175152261,82.55752361160033,332.4,332.4,11.2811,35.048515,3.95069,1028.2527
ru29-20180812T0220,53,2018-08-16T21:09:26Z,8.01997175152261,82.55752361160033,340.32,340.32,11.2261,35.04914,3.94584,1028.2991
ru29-20180812T0220,53,2018-08-16T21:09:26Z,8.01997175152261,82.55752361160033,348.09,348.09,11.1422,35.053627,3.93861,1028.3533
ru29-20180812T0220,53,2018-08-16T21:09:26Z,8.01997175152261,82.55752361160033,355.69,355.69,11.0501,35.05052,3.92983,1028.4022
ru29-20180812T0220,53,2018-08-16T21:09:26Z,8.01997175152261,82.55752361160033,363.17,363.17,10.9402,35.051582,3.91977,1028.4572
ru29-20180812T0220,53,2018-08-16T21:09:26Z,8.01997175152261,82.55752361160033,370.48,370.48,10.8676,35.046642,3.91267,1028.4996
ru29-20180812T0220,53,2018-08-16T21:09:26Z,8.01997175152261,82.55752361160033,377.71,377.71,10.8041,35.047813,3.90705,1028.5447
ru29-20180812T0220,53,2018-08-16T21:09:26Z,8.01997175152261,82.55752361160033,385.04,385.04,10.8136,35.06954,3.91045,1028.5927
ru29-20180812T0220,53,2018-08-16T21:09:26Z,8.01997175152261,82.55752361160033,391.94,391.94,10.8488,35.090004,3.91616,1028.6328
ru29-20180812T0220,53,2018-08-16T21:09:26Z,8.01997175152261,82.55752361160033,398.75,398.75,10.8063,35.094776,3.91288,1028.6749
ru29-20180812T0220,53,2018-08-16T21:09:26Z,8.01997175152261,82.55752361160033,405.86,405.86,10.6479,35.077976,3.89641,1028.7231
ru29-20180812T0220,53,2018-08-16T21:09:26Z,8.01997175152261,82.55752361160033,412.99,412.99,10.5724,35.07363,3.8891,1028.7657
ru29-20180812T0220,53,2018-08-16T21:09:26Z,8.01997175152261,82.55752361160033,419.94,419.94,10.5368,35.076984,3.88635,1028.806
ru29-20180812T0220,53,2018-08-16T21:09:26Z,8.01997175152261,82.55752361160033,427.12,427.12,10.4048,35.077442,3.87415,1028.8628
ru29-20180812T0220,53,2018-08-16T21:09:26Z,8.01997175152261,82.55752361160033,434.42,434.42,10.3643,35.07703,3.87058,1028.9026
ru29-20180812T0220,53,2018-08-16T21:09:26Z,8.01997175152261,82.55752361160033,441.81,441.81,10.2612,35.074318,3.86084,1028.9524
ru29-20180812T0220,53,2018-08-16T21:09:26Z,8.01997175152261,82.55752361160033,449.05,449.05,10.1001,35.06724,3.84517,1029.0087
ru29-20180812T0220,53,2018-08-16T21:09:26Z,8.01997175152261,82.55752361160033,456.11,456.11,10.0756,35.063595,3.8428,1029.0419
ru29-20180812T0220,53,2018-08-16T21:09:26Z,8.01997175152261,82.55752361160033,463.16,463.16,10.1581,35.097473,3.85427,1029.0848
ru29-20180812T0220,53,2018-08-16T21:09:26Z,8.01997175152261,82.55752361160033,470.42,470.42,9.9996,35.074543,3.8373,1029.1283
ru29-20180812T0220,53,2018-08-16T21:09:26Z,8.01997175152261,82.55752361160033,477.71,477.71,9.8882,35.069057,3.82653,1029.1768
ru29-20180812T0220,53,2018-08-16T21:09:26Z,8.01997175152261,82.55752361160033,485.24,485.24,9.7653,35.06321,3.81466,1029.2279
ru29-20180812T0220,53,2018-08-16T21:09:26Z,8.01997175152261,82.55752361160033,492.8,492.8,9.68,35.059322,3.80655,1029.2739
ru29-20180812T0220,53,2018-08-16T21:09:26Z,8.01997175152261,82.55752361160033,500.28,500.28,9.616,35.05929,3.80083,1029.3188
ru29-20180812T0220,53,2018-08-16T21:09:26Z,8.01997175152261,82.55752361160033,507.57,507.57,9.4375,35.03569,3.78202,1029.3646
ru29-20180812T0220,53,2018-08-16T21:09:26Z,8.01997175152261,82.55752361160033,515.14,515.14,9.4551,35.04682,3.78509,1029.4042
ru29-20180812T0220,53,2018-08-16T21:09:26Z,8.01997175152261,82.55752361160033,522.77,522.77,9.3607,35.037735,3.77565,1029.4479
ru29-20180812T0220,53,2018-08-16T21:09:26Z,8.01997175152261,82.55752361160033,530.21,530.21,9.2883,35.028927,3.76831,1029.487
ru29-20180812T0220,53,2018-08-16T21:09:26Z,8.01997175152261,82.55752361160033,537.78,537.78,9.2776,35.0382,3.76853,1029.5302
ru29-20180812T0220,53,2018-08-16T21:09:26Z,8.01997175152261,82.55752361160033,545.52,545.52,9.2877,35.05229,3.77118,1029.5741
ru29-20180812T0220,53,2018-08-16T21:09:26Z,8.01997175152261,82.55752361160033,553.15,553.15,9.2187,35.0443,3.76425,1029.6141
ru29-20180812T0220,53,2018-08-16T21:09:26Z,8.01997175152261,82.55752361160033,560.88,560.88,9.1556,35.037918,3.75804,1029.6549
ru29-20180812T0220,53,2018-08-16T21:09:26Z,8.01997175152261,82.55752361160033,568.88,568.88,9.0764,35.030975,3.75028,1029.6991
ru29-20180812T0220,53,2018-08-16T21:09:26Z,8.01997175152261,82.55752361160033,576.58,576.58,8.9544,35.016224,3.73775,1029.7433
ru29-20180812T0220,53,2018-08-16T21:09:26Z,8.01997175152261,82.55752361160033,584.31,584.31,8.9393,35.018917,3.73693,1029.7827
ru29-20180812T0220,53,2018-08-16T21:09:26Z,8.01997175152261,82.55752361160033,591.81,591.81,8.9632,35.02339,3.73993,1029.8157
ru29-20180812T0220,53,2018-08-16T21:09:26Z,8.01997175152261,82.55752361160033,599.22,599.22,8.9388,35.02626,3.73824,1029.8555
ru29-20180812T0220,53,2018-08-16T21:09:26Z,8.01997175152261,82.55752361160033,606.65,606.65,8.9092,35.028366,3.73599,1029.8955
ru29-20180812T0220,53,2018-08-16T21:09:26Z,8.01997175152261,82.55752361160033,614.09,614.09,8.8578,35.027267,3.73139,1029.9369
ru29-20180812T0220,53,2018-08-16T21:09:26Z,8.01997175152261,82.55752361160033,621.28,621.28,8.7836,35.022026,3.72425,1029.9778
ru29-20180812T0220,53,2018-08-16T21:09:26Z,8.01997175152261,82.55752361160033,628.69,628.69,8.7078,35.01431,3.71674,1030.0181
ru29-20180812T0220,53,2018-08-16T21:09:26Z,8.01997175152261,82.55752361160033,635.55,635.55,8.6454,35.011887,3.71097,1030.0576
ru29-20180812T0220,53,2018-08-16T21:09:26Z,8.01997175152261,82.55752361160033,642.49,642.49,8.5959,35.005844,3.70607,1030.0924
ru29-20180812T0220,53,2018-08-16T21:09:26Z,8.01997175152261,82.55752361160033,649.3,649.3,8.5883,35.002186,3.70531,1030.1215
ru29-20180812T0220,53,2018-08-16T21:09:26Z,8.01997175152261,82.55752361160033,656.16,656.16,8.5821,35.001656,3.70498,1030.153
ru29-20180812T0220,53,2018-08-16T21:09:26Z,8.01997175152261,82.55752361160033,663.12,663.12,8.5421,35.00213,3.70159,1030.1913
ru29-20180812T0220,53,2018-08-16T21:09:26Z,8.01997175152261,82.55752361160033,669.67,669.67,8.4225,34.99372,3.68991,1030.2344
ru29-20180812T0220,53,2018-08-16T21:09:26Z,8.01997175152261,82.55752361160033,676.32,676.32,8.3598,34.997326,3.68469,1030.2777
ru29-20180812T0220,53,2018-08-16T21:09:26Z,8.01997175152261,82.55752361160033,683.11,683.11,8.3145,34.9988,3.6809,1030.3169
ru29-20180812T0220,53,2018-08-16T21:09:26Z,8.01997175152261,82.55752361160033,689.71,689.71,8.3098,35.006012,3.68143,1030.353
ru29-20180812T0220,53,2018-08-16T21:09:26Z,8.01997175152261,82.55752361160033,696.36,696.36,8.2601,35.00627,3.67711,1030.3914
ru29-20180812T0220,53,2018-08-16T21:09:26Z,8.01997175152261,82.55752361160033,702.87,702.87,8.2229,34.998978,3.67324,1030.4213
ru29-20180812T0220,53,2018-08-16T21:09:26Z,8.01997175152261,82.55752361160033,709.32,709.32,8.1928,34.997204,3.67055,1030.4539
ru29-20180812T0220,53,2018-08-16T21:09:26Z,8.01997175152261,82.55752361160033,715.8,715.8,8.1549,34.99441,3.66704,1030.487
ru29-20180812T0220,53,2018-08-16T21:09:26Z,8.01997175152261,82.55752361160033,722.18,722.18,8.1454,34.992355,3.66624,1030.5157
ru29-20180812T0220,53,2018-08-16T21:09:26Z,8.01997175152261,82.55752361160033,728.85,728.85,8.1077,34.992767,3.66306,1030.5524
ru29-20180812T0220,53,2018-08-16T21:09:26Z,8.01997175152261,82.55752361160033,735.36,735.36,8.0872,34.99495,3.66164,1030.5867
ru29-20180812T0220,53,2018-08-16T21:09:26Z,8.01997175152261,82.55752361160033,741.88,741.88,8.0497,34.99341,3.65829,1030.621
ru29-20180812T0220,53,2018-08-16T21:09:26Z,8.01997175152261,82.55752361160033,748.17,748.17,8.025,34.992596,3.65619,1030.6527
ru29-20180812T0220,53,2018-08-16T21:09:26Z,8.01997175152261,82.55752361160033,754.47,754.47,8.0125,34.991936,3.65524,1030.6826
ru29-20180812T0220,53,2018-08-16T21:09:26Z,8.01997175152261,82.55752361160033,760.65,760.65,7.9391,34.99295,3.64878,1030.7234
ru29-20180812T0220,53,2018-08-16T21:09:26Z,8.01997175152261,82.55752361160033,766.92,766.92,7.8474,34.987877,3.64006,1030.7627
ru29-20180812T0220,53,2018-08-16T21:09:26Z,8.01997175152261,82.55752361160033,773.31,773.31,7.8213,34.984932,3.63764,1030.7935
ru29-20180812T0220,53,2018-08-16T21:09:26Z,8.01997175152261,82.55752361160033,779.58,779.58,7.8113,34.984455,3.63694,1030.8229
ru29-20180812T0220,53,2018-08-16T21:09:26Z,8.01997175152261,82.55752361160033,785.98,785.98,7.777,34.98258,3.63386,1030.8558
ru29-20180812T0220,53,2018-08-16T21:09:26Z,8.01997175152261,82.55752361160033,792.5,792.5,7.7416,34.98366,3.63096,1030.8918
ru29-20180812T0220,53,2018-08-16T21:09:26Z,8.01997175152261,82.55752361160033,798.95,798.95,7.7013,34.98245,3.62739,1030.9265
ru29-20180812T0220,53,2018-08-16T21:09:26Z,8.01997175152261,82.55752361160033,805.42,805.42,7.6936,34.982807,3.62699,1030.957
ru29-20180812T0220,53,2018-08-16T21:09:26Z,8.01997175152261,82.55752361160033,812.05,812.05,7.6099,34.981075,3.61936,1030.9993
ru29-20180812T0220,53,2018-08-16T21:09:26Z,8.01997175152261,82.55752361160033,818.76,818.76,7.5511,34.979187,3.61403,1031.0375
ru29-20180812T0220,53,2018-08-16T21:09:26Z,8.01997175152261,82.55752361160033,825.48,825.48,7.4887,34.976532,3.6083,1031.0758
ru29-20180812T0220,53,2018-08-16T21:09:26Z,8.01997175152261,82.55752361160033,832.19,832.19,7.46,34.974308,3.60573,1031.1089
ru29-20180812T0220,53,2018-08-16T21:09:26Z,8.01997175152261,82.55752361160033,838.92,838.92,7.4283,34.973988,3.60306,1031.144
ru29-20180812T0220,53,2018-08-16T21:09:26Z,8.01997175152261,82.55752361160033,845.71,845.71,7.3708,34.97054,3.59772,1031.1812
ru29-20180812T0220,53,2018-08-16T21:09:26Z,8.01997175152261,82.55752361160033,852.54,852.54,7.3429,34.96926,3.59532,1031.2153
ru29-20180812T0220,53,2018-08-16T21:09:26Z,8.01997175152261,82.55752361160033,859.38,859.38,7.3162,34.96775,3.59301,1031.2493
ru29-20180812T0220,53,2018-08-16T21:09:26Z,8.01997175152261,82.55752361160033,866.27,866.27,7.2795,34.96646,3.5898,1031.2852
ru29-20180812T0220,53,2018-08-16T21:09:26Z,8.01997175152261,82.55752361160033,873.24,873.24,7.1979,34.962868,3.58224,1031.3268
ru29-20180812T0220,53,2018-08-16T21:09:26Z,8.01997175152261,82.55752361160033,879.95,879.95,7.1412,34.95916,3.57696,1031.3632
ru29-20180812T0220,53,2018-08-16T21:09:26Z,8.01997175152261,82.55752361160033,886.68,886.68,7.0656,34.95487,3.56989,1031.4021
ru29-20180812T0220,53,2018-08-16T21:09:26Z,8.01997175152261,82.55752361160033,893.59,893.59,7.0387,34.95432,3.56766,1031.4371
ru29-20180812T0220,53,2018-08-16T21:09:26Z,8.01997175152261,82.55752361160033,900.27,900.27,6.9227,34.94763,3.55666,1031.4803
ru29-20180812T0220,53,2018-08-16T21:09:26Z,8.01997175152261,82.55752361160033,907.08,907.08,6.8901,34.947575,3.55395,1031.5161
ru29-20180812T0220,53,2018-08-16T21:09:26Z,8.01997175152261,82.55752361160033,913.92,913.92,6.8581,34.950726,3.55159,1031.5543
ru29-20180812T0220,53,2018-08-16T21:09:26Z,8.01997175152261,82.55752361160033,920.8,920.8,6.8423,34.95123,3.55048,1031.5883
ru29-20180812T0220,53,2018-08-16T21:09:26Z,8.01997175152261,82.55752361160033,927.81,927.81,6.7711,34.946075,3.54377,1031.627
ru29-20180812T0220,53,2018-08-16T21:09:26Z,8.01997175152261,82.55752361160033,934.85,934.85,6.7607,34.945873,3.5431,1031.6602
ru29-20180812T0220,53,2018-08-16T21:09:26Z,8.01997175152261,82.55752361160033,941.87,941.87,6.7607,34.94552,3.54337,1031.6914
ru29-20180812T0220,53,2018-08-16T21:09:26Z,8.01997175152261,82.55752361160033,948.88,948.88,6.7465,34.945217,3.54234,1031.725
ru29-20180812T0220,53,2018-08-16T21:09:26Z,8.01997175152261,82.55752361160033,955.7,955.7,6.6593,34.937737,3.53395,1031.7635
ru29-20180812T0220,53,2018-08-16T21:09:26Z,8.01997175152261,82.55752361160033,960.09,960.09,6.6299,34.932312,3.53095,1031.7837
ru29-20180812T0220,54,2018-08-16T22:40:36Z,8.016079780361785,82.57291775502502,960.09,960.09,6.6299,34.932312,3.53095,1031.7837
ru29-20180812T0220,54,2018-08-16T22:40:36Z,8.016079780361785,82.57291775502502,958.85,958.85,6.6375,34.934036,3.53175,1031.7782
ru29-20180812T0220,54,2018-08-16T22:40:36Z,8.016079780361785,82.57291775502502,952.31,952.31,6.7303,34.941364,3.54065,1031.74
ru29-20180812T0220,54,2018-08-16T22:40:36Z,8.016079780361785,82.57291775502502,942.67,942.67,6.7619,34.94448,3.54342,1031.6941
ru29-20180812T0220,54,2018-08-16T22:40:36Z,8.016079780361785,82.57291775502502,932.93,932.93,6.7687,34.943653,3.54355,1031.6484
ru29-20180812T0220,54,2018-08-16T22:40:36Z,8.016079780361785,82.57291775502502,922.93,922.93,6.8444,34.947445,3.55042,1031.5945
ru29-20180812T0220,54,2018-08-16T22:40:36Z,8.016079780361785,82.57291775502502,913.04,913.04,6.8887,34.943756,3.55373,1031.5402
ru29-20180812T0220,54,2018-08-16T22:40:36Z,8.016079780361785,82.57291775502502,902.85,902.85,7.0009,34.94624,3.56384,1031.4785
ru29-20180812T0220,54,2018-08-16T22:40:36Z,8.016079780361785,82.57291775502502,892.88,892.88,7.0753,34.95169,3.57076,1031.426
ru29-20180812T0220,54,2018-08-16T22:40:36Z,8.016079780361785,82.57291775502502,882.84,882.84,7.172,34.95769,3.57979,1031.3701
ru29-20180812T0220,54,2018-08-16T22:40:36Z,8.016079780361785,82.57291775502502,872.93,872.93,7.2677,34.963,3.58868,1031.3143
ru29-20180812T0220,54,2018-08-16T22:40:36Z,8.016079780361785,82.57291775502502,863.13,863.13,7.3506,34.96645,3.59623,1031.2595
ru29-20180812T0220,54,2018-08-16T22:40:36Z,8.016079780361785,82.57291775502502,853.46,853.46,7.3901,34.96784,3.59959,1031.2108
ru29-20180812T0220,54,2018-08-16T22:40:36Z,8.016079780361785,82.57291775502502,843.48,843.48,7.4562,34.971634,3.60562,1031.1582
ru29-20180812T0220,54,2018-08-16T22:40:36Z,8.016079780361785,82.57291775502502,833.54,833.54,7.4962,34.97315,3.60903,1031.1082
ru29-20180812T0220,54,2018-08-16T22:40:36Z,8.016079780361785,82.57291775502502,823.72,823.72,7.6245,34.976463,3.62079,1031.0457
ru29-20180812T0220,54,2018-08-16T22:40:36Z,8.016079780361785,82.57291775502502,813.71,813.71,7.6832,34.97909,3.62604,1030.9932
ru29-20180812T0220,54,2018-08-16T22:40:36Z,8.016079780361785,82.57291775502502,803.79,803.79,7.7443,34.980328,3.63139,1030.9395
ru29-20180812T0220,54,2018-08-16T22:40:36Z,8.016079780361785,82.57291775502502,793.87,793.87,7.7809,34.979313,3.63426,1030.8881
ru29-20180812T0220,54,2018-08-16T22:40:36Z,8.016079780361785,82.57291775502502,783.97,783.97,7.8105,34.98181,3.63681,1030.8407
ru29-20180812T0220,54,2018-08-16T22:40:36Z,8.016079780361785,82.57291775502502,773.93,773.93,7.8192,34.982014,3.6372,1030.7943
ru29-20180812T0220,54,2018-08-16T22:40:36Z,8.016079780361785,82.57291775502502,763.98,763.98,7.9328,34.987076,3.64779,1030.7347
ru29-20180812T0220,54,2018-08-16T22:40:36Z,8.016079780361785,82.57291775502502,753.88,753.88,8.0163,34.9894,3.65533,1030.6774
ru29-20180812T0220,54,2018-08-16T22:40:36Z,8.016079780361785,82.57291775502502,743.83,743.83,8.0329,34.990715,3.65656,1030.6305
ru29-20180812T0220,54,2018-08-16T22:40:36Z,8.016079780361785,82.57291775502502,733.75,733.75,8.079,34.992424,3.66057,1030.5789
ru29-20180812T0220,54,2018-08-16T22:40:36Z,8.016079780361785,82.57291775502502,723.98,723.98,8.1003,34.989902,3.66189,1030.5294
ru29-20180812T0220,54,2018-08-16T22:40:36Z,8.016079780361785,82.57291775502502,714.09,714.09,8.1269,34.988464,3.6638,1030.4795
ru29-20180812T0220,54,2018-08-16T22:40:36Z,8.016079780361785,82.57291775502502,703.93,703.93,8.1387,34.989155,3.66452,1030.4324
ru29-20180812T0220,54,2018-08-16T22:40:36Z,8.016079780361785,82.57291775502502,693.68,693.68,8.1793,34.987736,3.66772,1030.3784
ru29-20180812T0220,54,2018-08-16T22:40:36Z,8.016079780361785,82.57291775502502,683.29,683.29,8.2429,34.99612,3.67398,1030.3276
ru29-20180812T0220,54,2018-08-16T22:40:36Z,8.016079780361785,82.57291775502502,672.66,672.66,8.2767,34.996902,3.67674,1030.2748
ru29-20180812T0220,54,2018-08-16T22:40:36Z,8.016079780361785,82.57291775502502,662.08,662.08,8.3255,34.98759,3.67995,1030.2118
ru29-20180812T0220,54,2018-08-16T22:40:36Z,8.016079780361785,82.57291775502502,651.57,651.57,8.4137,34.989094,3.68786,1030.151
ru29-20180812T0220,54,2018-08-16T22:40:36Z,8.016079780361785,82.57291775502502,641.02,641.02,8.4787,34.990402,3.69359,1030.0936
ru29-20180812T0220,54,2018-08-16T22:40:36Z,8.016079780361785,82.57291775502502,630.52,630.52,8.6033,34.9967,3.70537,1030.0303
ru29-20180812T0220,54,2018-08-16T22:40:36Z,8.016079780361785,82.57291775502502,620.14,620.14,8.7339,35.0119,3.71858,1029.9733
ru29-20180812T0220,54,2018-08-16T22:40:36Z,8.016079780361785,82.57291775502502,609.77,609.77,8.8011,35.0205,3.72524,1029.922
ru29-20180812T0220,54,2018-08-16T22:40:36Z,8.016079780361785,82.57291775502502,599.71,599.71,8.8471,35.02343,3.72939,1029.8712
ru29-20180812T0220,54,2018-08-16T22:40:36Z,8.016079780361785,82.57291775502502,589.8,589.8,8.8538,35.02109,3.72936,1029.8237
ru29-20180812T0220,54,2018-08-16T22:40:36Z,8.016079780361785,82.57291775502502,579.86,579.86,8.9184,35.026302,3.73548,1029.7721
ru29-20180812T0220,54,2018-08-16T22:40:36Z,8.016079780361785,82.57291775502502,570.07,570.07,8.9144,35.01328,3.73343,1029.7186
ru29-20180812T0220,54,2018-08-16T22:40:36Z,8.016079780361785,82.57291775502502,560.41,560.41,8.9742,35.0127,3.73856,1029.6644
ru29-20180812T0220,54,2018-08-16T22:40:36Z,8.016079780361785,82.57291775502502,550.84,550.84,9.0659,35.020233,3.74747,1029.6116
ru29-20180812T0220,54,2018-08-16T22:40:36Z,8.016079780361785,82.57291775502502,541.45,541.45,9.1396,35.025524,3.75449,1029.5608
ru29-20180812T0220,54,2018-08-16T22:40:36Z,8.016079780361785,82.57291775502502,531.83,531.83,9.1844,35.022522,3.75799,1029.5074
ru29-20180812T0220,54,2018-08-16T22:40:36Z,8.016079780361785,82.57291775502502,522.55,522.55,9.2322,35.02245,3.76207,1029.4574
ru29-20180812T0220,54,2018-08-16T22:40:36Z,8.016079780361785,82.57291775502502,513.33,513.33,9.2988,35.023792,3.76806,1029.4055
ru29-20180812T0220,54,2018-08-16T22:40:36Z,8.016079780361785,82.57291775502502,504.0,504.0,9.3742,35.029198,3.77527,1029.3546
ru29-20180812T0220,54,2018-08-16T22:40:36Z,8.016079780361785,82.57291775502502,494.87,494.87,9.5096,35.034157,3.78811,1029.2938
ru29-20180812T0220,54,2018-08-16T22:40:36Z,8.016079780361785,82.57291775502502,485.71,485.71,9.6816,35.05759,3.80622,1029.2406
ru29-20180812T0220,54,2018-08-16T22:40:36Z,8.016079780361785,82.57291775502502,476.71,476.71,9.8078,35.07157,3.81912,1029.1886
ru29-20180812T0220,54,2018-08-16T22:40:36Z,8.016079780361785,82.57291775502502,467.8,467.8,9.8654,35.06073,3.82312,1029.1299
ru29-20180812T0220,54,2018-08-16T22:40:36Z,8.016079780361785,82.57291775502502,459.23,459.23,9.9302,35.057182,3.82853,1029.0771
ru29-20180812T0220,54,2018-08-16T22:40:36Z,8.016079780361785,82.57291775502502,450.82,450.82,10.1571,35.07175,3.8511,1029.0098
ru29-20180812T0220,54,2018-08-16T22:40:36Z,8.016079780361785,82.57291775502502,442.63,442.63,10.355,35.075222,3.86988,1028.9397
ru29-20180812T0220,54,2018-08-16T22:40:36Z,8.016079780361785,82.57291775502502,434.5,434.5,10.4146,35.0721,3.87488,1028.8899
ru29-20180812T0220,54,2018-08-16T22:40:36Z,8.016079780361785,82.57291775502502,426.7,426.7,10.5201,35.073875,3.88475,1028.8369
ru29-20180812T0220,54,2018-08-16T22:40:36Z,8.016079780361785,82.57291775502502,419.01,419.01,10.6071,35.070698,3.89238,1028.7839
ru29-20180812T0220,54,2018-08-16T22:40:36Z,8.016079780361785,82.57291775502502,411.5,411.5,10.7229,35.072357,3.90325,1028.7301
ru29-20180812T0220,54,2018-08-16T22:40:36Z,8.016079780361785,82.57291775502502,403.86,403.86,10.7488,35.067722,3.90492,1028.6875
ru29-20180812T0220,54,2018-08-16T22:40:36Z,8.016079780361785,82.57291775502502,396.3,396.3,10.9459,35.08702,3.92533,1028.6317
ru29-20180812T0220,54,2018-08-16T22:40:36Z,8.016079780361785,82.57291775502502,388.61,388.61,10.9754,35.09102,3.92821,1028.5948
ru29-20180812T0220,54,2018-08-16T22:40:36Z,8.016079780361785,82.57291775502502,380.82,380.82,10.9533,35.07472,3.92412,1028.5516
ru29-20180812T0220,54,2018-08-16T22:40:36Z,8.016079780361785,82.57291775502502,372.78,372.78,10.9445,35.04883,3.92033,1028.4972
ru29-20180812T0220,54,2018-08-16T22:40:36Z,8.016079780361785,82.57291775502502,364.41,364.41,11.0592,35.045586,3.93059,1028.4357
ru29-20180812T0220,54,2018-08-16T22:40:36Z,8.016079780361785,82.57291775502502,355.81,355.81,11.1485,35.041958,3.93838,1028.3774
ru29-20180812T0220,54,2018-08-16T22:40:36Z,8.016079780361785,82.57291775502502,347.05,347.05,11.1996,35.03492,3.94217,1028.3231
ru29-20180812T0220,54,2018-08-16T22:40:36Z,8.016079780361785,82.57291775502502,338.35,338.35,11.345,35.03296,3.9555,1028.2551
ru29-20180812T0220,54,2018-08-16T22:40:36Z,8.016079780361785,82.57291775502502,329.52,329.52,11.4212,35.03842,3.96296,1028.2053
ru29-20180812T0220,54,2018-08-16T22:40:36Z,8.016079780361785,82.57291775502502,320.43,320.43,11.5321,35.0545,3.97482,1028.1559
ru29-20180812T0220,54,2018-08-16T22:40:36Z,8.016079780361785,82.57291775502502,311.3,311.3,11.6494,35.05191,3.98541,1028.0905
ru29-20180812T0220,54,2018-08-16T22:40:36Z,8.016079780361785,82.57291775502502,302.37,302.37,11.7088,35.050743,3.9906,1028.0381
ru29-20180812T0220,54,2018-08-16T22:40:36Z,8.016079780361785,82.57291775502502,293.38,293.38,11.7094,35.042805,3.98945,1027.9917
ru29-20180812T0220,54,2018-08-16T22:40:36Z,8.016079780361785,82.57291775502502,284.27,284.27,11.7472,35.040287,3.99242,1027.9418
ru29-20180812T0220,54,2018-08-16T22:40:36Z,8.016079780361785,82.57291775502502,275.0,275.0,11.8388,35.04262,4.00105,1027.8844
ru29-20180812T0220,54,2018-08-16T22:40:36Z,8.016079780361785,82.57291775502502,265.72,265.72,11.9671,35.04253,4.01297,1027.8177
ru29-20180812T0220,54,2018-08-16T22:40:36Z,8.016079780361785,82.57291775502502,256.44,256.44,12.0178,35.049175,4.01812,1027.7716
ru29-20180812T0220,54,2018-08-16T22:40:36Z,8.016079780361785,82.57291775502502,247.14,247.14,12.0706,35.043022,4.02216,1027.715
ru29-20180812T0220,54,2018-08-16T22:40:36Z,8.016079780361785,82.57291775502502,238.33,238.33,12.1477,35.048393,4.02975,1027.6647
ru29-20180812T0220,54,2018-08-16T22:40:36Z,8.016079780361785,82.57291775502502,229.75,229.75,12.2353,35.0369,4.03663,1027.6001
ru29-20180812T0220,54,2018-08-16T22:40:36Z,8.016079780361785,82.57291775502502,221.34,221.34,12.3667,35.030872,4.04831,1027.5319
ru29-20180812T0220,54,2018-08-16T22:40:36Z,8.016079780361785,82.57291775502502,212.72,212.72,12.4701,35.032124,4.05804,1027.4738
ru29-20180812T0220,54,2018-08-16T22:40:36Z,8.016079780361785,82.57291775502502,203.91,203.91,12.712,35.030434,4.08086,1027.3846
ru29-20180812T0220,54,2018-08-16T22:40:36Z,8.016079780361785,82.57291775502502,194.63,194.63,12.8923,35.022915,4.09712,1027.3009
ru29-20180812T0220,54,2018-08-16T22:40:36Z,8.016079780361785,82.57291775502502,184.95,184.95,13.0833,35.018562,4.11475,1027.2155
ru29-20180812T0220,54,2018-08-16T22:40:36Z,8.016079780361785,82.57291775502502,175.53,175.53,13.3135,35.00585,4.13534,1027.1163
ru29-20180812T0220,54,2018-08-16T22:40:36Z,8.016079780361785,82.57291775502502,166.63,166.63,13.5482,35.013615,4.15859,1027.0339
ru29-20180812T0220,54,2018-08-16T22:40:36Z,8.016079780361785,82.57291775502502,159.09,159.09,13.8012,35.004776,4.18196,1026.9404
ru29-20180812T0220,54,2018-08-16T22:40:36Z,8.016079780361785,82.57291775502502,152.28,152.28,14.1488,34.98684,4.21366,1026.8224
ru29-20180812T0220,54,2018-08-16T22:40:36Z,8.016079780361785,82.57291775502502,145.33,145.33,14.6371,34.943363,4.25641,1026.6523
ru29-20180812T0220,54,2018-08-16T22:40:36Z,8.016079780361785,82.57291775502502,138.14,138.14,15.307,34.918327,4.31909,1026.4528
ru29-20180812T0220,54,2018-08-16T22:40:36Z,8.016079780361785,82.57291775502502,130.53,130.53,15.9107,34.907555,4.37704,1026.2737
ru29-20180812T0220,54,2018-08-16T22:40:36Z,8.016079780361785,82.57291775502502,122.65,122.65,16.588,34.893,4.44206,1026.0701
ru29-20180812T0220,54,2018-08-16T22:40:36Z,8.016079780361785,82.57291775502502,116.04,116.04,17.1122,34.878986,4.49222,1025.9055
ru29-20180812T0220,54,2018-08-16T22:40:36Z,8.016079780361785,82.57291775502502,110.05,110.05,17.5765,34.87111,4.53729,1025.7606
ru29-20180812T0220,54,2018-08-16T22:40:36Z,8.016079780361785,82.57291775502502,103.55,103.55,18.0451,34.86767,4.58341,1025.6141
ru29-20180812T0220,54,2018-08-16T22:40:36Z,8.016079780361785,82.57291775502502,96.38,96.38,18.7493,34.8435,4.65082,1025.3875
ru29-20180812T0220,54,2018-08-16T22:40:36Z,8.016079780361785,82.57291775502502,89.52,89.52,19.6376,34.82858,4.73816,1025.1171
ru29-20180812T0220,54,2018-08-16T22:40:36Z,8.016079780361785,82.57291775502502,82.8,82.8,20.1097,34.83555,4.78644,1024.9688
ru29-20180812T0220,54,2018-08-16T22:40:36Z,8.016079780361785,82.57291775502502,76.31,76.31,20.7711,34.836838,4.85341,1024.7642
ru29-20180812T0220,54,2018-08-16T22:40:36Z,8.016079780361785,82.57291775502502,70.77,70.77,21.5228,34.83104,4.92901,1024.5298
ru29-20180812T0220,54,2018-08-16T22:40:36Z,8.016079780361785,82.57291775502502,66.85,66.85,21.8836,34.812008,4.96329,1024.398
ru29-20180812T0220,54,2018-08-16T22:40:36Z,8.016079780361785,82.57291775502502,63.52,63.52,22.671,34.824177,5.04539,1024.1699
ru29-20180812T0220,54,2018-08-16T22:40:36Z,8.016079780361785,82.57291775502502,59.65,59.65,22.7977,34.820137,5.05772,1024.1138
ru29-20180812T0220,54,2018-08-16T22:40:36Z,8.016079780361785,82.57291775502502,54.18,54.18,23.2062,34.766,5.09246,1023.9312
ru29-20180812T0220,54,2018-08-16T22:40:36Z,8.016079780361785,82.57291775502502,48.05,48.05,25.2748,34.416878,5.25875,1023.0241
ru29-20180812T0220,54,2018-08-16T22:40:36Z,8.016079780361785,82.57291775502502,42.03,42.03,28.0183,33.73856,5.446,1021.6207
ru29-20180812T0220,54,2018-08-16T22:40:36Z,8.016079780361785,82.57291775502502,37.7,37.7,28.0577,33.74025,5.45011,1021.5906
ru29-20180812T0220,54,2018-08-16T22:40:36Z,8.016079780361785,82.57291775502502,33.32,33.32,28.0582,33.741634,5.45018,1021.5727
ru29-20180812T0220,54,2018-08-16T22:40:36Z,8.016079780361785,82.57291775502502,28.29,28.29,28.0567,33.74554,5.45038,1021.5545
ru29-20180812T0220,54,2018-08-16T22:40:36Z,8.016079780361785,82.57291775502502,23.25,23.25,28.0488,33.73766,5.44823,1021.52954
ru29-20180812T0220,54,2018-08-16T22:40:36Z,8.016079780361785,82.57291775502502,18.93,18.93,28.0477,33.738014,5.44799,1021.51166
ru29-20180812T0220,54,2018-08-16T22:40:36Z,8.016079780361785,82.57291775502502,14.72,14.72,28.0486,33.736973,5.44776,1021.4925
ru29-20180812T0220,54,2018-08-16T22:40:36Z,8.016079780361785,82.57291775502502,9.93,9.93,28.0432,33.73545,5.44679,1021.4726
ru29-20180812T0220,54,2018-08-16T22:40:36Z,8.016079780361785,82.57291775502502,4.91,4.91,28.0425,33.73551,5.44652,1021.4513
ru29-20180812T0220,54,2018-08-16T22:40:36Z,8.016079780361785,82.57291775502502,1.14,1.14,28.0338,33.738777,5.44594,1021.4404
